id,id_lect,description,topic,subtopic,question,level,answer1,answer2,answer3,answer4,file_name,file_ext,date,validate,validate_date,validate_by,newlevel,algorithmlevel,checked
79,41,"",14,,"What number is missing from the table?

$\begin{array}{ |l|c|c| } 
 \hline
 \text{Student} & \text{Frequency} & \text{Relative frequency} \\ 
\hline
\text{Bachelor} &900& 0.75 \\ 
\text{Master} &  & 0.15  \\ 
\text{PhD} & 120 & 0.1 \\ 
 \hline
\end{array}$",Basic,$180$,$150$,$1020$,$400$,,,2019-03-07 01:01:55+00,1,2019-04-08 17:34:43+00,37,1,3,1
80,41,"",14,,"The amount spent on entertainment in a month was recorded for a sample of five university students: $100€$, $90€$, $200€$, $325€$, and $120€$. Calculate the sample mean for the data.",Basic,$167 €$,$200 €$,$120 €$,$325 €$,,,2019-03-07 01:07:40+00,1,2019-04-08 17:36:46+00,37,1,3,1
81,41,"",14,,"The amount spent on entertainment in a month was recorded for a sample of five university students: $100€$, $90€$, $200€$, $325€$, and $120€$. Calculate the value of the sample median for the data.",Basic,$120 €$,$200 €$,$167 €$,$325 €$,,,2019-03-07 01:09:19+00,1,2019-04-08 17:37:54+00,37,1,3,1
82,39,"",4,3,Differentiate $\displaystyle{y = 2x\sin(x)}$.,Basic,$2\left(\sin\left(x\right)+x\cos\left(x\right)\right)$,$\left(\sin\left(2x\right)+x\cos\left(2x\right)\right)$,$2x\left(\sin\left(x\right)+x\cos\left(x\right)\right)$,$\left(2\sin\left(x\right)-2x\cos\left(x\right)\right)$,"","",2019-03-07 06:43:24+00,1,2019-04-30 05:34:33+00,37,1,1,1
83,42,"",3,39,The image of the function $f(x)=x^3+\log (x)$ is,Basic,$\mathbb{R}$,"$(0,+\infty)$","$[0,+\infty)$","$(-\infty,0)$",,,2019-03-11 01:38:11+00,1,2019-07-31 17:46:15+00,64,2,1,1
84,42,"",3,37,"Find the values of the parameter $\alpha\in\mathbb R$ for which the function
\[
f_\alpha\colon \mathbb R\setminus\{0\}\to\mathbb R \ \text{ given by } \ f_\alpha(x)=\frac{\alpha -\cos( x)}{x^2}
\]
may be extended to a function defined on the whole real line.",Basic,$\alpha=1$.,$\alpha=1/2$.,"$\alpha\in [-1,1]$.",There is no such value of $\alpha$.,,,2019-03-11 01:47:15+00,1,2019-09-26 06:34:18+00,61,5,3,1
85,42,"",3,37,"Find the values of the parameter $\alpha\in\mathbb R$ for which the function $f\colon\mathbb R\to\mathbb R$ defined by
\[
f(x)=
\begin{cases}
\cos (x) + \frac{\tan (x)}{x} & \text{if $x> 0$,}\\
\alpha \log(\operatorname{e} -x ) &\text{if $x\le  0$,}
\end{cases}
\],
where $\log$ denotes the logarithm with base $e$, is continuous.",Basic,$\alpha=2$.,$\alpha=0$.,$\alpha=1$.,The function is discontinuous at every point in $\mathbb{R}$.,,,2019-03-11 01:48:46+00,1,2019-11-26 11:56:32+00,38,3,2,1
86,42,"",3,39,"Determine which of these functions are periodic:
\[
f(x) = \sin(\operatorname{e}^x),\qquad g(x)=\operatorname{e}^{\sin (x)},\qquad h(x) = x - [x],\qquad i(x) = x+ [x],
\]
where $[x]=\max\{n\in\mathbb{Z}:n\le x\}$ denotes the integer part of $x$.",Advanced,$g$ and $h$.,$f$ and $g$.,$f$ and $i$.,$f$ and  $h$.,,,2019-03-11 01:49:57+00,1,2019-07-31 17:46:54+00,64,5,3,1
87,42,"",3,37,"Calculate
\[
\lim_{x\to+\infty} \frac{\cos (x+[x]) - \sin(x-[x])}{x+[x]},
\]
where $[x]=\max\{n\in\mathbb{Z}:n\le x\}$ denotes the integer part of $x$.",Advanced,$0$.,$+\infty$.,$-\infty$.,The limit does not exist.,,,2019-03-11 01:50:55+00,1,2019-04-28 11:11:12+00,37,3,1,1
88,43,"",18,9,"Discuss the solution of the following linear system:
$$\begin{cases}
3x & + & 2y & - & z & + & 2t & = & 1\\
x & - & y & + &2 z & - & 4t & = & -1\\
-x & - & 2y & - & z & + & t & = & 0\\
2x & + & 3y & - & 2z & + & t & = & 2
\end{cases}$$",Basic,The system has a unique solution.,The system has no solutions.,The system has infinitely many solutions depending on one parameter.,The system has three solutions.,,,2019-03-11 04:19:53+00,1,2019-04-06 17:26:33+00,37,3,4,1
89,43,"",18,9,"How many solutions does the following linear system have?
$$\begin{cases}
2x & + & 3y & - & z & = & 1 \\
x & - & y & + & 4z & = & -2 \\
x & - & 6y & + & 13z & = & -7
\end{cases}$$",Basic,The system has infinitely many solutions depending on one parameter.,The system has no solutions.,The system has two solutions.,The system has a unique solution.,,,2019-03-11 04:25:11+00,1,2019-04-06 09:58:54+00,38,2,5,1
90,43,"",18,9,"How many solutions does the following linear system have?
$$\begin{cases}
x & - & y & + & z & - & 2t & = & 0 \\
-x & - & 5y & + & z & - & 8t & = & 0 \\
2x & + & y & + & z & + & t & = & 0 \\
2x & - & 5y & + & 3z & - & 9t & = & 0
\end{cases}$$",Basic,The system has infinitely many solutions depending on two parameters.,The system has infinitely many solutions depending on one parameter.,The system has no solutions.,The system has a unique solution.,,,2019-03-11 04:37:27+00,1,2019-04-05 07:49:04+00,38,4,3,1
91,43,"",18,9,"Find the solutions of the following linear system:
$$\begin{cases}
x & + & y & - & 3z & + & 2t & = & 1 \\
2x & - & y & - & z & + & t & = & 0 \\
x & + & y & + & z & - & t & = & -2
\end{cases}$$",Basic,"The solutions of the system are of the form $\bigg(-\frac{2}{3},\frac{1}{4}t-\frac{7}{12},\frac{3}{4}t-\frac{3}{4},t\bigg)$, for all $t\in\mathbb{R}$.",The system has no solutions.,"The system has $\bigg(-\frac{2}{3},-\frac{7}{12},-\frac{3}{4},0\bigg)$ as unique solution.","The solution of the system is the vector of coordinates $(2,-1,0,0)$.",,,2019-03-11 04:57:41+00,1,2019-04-05 08:14:45+00,38,3,3,1
92,43,"",18,9,"Find the solutions $\left(\text{in } \mathbb{C}^2\right)$ of the following linear system:
$$\begin{cases}
(1+i)z& + & (1-i)w & = & i \\
(1-i)z& + & (1+i)w & = & 1-i
\end{cases}$$",Basic,"The unique solution of the linear system is $\bigg(\frac{3+i}{4},-\frac{1+i}{4}\bigg)$.","The solutions of the linear system are of the form $\bigg(\frac{1+i}{4},\frac{-1+i}{4}+z\bigg)$, for every $z\in\mathbb{C}$.",The linear system has no solutions.,"The linear system has the vector $(i,-i)$ has its unique solution.",,,2019-03-11 05:15:34+00,1,2019-04-20 11:16:29+00,37,3,4,1
93,39,"",4,3,Identify the Product Rule,Basic,$\displaystyle{\frac{dy}{dx}}={{u}\frac{dv}{dx}}+{{v}\frac{du}{dx}}$,$\displaystyle{\frac{dy}{dx}}={{u}\frac{du}{dx}}+{{v}\frac{dv}{dx}}$,$\displaystyle{\frac{dy}{dx}}={{u}\frac{dv}{dx}}-{{v}\frac{du}{dx}}$,$\displaystyle{\frac{dy}{dx}}=\frac{{v}\frac{du}{dx}-{u}\frac{dv}{dx}}{v^2}$,"","",2019-03-11 08:52:39+00,1,2019-05-23 15:13:15+00,37,2,1,0
94,39,"",4,3,Differentiate $y(x)=\displaystyle{(4-x^3)e^{5x}}$.,Basic,$\displaystyle{\frac{dy}{dx}} = 5(4-x^3)e^{5x}-3x^2e^{5x}$,$\displaystyle{\frac{dy}{dx}} = 5(4-x^3)e^{5x}+3x^2e^{5x}$,$\displaystyle{\frac{dy}{dx}} = 5(4-x^2)e^{5x}-3x^2e^{5x}$,$\displaystyle{\frac{dy}{dx}} = 5(4-x^2)e^{5x}+3x^2e^{5x}$,"","",2019-03-11 09:39:32+00,1,2019-05-23 15:15:06+00,37,2,1,1
95,39,"",4,3,Differentiate ${y(x)= 3x^2 e^{4x}}$.,Basic,$\dfrac{dy}{dx}={12x^2e^{4x}}+{6xe^{4x}}$,$\dfrac{dy}{dx}={12x^2e^{4x}}+{6x^4e^{4x}}$,$\dfrac{dy}{dx}={12x^4e^{4x}}+{6x^4e^{4x}}$,$\dfrac{dy}{dx}={12x^2e^{3x}}+{6xe^{3x}}$,"","",2019-03-11 09:51:32+00,1,2019-09-26 06:38:24+00,61,2,4,1
96,39,"",4,3,Differentiate $\displaystyle{y = 4x^{2}{(e^{3x} + \cos(x))}}$.,Advanced,$y'=\displaystyle{12x^{2}e^{3x}+8xe^{3x}-4x^{2}\sin(x) +8x\cos(x)}$  ,$y'=\displaystyle{12x^{2}e^{3x}-8xe^{3x}-4x^{2}\sin(x) +8x\cos(x)}$ ,$y'=\displaystyle{12x^{2}e^{3x}+8xe^{3x}+4x^{2}\sin(x) +8x\cos(x)}$  ,$y'=\displaystyle{12x^{2}e^{3x}-8xe^{3x}+4x^{2}\sin(x) +8x\cos(x)}$  ,"","",2019-03-11 09:57:00+00,1,2019-08-15 09:37:39+00,37,3,3,1
97,39,"",4,3,Differentiate $\displaystyle{y = (4x^{3}-x)(5-5x)}$.,Basic,$y'=\displaystyle{5(-16x^{3}+12x^{2}+2x-1)}$ ,$y'=\displaystyle{5(16x^{3}+12x^{2}+2x-1)}$ ,$y'=\displaystyle{5(16x^{3}+12x^{2}+2x+1)}$ ,$y'=\displaystyle{5(-16x^{3}+12x^{2}+2x-5)}$ ,"","",2019-03-11 10:18:55+00,1,2019-05-04 17:00:46+00,37,1,1,1
98,39,"",4,3,Differentiate $\displaystyle{y = (2x^{2}+4x^{3})(3x^{3}-4x^{2})}$.,Basic,$\displaystyle{y'=72x^{5}-50x^{4}-32x^{3}}$  ,$\displaystyle{y'=72x^{5}+50x^{4}+32x^{3}}$  ,$\displaystyle{y'=72x^{5}-50x^{4}+32x^{3}}$  ,$\displaystyle{y'=72x^{5}+50x^{4}-32x^{3}}$  ,"","",2019-03-11 10:23:31+00,1,2019-08-15 09:36:52+00,37,1,1,1
100,39,"",4,3,Differentiate $\displaystyle{y = (4x^{3}-x)(5-5x)}$ and find the value of ${\dfrac{dy}{dx}}$ if ${x=1}$.,Basic,$-15$,$15$,$13$,$-13$,"","",2019-03-11 10:31:25+00,1,2019-05-23 15:23:51+00,37,2,4,1
101,39,"",4,3,Differentiate  $\displaystyle{y = (4x^\frac{3}{2})\tan\left(x\right)}$.,Advanced,$y'=6\sqrt{x}\tan\left(x\right)+4\sqrt{x^{3}}{\sec^{2}\left(x\right)}$,$y´=-6\sqrt{x}\tan\left(x\right)+4\sqrt{x^{3}}{\sec^{2}\left(x\right)}$,$y´=4\sqrt{x}\tan\left(x\right)+4\sqrt{x^{3}}{\sec^{2}\left(x\right)}$,$y´=-4\sqrt{x}\tan\left(x\right)+4\sqrt{x^{3}}{\sec^{2}\left(x\right)}$,"","",2019-03-11 10:46:39+00,1,2019-08-15 09:25:06+00,37,2,4,1
102,50,"",7,2,"Make $r$ the subject of the expression

$p=q+r$",Basic,$r=p-q$,$r=p+q$,$r=\frac{p}{q}$,$r=q-p$,,,2019-03-20 08:26:08+00,1,2019-05-09 16:41:55+00,37,1,4,1
104,50,"",7,2,"Make $d$ the subject of the expression

$b=c-d$",Basic,$d = c - b$,$d =b + c$,$d = \frac{b}{c}$,$d = b - c$,,,2019-03-20 08:34:41+00,1,2019-05-09 16:42:23+00,37,1,4,1
108,50,"",7,2,"Make $a$ the subject of the expression

$mz=ad$",Basic,$a=\frac{mz}{d}$,$a=\frac{d}{mz}$,$a=d+mz$,$a=d-mz$,,,2019-03-20 13:54:01+00,1,2019-04-23 16:31:34+00,37,1,4,1
112,50,"",7,2,"Make $d$ the subject of the expression

$p=\frac{\pi d}{2}$",Basic,$d=\frac{2p}{\pi}$,$d={\frac{\pi}{2}}-p$,$d=\frac{\pi}{2p}$,$d=\frac{2\pi}{p}$,,,2019-03-20 14:16:48+00,1,2019-04-23 11:26:23+00,37,1,4,1
113,50,"",7,2,"Consider $m \neq 0$. Make $x$ the subject of the expression

$y=mx+c$",Basic,$x=\frac{y-c}{m}$,$x=\frac{y}{m+c}$,$x=m+c-y$,$x=\frac{y-m}{c}$,,,2019-03-20 14:26:08+00,1,2019-09-26 03:28:42+00,37,1,4,1
114,50,"",7,2,"Make $r$ the subject of the expression

$A=4\pi r^2$",Basic,$r=\pm \sqrt\frac{A}{4 \pi}$,$r=\pm \sqrt\frac{4 \pi}{A}$,$r=\frac{A^2}{4\pi}$,$r=\sqrt{4\pi-A}$,,,2019-03-21 06:20:42+00,1,2019-05-09 16:46:46+00,37,1,4,1
117,50,"",7,2,"Consider $m \neq 0$. Make $v$ the subject of the expression

$K=\frac{1}{2}mv^2$",Advanced,$v=\sqrt\frac{2K}{m}$,$v=\sqrt\frac{Km}{2}$,$v=\sqrt\frac{2}{Km}$,$v=\frac{2K^2}{m}$,,,2019-03-21 06:36:06+00,1,2019-05-09 16:47:12+00,37,2,3,1
118,50,"",7,2,"Make $r$ the subject of the expression

$v=\dfrac{2}{3}\pi r^3$",Basic,\[ r = \sqrt[3]{\frac{3v}{2\pi}} \],\[r = \sqrt[3]{\frac{2\pi}{3v}} \],$r= \dfrac{2\pi}{3v^3}$,\[ r = \sqrt[3]{\frac{2v}{3\pi}} \],,,2019-03-21 07:03:26+00,1,2019-05-09 16:47:36+00,37,2,1,1
120,50,"",7,2,"Make $x$ the subject of the expression

$y=\displaystyle \sqrt\frac{3x}{4k}$",Basic,$x=\dfrac{4}{3}ky^2$,$x=\dfrac{3}{4}ky^2$,$x=\dfrac{4}{3}k^2y$,$x=\displaystyle \sqrt\frac{3y}{4k}$,,,2019-03-21 08:47:48+00,1,2019-05-09 16:48:00+00,37,2,1,1
121,50,"",7,2,"Make $b$ the subject of the expression

$\frac{p}{q}=\sqrt\frac{(a +2b)}{(a-2b)}$",Advanced,$b=\frac{a(p^2-q^2)}{2(p^2 +q^2)}$,$b=\frac{2(p^2 +q^2)}{a(p^2-q^2)}$,$b=\sqrt\frac{q}{-p}$,$b=-\sqrt\frac{1+q}{1-p}$,,,2019-03-21 08:54:10+00,1,2019-05-09 16:48:25+00,37,2,3,1
122,52,"",18,7,"Let  $A=\left( \begin{array}{rr}
1 & 3 \\ 
2 & -1 \end{array}
\right)$ and $f\left(x\right)=x^3-2x+5I_{2\times2}$. Find $f(A)$.",Basic,"$\left( \begin{array}{rr}
10 & 15 \\ 
10 & 0 \end{array}
\right)$","$\left( \begin{array}{rr}
10 & 15 \\ 
10 & -5 \end{array}
\right)$","$\left( \begin{array}{rr}
2 & 4 \\ 
3 & 0 \end{array}
\right)$","$\left( \begin{array}{rr}
10 & -1 \\ 
1 & 14 \end{array}
\right)$",,,2019-03-24 06:08:35+00,1,2019-11-15 07:14:57+00,38,1,2,1
123,52,"",18,7,"Suppose that $A=\left( \begin{array}{rrr}
2 & 0 & -1 \\ 
3 & 1 & 0 \\ 
-2 & 1 & 3 \end{array}
\right)$.

Find matrix $B$ such that matrices $A$ and $B$ are inverses.",Basic,"$B=\left( \begin{array}{rrr}
3 & -1 & 1 \\ 
-9 & 4 & -3 \\ 
5 & -2 & 2 \end{array}
\right)$","$B=\left( \begin{array}{rrr}
2 & 3 & -2 \\ 
0 & 1 & 1 \\ 
-1 & 0 & 3 \end{array}
\right)$","$B=\left( \begin{array}{rrr}
1 & 0 & 0 \\ 
0 & 1 & 0 \\ 
0 & 0 & 1 \end{array}
\right)$",insufficient information to find $B$,,,2019-03-24 06:10:48+00,1,2019-05-07 07:31:38+00,52,1,2,1
124,52,"",18,7,"Find ${\left(C^T \cdot B-6 \cdot I^{-1}\right)}^2$, where $B=\left( \begin{array}{rrr}
2 & 1 & 1 \\ 
0 & 0 & 3 \end{array}
\right)$, $C=\left( \begin{array}{rrr}
3 & 3 & 1 \\ 
1 & -2 & 2 \end{array}
\right)$, and $I$  -- identity matrix.",Advanced,"$\left( \begin{array}{rrr}
30 & -3 & -3 \\ 
-24 & 24 & 42 \\ 
8 & 4 & 10 \end{array}
\right)$","$\left( \begin{array}{rrr}
55 & 27 & 57 \\ 
36 & 19 & 12 \\ 
28 & 14 & 45 \end{array}
\right)$","$\left( \begin{array}{rrr}
79 & 39 & 81 \\ 
60 & 31 & 0 \\ 
36 & 18 & 73 \end{array}
\right)$",given operation is not valid,,,2019-03-24 06:13:10+00,1,2019-05-07 07:31:57+00,52,2,1,1
125,52,"",18,7,"Find $M^2+(A^T\cdot B)^{-1}$, where $A=\left( \begin{array}{rrr}
-1 & 3 & 2 \end{array}
\right)$, $B=\left( \begin{array}{rrr}
-2 & 4 & 1 \end{array}
\right)$, and $M=\left( \begin{array}{rrr}
7 & 2 & 1 \\
-1 & 3 & 0  \\
2 & 0 & -2 \end{array}
\right)$.",Basic,given operation is not valid,"$\left( \begin{array}{rrr}
11 & 4 & 0 \\ 
-6 & 3 & 1 \\ 
23 & 14 & -8 \end{array}
\right)$","$\left( \begin{array}{rrr}
49 & 20 & 5 \\ 
-10 & 7 & -1 \\ 
10 & 4 & 6 \end{array}
\right)$","$\left( \begin{array}{rrr}
7 & 2 & 1 \\
-1 & 3 & 0  \\
2 & 0 & -2 \end{array}
\right)$",,,2019-03-24 06:14:59+00,1,2019-05-07 07:32:21+00,52,2,2,1
126,52,"",18,7,"Suppose that $A=\left( \begin{array}{rrr}
0 & 0 & 1 \\ 
4 & -1 & 2 \\ 
-1 & 0 & -2 \end{array}
\right)$ and $B=\left( \begin{array}{rrr}
4 & 1 & 0 \\ 
-4 & -2 & 4 \\ 
0 & 3 & 1 \end{array}
\right)$.

Find $\mathrm{det} \left(X\right)$ if  $A \cdot X\cdot B -B^2=0$.",Advanced,$52$,$0$,$-11$,given operation is not valid,,,2019-03-24 06:16:08+00,1,2019-05-07 07:32:58+00,52,5,3,1
127,52,"",18,7,"Suppose that $A=\left( 
 \begin{array}{rrr}
2 & 1 & 3 \\ 
0 & 0 & 5  \\ 
-1 & -2 & 1  \\ 
3 & 1 & 2 \end{array} \right)$, $B=\left( \begin{array}{rrr}
1 & 1 & 0 \\ 
2 & 1 & 1 \\ 
1 & 1 & 1 \end{array}
\right)$, and $C=\left(  \begin{array}{rrr}
1 & 2 & 0  \\ 
2 & 4 & 1  \\ 
3 & 6 & 2  \\ 
-4 & -8 & 1  \end{array}
\right)$.

Which matrix has the rank $2$ ?",Basic,$C$, $A$,$B$,none of the given matrices,,,2019-03-24 06:17:26+00,1,2019-05-07 07:33:15+00,52,1,2,1
128,52,"",18,7,"Suppose that the rank of matrix $A$ is $n, n\neq 0$. Which of the following statements is correct?",Advanced,the number of non-zero rows is $n$,$\mathrm{det} \left(A \right) =n$,$A$ is invertible matrix,$\mathrm{det} \left(A \right) \leq n $,,,2019-03-24 06:18:31+00,1,2019-05-07 07:33:46+00,52,5,3,1
129,52,"",18,7,"Let $A=\left( \begin{array}{rr}
1 & 2 \\ 
3 & 4 \end{array}
\right)$ and $B=\left( \begin{array}{rr}
0 & 2 \\ 
3 & k \end{array}
\right)$.

For what value of $k$ the matrices $A$ and $B$ will be commuting?",Basic,$3$,$0$,$-4$,such value is not possible,,,2019-03-24 06:19:40+00,1,2019-05-07 07:34:37+00,52,3,1,1
130,52,"",18,7,"What is the determinant of the matrix  $A=\left( 
 \begin{array}{rrrr}
3 & 2 &  1 & -2  \\ 
1 & 1 &  2 & 3  \\ 
 0 & 1 & 0 & -1  \\ 
2 & 3 &  4 & 5 \end{array}
\right)$?",Basic,$0$,$-1$,$2$,$1$,,,2019-03-24 06:20:31+00,1,2019-05-07 07:35:16+00,52,1,2,1
131,52,"",18,7,"What is the determinant of the matrix  $A=\left( 
 \begin{array}{rrrr}
x & 0 &  0 & -x  \\ 
0 & -x & -1 & 1  \\ 
 1 & 0 & x & -1  \\ 
x & 0 &  0 & 1 \end{array}
\right)$, $x\neq 0$?",Basic,$-x^3 \left(1+x \right)$,$x^2+x^4$,$x^3+x^4$,$0$,,,2019-03-24 06:21:41+00,1,2019-05-07 07:35:44+00,52,3,1,1
132,52,"",18,7,Suppose that the size of matrix $A$ is at least $2\times 2$. Which of the following statements is correct?,Advanced, ${\mathrm{det} \left(A^{-1}\right)\ }=\frac{1}{\mathrm{det} \left(A\right)\ }$,"${\mathrm{det} \left(k \cdot A\right)\ }=k \cdot {\mathrm{det} \left(A\right), k\neq 0 }$",${\mathrm{det} \left(A^{-1}\right)\ }=-{\mathrm{det} \left(A\right)\ }$,${\mathrm{det} \left(A^T\right)\ }=-{\mathrm{det} \left(A\right)\ }$,,,2019-03-24 06:22:39+00,1,2019-05-07 07:36:05+00,52,5,3,1
133,52,"",18,7,"Matrix $\left( \begin{array}{rrrr}
1 & -2 &  4 & -10  \\ 
 0 & 4 &  7 & -3  \\ 
 0 & 0 &  -2 & 17  \\ 
 0& 0 &  0 & 1 \end{array} \right)$ was derived from matrix $A$ after row operations such that 
$R_2\leftrightarrow R_3,   R_2 \leftarrow 2R_2,  R_3\leftarrow R_3+2R_1,$ and $R_4\leftarrow R_4+3R_1$. What is the determinant of the matrix $A$?",Advanced,$4$,insufficient information to solve,$-8$,$16$,,,2019-03-24 06:23:41+00,1,2019-05-07 07:37:43+00,52,5,3,1
134,52,"",18,7,"Which of the following statements is correct for non-zero values of $a, b, c, d, e, f, g, h, i, k$?",Basic,"$\left| \begin{array}{rrr}
a & b & c \\ 
a & b & c \\ 
d & e & f \end{array}
\right|=0 $","$\left| \begin{array}{rrr}
a & b & c \\ 
-d & -e & -f \\ 
g & h & i \end{array}
\right|=\left| \begin{array}{rrr}
a & b & c \\ 
d & e & f \\ 
g & h & i \end{array}
\right|$","$\left| \begin{array}{rrr}
a & b & c \\ 
d & e & f \\ 
g & h & i \end{array}
\right|=-\left| \begin{array}{rrr}
a & d & g \\ 
b & e & h \\ 
c & f & i \end{array}
\right|$","$\left| \begin{array}{rrr}
k \cdot a & k\cdot b & k\cdot c \\ 
k\cdot d & k\cdot e & k\cdot f \\ 
k\cdot g & k\cdot h & k\cdot i \end{array}
\right|=k\cdot \left| \begin{array}{rrr}
a & b & c \\ 
d & e & f \\ 
g & h & i \end{array}
\right|$",,,2019-03-24 06:24:52+00,1,2019-05-07 07:38:10+00,52,3,1,1
135,52,"",18,7,"Let $A=\left( \begin{array}{rrr}
-1 & 2 & 0 \\ 
2 & -4 & 0 \end{array}
\right)$. Which of the following statements is correct?",Basic,${\mathrm{det} \left(A^T\right) }$ is undefined,$A$ is symmetric ,$A$ is invertable,${\mathrm{rank} (A)\ }=2$,,,2019-03-24 06:25:57+00,1,2019-05-07 07:38:44+00,52,2,2,1
136,52,"",18,7,"Let $A=\left( \begin{array}{rrr}
-1 & 2 & 1 \\ 
7 & 1 & 0 \end{array}
\right)$,  $B=\left( \begin{array}{rr}
-1 & 1 \\ 
7 & 1 \\ 
2 & 0 \end{array}
\right),$ and $C=\left( \begin{array}{rr}
-1 & 2 \\ 
0 & 1 \end{array}
\right)$. Which of the following statements is correct?",Basic,"$ C + A \cdot B=\left( \begin{array}{rr}
16 & 3 \\ 
0 & 9 \end{array}
\right)$","$B\cdot A+C=\left( \begin{array}{rrr}
7 & 1 & -1 \\ 
0 & 16 & 7 \\ 
-2 & 4 & 2 \end{array}
\right)$","$C\cdot A^T+B=\left( \begin{array}{rr}
3 & -1 \\ 
24 & 8 \\ 
0 & -7 \end{array}
\right)$","$A\cdot B\cdot C=\left( \begin{array}{rr}
8 & 0 \\ 
35 & -17 \end{array}
\right)$",,,2019-03-24 06:27:14+00,1,2019-05-07 07:39:04+00,52,2,2,1
137,52,"",18,7,"Find the inverse of $A=\left( 
 \begin{array}{rrrr}
1 & 3 &  1 & 2  \\ 
 5 & 8 &  5 & 3  \\ 
 0 & 4 &  0 & 0  \\ 
 2 & 3 &  2 & 8 \end{array}
\right)$.",Basic,"impossible, the inverse is undefined","$\left(  \begin{array}{rrrr}
1 & 1/3 &  1 & 1/2  \\ 
 1/5 & 1/8 & 1/5 & 1/3  \\ 
 0 & 1/4 &  0 & 0  \\ 
1/2 & 1/3 &  1/2 & 1/8 \end{array}
\right)$ ","$ \left( \begin{array}{rrrr}
-136 & 16 &  49 & 28  \\ 
 0 & 0 &  0 & 0  \\ 
 136 & -16 & -49 & -28 \\ 
0 & 0 & 0 & 0 \end{array} \right)$","$\left(  \begin{array}{rrrr}
1 & 0 &  0 & 0  \\ 
 0 & 1 &  0 & 0  \\ 
 0 & 0 &  1 & 0  \\ 
 0 & 0 &  0 & 1 \end{array}
 \right)$",,,2019-03-24 06:28:16+00,1,2019-05-07 07:42:57+00,52,1,2,1
138,52,"",18,7,"Compute the determinant of $A=\left( \begin{array}{rrrr}
1 & -3 &  1 & 2  \\ 
 -2 & 1 &  2 & 1  \\ 
 0 & 0 &  -1 & 0   \\ 
2 & 4 &  2 & 1 \end{array} \right)$. ",Basic,$35$,$11$,$-1$,"impossible, the determinant is undefined",,,2019-03-24 06:29:21+00,1,2019-05-07 07:45:45+00,52,1,2,1
139,52,"",18,7,"Consider $A=\left( \begin{array}{rrr}
7 & 2 & 1 \\ 
0 & 3 & -1 \\ 
-3 & 4 & -2 \end{array}
\right)$. Which of the following statements is correct?",Advanced,${\mathrm{det} (A^{-1}) }=1$,${\mathrm{det} (A^T) }=0$,${\mathrm{rank} (A^{-1}) }=1$,${\mathrm{det} \left(2 \cdot A\right) }=2$,,,2019-03-24 06:30:20+00,1,2019-05-07 07:49:36+00,52,5,4,1
140,52,"",18,7,"Let $A$ be an invertible matrix and $k\neq 0$ a constant. Considering the following statements:

S1:  $\left(k\cdot A \right)^{-1}=k^{-1} \cdot A^{-1}$ and 
S2:  $\mathrm{det} \left(A^{-1} \right)=\left(\mathrm{det} \left(A \right)\right)^{-1}$,

which is the correct answer?",Advanced,S1 and S2 are both true,"S1 is true, S2 is false","S1 is false, S2 is true",S1 and S2 are both false,,,2019-03-24 06:31:18+00,1,2019-05-07 07:53:14+00,52,5,3,1
141,52,"",18,7,"If $A$ and $B$  are square matrices of order $n$, then which of the following statements is correct?",Basic,$\mathrm{det} \left(A \cdot B\right) = \mathrm{det} \left(B \cdot A\right)$,$A+B\neq B+A$,$A \cdot B=B\cdot A$,none of the options given are correct,,,2019-03-24 06:34:22+00,1,2019-05-07 07:54:04+00,52,2,2,1
142,57,"",4,3,Differentiate $y = (x^4 - 4x +1)^4$.,Basic,$\frac{dy}{dx} = 4(x^4 - 4x +1)^3(4x^3 - 4)$,$\frac{dy}{dx} = 4(x^4 - 4x +1)^3$,$\frac{dy}{dx} = 4(x^4 - 4x +1)(4x^3 - 4)$,$\frac{dy}{dx} = 4(x^4 - 4x + 1)$,,,2019-03-29 05:53:52+00,1,2019-04-04 15:07:09+00,37,1,1,1
143,57,"",4,3,Differentiate $y = \dfrac{\ln(t)}{t^2+1}$.,Basic,$\dfrac{dy}{dt} = \dfrac{t + \frac{1}{t} - 2t\ln(t)}{(t^2 +1)^2}$,$\dfrac{dy}{dt} = \dfrac{t + \frac{1}{t} + 2t \ln(t) }{(t^2 + 1)^2}$,$\dfrac{dy}{dt} = \dfrac{t^3 + \frac{1}{t} - 2t \ln(t )}{(t^2 + 1)^2}$,$\dfrac{dy}{dt} = \dfrac{t + \frac{1}{t} - (2t + 1) \ln(t )}{(t^2 + 1)^2}$,,,2019-03-29 06:16:09+00,1,2019-04-04 15:11:01+00,37,3,3,1
144,57,"",4,3,Differentiate $y = \dfrac{\operatorname{e}^{-3x}}{x^2+1}$.,Basic,$\dfrac{dy}{dx} = \dfrac{\operatorname{e}^{-3x} (-3x^2 - 3 -2x)}{(x^2 + 1)^2}$,$\dfrac{dy}{dx} = \dfrac{\operatorname{e}^{-4x} (-3x^2 - 3 -2x)}{(x^2 + 1)^2}$,$\dfrac{dy}{dx} = \dfrac{\operatorname{e}^{-3x} (3x^2 + 3 -2x)}{(x^2 + 1)^2}$,$\dfrac{dy}{dx} = \dfrac{\operatorname{e}^{-3x} (- 3 -2x)}{x^2 + 1}$,,,2019-03-29 06:32:30+00,1,2019-04-04 15:12:40+00,37,3,4,1
145,57,"",4,3,Differentiate $f(x) = 2\operatorname{sin}(3x) - 5\operatorname{cos}(2x)$.,Basic,$f'(x) = 6\operatorname{cos}(3x) + 10\sin(2x)$,$f'(x) = 2\operatorname{cos}(3x) + 5\operatorname{sin}(2x)$,$f'(x) = 6\operatorname{cos}(3x) - 10\operatorname{sin}(2x)$,$f'(x) = 3\operatorname{cos}(3x) -2\operatorname{sin}(2x)$,,,2019-03-29 06:42:54+00,1,2019-04-04 15:19:36+00,37,1,1,1
146,58,"",16,,The general solution of the differential equation $y'=\dfrac{2x \sqrt y}{x^2-1}$ where $x\neq \pm 1$ and $y>0$ is:,Basic,$-\ln |1-x^2|+2\sqrt{y}=\cal {C}$,$\ln(1-x^2)+2\sqrt{y}=\cal {C}$,$2\ln|1-x^2|+\sqrt{y}=\cal {C}$,${y}=\dfrac{1}{2}\bigg[ \cal{C} -\ln(x-1) \bigg]^2$,,,2019-03-29 06:44:08+00,1,2019-04-13 04:17:21+00,38,3,2,1
147,57,"",4,3,Differentiate $y = \operatorname{cos}(1-4x)$.,Basic,$\frac{dy}{dx}=4\operatorname{sin}(1 - 4x)$,$\frac{dy}{dx}=-4\operatorname{sin}(1 - 4x)$,$\frac{dy}{dx}=-\operatorname{sin}(1 - 4x)$,$\frac{dy}{dx}=-\operatorname{sin}(-4)$,,,2019-03-29 06:53:19+00,1,2019-04-04 15:21:42+00,37,1,1,1
148,61,"",4,4,"Calculate the differential of the function $\displaystyle f:{\mathbb R}^2 \rightarrow \mathbb R$, $\displaystyle f(x,y)=\frac{x}{y}\arctan\bigg(\frac{y}{x}\bigg)$.",Basic,"$\displaystyle df(x,y)=\frac{1}{y}\bigg[\arctan \bigg(\frac{y}{x}\bigg)-\frac{x^2y^2}{x^2+y^2}\bigg]dx+\frac{x}{y^2}\bigg[\frac{xy}{x^2+y^2}-\arctan\bigg(\frac{y}{x}\bigg)\bigg]dy$","$\displaystyle df(x,y)=\frac{1}{y^2}\arctan\bigg(\frac{y}{x}\bigg)dx-\frac{1}{x}\arctan \bigg(\frac{y}{x}\bigg)dy$","$\displaystyle df(x,y)=\frac{1}{y^2}\bigg[\arctan \bigg(\frac{y}{x}\bigg)-\frac{1}{x^2+y^2}\bigg]dx+\frac{x}{y}\bigg[\frac{1}{x^2+y^2}-\arctan \bigg(\frac{y}{x}\bigg)\bigg]dy$","$\displaystyle df(x,y)=\frac{1}{y}\bigg[1-\frac{x^2y^2}{x^2+y^2}\bigg]dx+\frac{x}{y^2}\bigg[\frac{x^2y^2}{x^2+y^2}-\arctan \bigg(\frac{y}{x}\bigg)\bigg]dy$",,,2019-03-30 04:07:08+00,1,2019-05-30 04:11:48+00,67,4,1,1
149,61,"",12,13,"What can we say about the relative extrema of the function $f:(0,\infty) \times (0,\infty)\rightarrow \mathbb R$ given by $f(x,y)= x^2+xy+y^2-4\ln (x) -10\ln( y)+3$?",Advanced,"The point $M(2,1)$ is a relative minimizer.","The points $M(1,2)$ is a relative maximizer.","The point $M(2,1)$ is a relative maximizer.","The points $M(2,1)$ and $N(1,2)$ are relative minimizer and respectively, relative maximizer.",,,2019-03-30 04:25:16+00,1,2019-05-30 04:11:58+00,67,1,3,1
150,61,"",4,42,"The differentiable function $f:{\mathbb R}^2 \rightarrow \mathbb R$, $f(x,y)=y\cdot \varphi (x^2-y^2),$ where $\varphi:\mathbb R\rightarrow \mathbb R$ is a ${\cal C}^1$-class function, satisfies the equation:",Advanced,$\frac{1}{x}\frac{\partial f}{\partial x}+\frac{1}{y}\frac{\partial f}{\partial y}=\frac{1}{y^2}f$,$\frac{1}{y}\frac{\partial f}{\partial x}+\frac{1}{x}\frac{\partial f}{\partial y}=\frac{1}{x^2y^2}f$,$\frac{\partial f}{\partial x}+\frac{\partial f}{\partial y}=\frac{3}{y^2}f$,$\frac{1}{x^2}\frac{\partial f}{\partial x}+\frac{1}{y^2}\frac{\partial f}{\partial y}=\frac{1}{xy}f$,,,2019-03-30 11:43:12+00,1,2020-02-14 03:42:36+00,37,5,3,1
151,61,"",12,13,"Find the extrema of the function $y=f(x),$ defined implicitly by the equation $x^2-2xy+5y^2-2x+4y+1=0.$",Advanced,The function has one minimum point $x=1$ with the minimum value of the function $y=0$ and a maximum point $x=\dfrac{1}{2}$ with the maximum value of the function $y=-\frac{1}{2}.$,The function has two minimum points $x=1$ and $x=-\dfrac{1}{2}$ with the minimum value of the function $y=\frac{1}{2}.$,The function has no extrema points.,The function has one maximum point $x=1$ with the maximum value of the function $y=0$ and a minimum point $x=\dfrac{1}{2}$ with the minimum value of the function $y=-\frac{1}{2}.$,,,2019-03-30 12:03:30+00,1,2019-05-30 04:12:18+00,67,2,4,1
152,61,"",12,13,"Find the conditional extrema of the function $f(x,y)=x^2+y^2-x-y$ having the constraint $x+y=1.$",Advanced,"The problem has the minimizer $\left(\frac{1}{2}, \frac{1}{2}\right),$ the minimum value of the function being $-\frac{1}{2}.$","There are two minimizers $\left(\frac{1}{4}, \frac{3}{4}\right)$ and $\left(\frac{3}{4},\frac{1}{4}\right)$ where the minimum value of the function is $-\frac{3}{8}.$","There are two maximizers $\left(\frac{2}{5}, \frac{3}{5}\right)$ and $\left(\frac{3}{5},\frac{2}{5}\right)$ where the maximum value of the function is $-\frac{12}{25}.$",The problem has no extrema corresponding to this constraint.,,,2019-03-30 12:54:50+00,1,2019-05-30 04:12:55+00,67,4,5,1
153,61,"",4,4,"The differentiable function $f:{\mathbb R}^2 \rightarrow \mathbb R$, $f(x,y)=\operatorname{e}^y \varphi \bigg(y\operatorname{e}^{\frac{x^2}{2y^2}}\bigg),$ where $\varphi:\mathbb R\rightarrow \mathbb R$ is a ${\cal C}^1$-class function, satisfies the equation:",Advanced,$(x^2-y^2)\frac{\partial f}{\partial x}+xy\frac{\partial f}{\partial y}=xyf$,$(x^2-y^2)\frac{\partial^2 f}{\partial x^2}+xy\frac{\partial^2 f}{\partial y^2}=x^2y^2f$,$(x^2+y^2)\frac{\partial f}{\partial x}+(x+y)\frac{\partial f}{\partial y}=\frac{x}{y}f$,$\frac{\partial f}{\partial x}+\frac{xy}{x^2+y^2}\frac{\partial f}{\partial y}=f$,,,2019-03-30 13:02:49+00,1,2019-08-17 17:52:58+00,37,4,1,1
154,53,"",12,13,"Find the critical and the extremum points of the function:
\[
f(x,y,z)=x^{3}+y^{3}+z^{3}+8(xy+xz+yz)-20(x^{2}+y^{2}+z^{2})+17
\].",Basic,"$$\begin{align*}
& M_{1}(0,0,0),~M_{2}\left(  8,8,8\right)  ,~M_{3}\left(  \frac{16}{3}
,\frac{16}{3},\frac{32}{3}\right)  ,~M_{4}\left(  \frac{32}{3},\frac{16}
{3},\frac{16}{3}\right)  ,~M_{5}\left(  \frac{16}{3},\frac{32}{3},\frac{16}
{3}\right)\\
&\text{ critical points}\\
& M_{1}(0,0,0)\text{ is a maximizer}
\end{align*}$$","$$\begin{align*}
& M_{1}(0,0,0),~M_{2}\left(  8,8,8\right)  ,~M_{3}\left(  \frac{16}{3}
,\frac{16}{3},\frac{32}{3}\right)  ,~M_{4}\left(  \frac{32}{3},\frac{16}
{3},\frac{16}{3}\right)  ,~M_{5}\left(  \frac{16}{3},\frac{32}{3},\frac{16}
{3}\right)\\
& \text{ critical points}\\
& M_{1}(0,0,0)\text{ maximizer},~M_{2}\left(  8,8,8\right)\text{ minimizer}%
\end{align*}$$","$$\begin{align*}
& M_{1}(0,0,0),~M_{2}\left(  8,8,8\right)  \text{ critical points}\\
& M_{1}(0,0,0)\text{ maximizer},~M_{2}\left(  8,8,8\right)\text{ minimizer}%
\end{align*}$$","$$\begin{align*}
& M_{1}(0,0,0),~M_{2}\left(  8,8,8\right)  \text{ critical points}\\
& M_{1}(0,0,0),~M_{2}\left(  8,8,8\right)\text{ minimizer}
\end{align*}$$",,,2019-03-31 03:39:10+00,1,2019-05-30 04:13:29+00,67,3,1,1
155,53,"",12,13,"Find all the extremum points of the function
\[
f(x,y,z)=xyz
\]
with respect to
\[
x+y+z=5,\quad x^{2}+y^{2}+z^{2}=9.
\]",Basic,"$$\begin{align*}
& M_{1}(2,2,1),~M_{2}\left(  2,1,2\right)  ,~M_{3}\left(  1,2,2\right)  \text{
minimizers,}\\
& M_{4}\left(  \frac{4}{3},\frac{4}{3},\frac{7}{3}\right)  ,~M_{5}\left(
\frac{4}{3},\frac{7}{3},\frac{4}{3}\right)  ,\text{ }M_{6}\left(  \frac{7}
{3},\frac{4}{3},\frac{4}{3}\right)  \text{ maximizers}%
\end{align*}$$","$$\begin{align*}
& M_{4}\left(  \frac{4}{3},\frac{4}{3},\frac{7}{3}\right)  ,~M_{5}\left(
\frac{4}{3},\frac{7}{3},\frac{4}{3}\right)  ,\text{ }M_{6}\left(  \frac{7}
{3},\frac{4}{3},\frac{4}{3}\right)  \text{ maximizers}
\end{align*}$$","$$\begin{align*}
& M_{1}(2,2,1),~M_{2}\left(  2,1,2\right)  ,~M_{3}\left(  1,2,2\right)  \text{
minimizers}
\end{align*}$$","$$\begin{align*}
& M_{1}(2,2,1),~M_{2}\left(  2,1,2\right)  ,~M_{3}\left(  1,2,2\right)  \text{
maximizers}
\end{align*}$$",,,2019-03-31 03:51:05+00,1,2019-05-30 04:13:41+00,67,4,1,1
156,59,"",16,,Solve the Cauchy problem $x'+2tx=2t^{3}e^{-2t^2}$ knowing that $x(0)=1$.,Basic,$x=2\operatorname{e}^{-t^2}-(t^{2}+1)\operatorname{e}^{-2t^2}$.,$x=3\operatorname{e}^{-t^2}-(t^{2}+2)\operatorname{e}^{-2t^2}$.,$x=2\operatorname{e}^{-t}-(t^{2}+1)\operatorname{e}^{-2t}$.,$x=(t^{2}+1)\operatorname{e}^{-2t^2}$.,,,2019-03-31 06:45:10+00,1,2019-04-13 04:43:22+00,38,5,3,1
157,59,"",16,,Find the general solution of the differential equation $x\ln\bigg( \dfrac{x}{y}\bigg)dy-ydx=0$.,Basic,"$x=y\e^{Cy+1}$, $C\in\mathbb{R}\setminus\{0\}$.","$x=y\e^{Cy-1}$, where $C\in\mathbb{R}$.","$x=(y+1)\e^{Cy+1}$, where $C\in\mathbb{R}$.","$x=(y-1)\e^{Cy+1}$, where $C\in\mathbb{R}$.",,,2019-03-31 06:49:21+00,1,2019-04-26 09:28:19+00,38,5,3,1
158,59,"",16,,Find the general solution of the differential equation $(x-2y+5)dx+(2x-y+4)dy=0$.,Advanced,"$(x+y-1)^{3}=C(x-y+3)$, $C\in\mathbb{R}$","$(x+y+1)^{3}=C(x-y-3)$, $C\in\mathbb{R}$","$(x-y+1)^{3}=C(x-y+3)$, $C\in\mathbb{R}$","$(x+y-1)^{3}=C(x+y-3)$, $C\in\mathbb{R}$",,,2019-03-31 06:54:22+00,1,2019-05-15 17:08:28+00,38,5,3,1
159,59,"",16,,Solve the Cauchy problem $xy'-ny=x^{n+1}e^x$ with $y(1)=1$ and $n\in\mathbb{N}$.,Basic,$y(x)=x^n(\operatorname{e}^x-\operatorname{e}+1)$,$y(x)=(x^n+1)(\operatorname{e}^x-\operatorname{e}+1)$,$y(x)=(x^n-1)(\operatorname{e}^x-\operatorname{e}-1)$,$y(x)=x^n(\operatorname{e}-\operatorname{e}^x+1)$,,,2019-03-31 06:59:07+00,1,2019-04-16 11:22:36+00,38,5,1,1
160,59,"",16,,Solve the Cauchy problem $y''-4y'+5y = 2x^2e^x$ knowing that $y(0)=2$ and $y'(0)=3$.,Basic,$y(x)=\operatorname{e}^{2x}(\cos( x)-2\sin (x))+\operatorname{e}^{x}(x+1)^{2}$.,$y(x)=\operatorname{e}^{2x}(\cos( x)-2\sin (x))+\operatorname{e}^{x}(x-1)^{2}$.,$y(x)=\operatorname{e}^{2x}(\cos( x)+2\sin( x))+\operatorname{e}^{x}(x+1)^{2}$.,$y(x)=\operatorname{e}^{2x}(\cos( x)+2\sin( x))+\operatorname{e}^{x}(x-1)^{2}$.,,,2019-03-31 07:03:32+00,1,2019-04-16 10:55:27+00,38,5,2,1
161,59,"",16,,Solve the Cauchy problem $y''-2y'+2y=2e^{x}\cos(x)-4xe^x\sin(x)$ knowing that $y(0)=1$ and $y'(0)=2$.,Advanced,$y(x)=\operatorname{e}^{x}[(x^{2}+1)\cos( x)+\sin (x)]$.,$y(x)=\operatorname{e}^{x}[(2x^{2}+1)\cos (x)+\sin (x)]$.,$y(x)=\operatorname{e}^{x}[(x^{2}+1)\cos (x)-\sin (x)]$.,$y(x)=\operatorname{e}^{x}[(x^{2}+1)\cos (x)+x\sin (x)]$.,,,2019-03-31 07:15:07+00,1,2019-05-06 09:14:07+00,38,5,3,1
162,59,"",16,,Find an integrating factor of the form $\mu=\mu(x+y)$ and solve the differential equation $(2x^{3}+3x^{2}y+y^{2}-y^{3})dx+(2y^{3}+3xy^{2}+x^{2}-x^{3})dy=0$.,Advanced,"$\mu=(x+y)^{-2}$, the solution is $x^{3}+xy+y^{3}=C(x+y)$, $C\in\mathbb{R}$","$\mu=(x+y)^{2}$, the solution is $x^{3}+xy+y^{3}=C(x+y)$, $C\in\mathbb{R}$","$\mu=(x+y)^{-2}$, the solution is $x^{3}-xy+y^{3}=C(x+y)$, $C\in\mathbb{R}$","$\mu=(x+y)^{2}$, the solution is $x^{3}-xy+y^{3}=C(x+y)$, $C\in\mathbb{R}$",,,2019-03-31 07:22:37+00,1,2019-05-06 17:10:26+00,38,4,1,1
163,59,"",16,,"Find the solution of the following system of differential equations
$\begin{cases}
y_{1}'-y_{1}-y_{2}=-\cos (x) \\
y_{2}'+2y_{1}+y_{2}=\sin (x)+\cos( x)
\end{cases}$
which satisfies the initial conditions 
$y_{1}(0)=1$ and $y_{2}(0)=-2$.",Advanced,"$\begin{cases}
y_{1}(x)=(1-x)\cos(x)-\sin( x) \\
y_{2}(x)=(x-2)\cos( x)+x\sin( x)
\end{cases}$","$\begin{cases}
y_{1}(x)=(1+x)\cos( x)-\sin( x)\\
y_{2}(x)=(x-2)\cos (x)-x\sin( x)
\end{cases}$","$\begin{cases}
y_{1}(x)=(1-x)\cos x+\sin x\\
y_{2}(x)=(x-2)\cos x-x\sin x
\end{cases}$","$\begin{cases}
y_{1}(x)=(1+x)\cos (x)-\sin (x)\\
y_{2}(x)=(x-2)\cos( x)+x\sin( x)
\end{cases}$",,,2019-03-31 07:31:11+00,1,2019-05-06 16:47:39+00,38,4,1,1
164,58,"",16,,Find the solution of the Cauchy problem $e^t\cos(x) \ dt = (1+ e^{2t})\tan( x) \ dx$ knowing that $x(0)=0$.,Basic,$\arctan(e^t)=\dfrac{1}{\cos( x)}+\dfrac{\pi}{4}-1$,$\arctan(e^t)=\dfrac{1}{\cos (x)}+\dfrac{\pi}{4}$,$\arctan(e^t)=\ln(\cos^{2}(t))+\dfrac{\pi}{4}-1$,$\ln(1+ e^{2t})=\dfrac{1}{\cos (x)}+\dfrac{\pi}{4}-1$,,,2019-03-31 10:12:51+00,1,2019-04-29 03:40:15+00,38,3,2,1
165,58,"",16,,Find the general solution of the equation $(t+2x) \cdot dt+x \cdot dx=0$ knowing that $t>0$ and $t+x>0$.,Basic,"$\frac{t}{t+x}+\ln (t+x)=C, \,C\in \mathbb{R}$.","$\frac{t}{t-x}+\ln (t+x)=C, \,C\in \mathbb{R}$.","$\ln( t)+\ln (t+x)^{2}=C, \,C\in \mathbb{R}$.","$\frac{t}{t+2x}+\ln (t+2x)=C, \,C\in \mathbb{R}$.",,,2019-03-31 10:24:39+00,1,2019-05-07 07:08:17+00,38,3,2,1
166,53,"",12,13,"Given a fixed point $P(a,b,c)$ in the first octant ($a>0,~b>0,~c>0$), consider a variable plane which contains $P$ and intersects the coordinate axes $O_x,$ $O_y$ and $O_z$ at the points $A,$ $B$ and $C,$ respectively. Find the minimum volume of the tetrahedron $OABC$.",Advanced,$\frac{9}{2}abc$,$\frac{abc}{3}$,$\frac{4}{3}abc$,$\frac{3}{2}abc$,,,2019-03-31 10:34:53+00,1,2019-05-30 04:13:51+00,67,3,1,1
167,58,"",16,,"Solve the following differential equation if the integrating factor is of the form  $\mu=\mu(x)$:
$$(y+\ln (x))dx-xdy=0, \text{where } x>0$$",Advanced,"$y(x)=Cx-1-\ln( x), \,x>0,\,C\in \mathbb{R}$.","$y(x)=Cx-1+\ln( x), \,x>0,\,C\in \mathbb{R}$.","$y(x)=\dfrac{C}{x}-1-\ln (x), \,x>0,\,C\in \mathbb{R}$.","$y(x)=\dfrac{C}{x}-1+\ln (x), \,x>0,\,C\in \mathbb{R}$.",,,2019-03-31 10:38:03+00,1,2019-04-26 10:21:50+00,38,4,1,1
168,58,"",16,,"Find the solution of the Cauchy problem

$\begin{cases}
x' \cdot \sin^{2}(t)+2x \cdot \sin( t) \cdot \cos( t) = 2\cos( t),\,t\in (0,\pi) \\
x\left(\dfrac{\pi}{2}\right)=1.
\end{cases}$",Basic,"$x(t)=\left(2\sin( t)-1\right)\dfrac{1}{\sin^{2}(t)}, \,t\in (0,\pi)$.","$x(t)=(2\sin( t)+1)\dfrac{1}{\sin^{2}(t)}, \,t\in (0,\pi)$.","$x(t)=(2\sin( t)\cos( t)-1)\dfrac{1}{\sin^{2}(t)}, \,t\in (0,\pi)$.","$x(t)=(2\sin( t)-1)\dfrac{1}{\cos^{2}(t)}, \,t\in (0,\pi)$.",,,2019-03-31 10:45:22+00,1,2019-05-06 09:11:42+00,38,2,2,1
169,58,"",16,,Find the general solution of the differential equation $x''+4x'+4x=2e^{-2t}$.,Basic,"$x(t)=C_{1}\operatorname{e}^{-2t}+C_{2}t\operatorname{e}^{-2t}+t^{2}\operatorname{e}^{-2t},\, C_{1}, C_{2}\in \mathbb{R}$.","$x(t)=C_{1}\operatorname{e}^{-2t}+C_{2}t\operatorname{e}^{-2t}+t\operatorname{e}^{-2t},\, C_{1}, C_{2}\in \mathbb{R}$.","$x(t)=C_{1}\operatorname{e}^{-2t}+C_{2}\operatorname{e}^{-2t}+t^{2}\operatorname{e}^{-2t},\, C_{1}, C_{2}\in \mathbb{R}$.","$x(t)=C_{1}\operatorname{e}^{-2t}+t^{2}\operatorname{e}^{-2t},\, C_{1}, C_{2}\in \mathbb{R}$.",,,2019-03-31 10:51:59+00,1,2019-04-26 09:25:31+00,38,5,3,1
170,58,"",16,,Find the general solution of the differential equation $x'''-3x'' +7x'-5x=e^t\cos( 2t)+te^t$.,Advanced,"$x(t)=C_{1}\operatorname{e}^{t}+C_{2}\operatorname{e}^{t}\cos (2t)+C_{3}\operatorname{e}^{t}\sin (2t)+\frac{1}{8}t^{2}\operatorname{e}^{t}-\frac{1}{8}t\operatorname{e}^{t}\cos (2t),\,C_{1}, C_{2}, C_{3}\in \mathbb{R}$","$x(t)=C_{1}\operatorname{e}^{t}+C_{2}\operatorname{e}^{t}\cos (2t)+C_{3}\operatorname{e}^{t}\sin (2t)+\frac{1}{8}\operatorname{e}^{t}-\frac{1}{8}t\operatorname{e}^{t}\cos (2t),\,C_{1}, C_{2}, C_{3}\in \mathbb{R}$","$x(t)=C_{1}\operatorname{e}^{t}+C_{2}\operatorname{e}^{t}\cos (2t)+C_{3}\operatorname{e}^{t}\sin (2t)+t^{2}\operatorname{e}^{t}-\frac{1}{8}t\operatorname{e}^{t}\cos (2t),\,C_{1}, C_{2}, C_{3}\in \mathbb{R}$","$x(t)=C_{1}e^{t}+C_{2}t\operatorname{e}^{t}\cos (2t)+C_{3}t\operatorname{e}^{t}\sin (2t)+t^{2}\operatorname{e}^{t}-t\operatorname{e}^{t}\cos (2t),\,C_{1}, C_{2}, C_{3}\in \mathbb{R}$",,,2019-03-31 10:55:56+00,1,2019-05-06 17:24:10+00,38,5,3,1
171,53,"",15,41,"Determine the set of continuity points of the function $f:\mathbb{R}^{2} \rightarrow \mathbb{R}$ given by 
$f(x,y) = \begin{cases}
\dfrac{(x^{4}-y^{2})^{2}}{x^6} & \text{if } y^{2}<{x^{4}} \\
y & \text{if }y^{2}\geq {x^{4}}
\end{cases}$.",Advanced,"$\left\{(x,y)\in\mathbb{R}^{2} \mid y^{2} \neq x^{4}\right\} \cup\left\{\left(0,0\right)\right\}$.","$\left\{\left(0,0\right)\right\}$.","$\left\{(x,y) \in \mathbb{R}^{2} \mid y^{2} \neq x^{4}\right\}$.",$\mathbb{R}^{2}$.,,,2019-03-31 11:01:49+00,1,2019-05-30 04:14:01+00,67,5,2,1
172,58,"",16,,"Find the general solution for the differential equation system

$\begin{cases}
x'(t)=2x+y \\
y'(t)=x+3y-z \\
z'(t)=-x+2y+3z
\end{cases}$",Basic,"$\begin{cases}
x(t)=C_{1}e^{2t}+C_{2}e^{3t}(2\cos (t)-\sin (t))+C_{3}e^{3t}(\cos (t)+2\sin (t))\\
y(t)=C_{2}e^{3t}(\cos (t)-3\sin (t))+C_{3}e^{3t}(3\cos (t)+\sin (t))\\
z(t)=C_{1}e^{2t}+5C_{2}e^{3t}\cos (t)+5C_{3}e^{3t}\sin (t),
\end{cases}$ 
where $C_{1}, C_{2}, C_{3} \in \mathbb{R}$.","$\begin{cases}
x(t)=C_{1}e^{2t}+C_{2}e^{3t}(\cos (t)+\sin (t))+C_{3}e^{3t}(\cos (t)-2\sin (t))\\
y(t)=C_{2}e^{3t}(\cos (t)-3\sin (t))+C_{3}e^{3t}(3\cos (t)+\sin (t))\\
z(t)=C_{1}e^{2t}+5C_{2}e^{3t}\cos (t)+5C_{3}e^{3t}\sin (t),
\end{cases}$
where $C_{1}, C_{2}, C_{3} \in \mathbb{R}$.","$\begin{cases}
x(t)=C_{1}e^{2t}+C_{2}e^{3t}(2\cos (t)-\sin (t))+C_{3}e^{3t}(\cos (t)+2\sin (t))\\
y(t)=C_{2}e^{3t}(\cos (t)+3\sin (t))+C_{3}e^{3t}(3\cos (t)-\sin (t))\\
z(t)=C_{1}e^{2t}+2C_{2}e^{3t}\cos t+3C_{3}e^{3t}\sin t,
\end{cases}$
where $C_{1}, C_{2}, C_{3} \in \mathbb{R}$.","$\begin{cases}
x(t)=C_{1}e^{2t}+C_{2}e^{t}(2\cos (t)-\sin (t))+C_{3}e^{t}(\cos (t)+2\sin (t))\\
y(t)=C_{2}e^{t}(\cos (t)-3\sin (t))+C_{3}e^{t}(3\cos (t)+\sin (t))\\
z(t)=C_{1}e^{2t}+5C_{2}e^{t}\cos (t)+5C_{3}e^{t}\sin (t),
\end{cases}$
where $C_{1}, C_{2}, C_{3} \in \mathbb{R}$.",,,2019-03-31 11:03:23+00,1,2019-05-06 17:58:15+00,38,1,1,1
173,53,"",15,41,"In case of existence, compute the $\lim\limits_{(x,y,z) \rightarrow (0,0,0)}\left(  x^2+y^2+z^2\right)
^{(xy+yz+zx)^2}$.",Basic,The limit exists and is equal to $0$.,The limit does not exist.,The limit exists and is equal to $e^1$.,The limit exists and is equal to $1$.,,,2019-03-31 11:05:38+00,1,2019-05-30 04:14:14+00,67,5,2,1
174,53,"",15,41,"Consider the function $f: \mathbb{R}^2 \rightarrow \mathbb{R}$ given by

$$f(x,y)=\begin{cases}
(x^2+y^2) \cdot \sin\left(\dfrac{1}{\sqrt{x^2+y^2}}\right) & \text{if } (x,y) \neq (0,0) \\
0 & \text{if } (x,y) = (0,0)
\end{cases}$$

Establish if $f$ is differentiable at $(0,0)$ and if $\dfrac{\partial f}{\partial x}$ and $\dfrac{\partial f}{\partial y}$ exist and are continuous at $(0,0)$.",Basic,"$f$ is differentiable at $(0,0)$, but $\dfrac{\partial f}{\partial x}$ and $\dfrac{\partial f}{\partial y}$ are not continuous at $(0,0)$.","$f$ is not differentiable at $(0,0)$, and $\dfrac{\partial f}{\partial x}, \dfrac{\partial f}{\partial y}$ are not continuous at $(0,0)$.","$f$ is differentiable at $(0,0)$, and $\dfrac{\partial f}{\partial x}, \dfrac{\partial f}{\partial y}$ are continuous at $(0,0)$.","$f$ is differentiable at $(0,0)$, and $\dfrac{\partial f}{\partial x}$ and $\dfrac{\partial f}{\partial y}$ do not exist at $(0,0)$.",,,2019-03-31 11:12:14+00,1,2019-05-30 04:14:25+00,67,5,2,1
175,53,"",15,41,"Consider the function $f:\mathbb{R}^{2} \rightarrow \mathbb{R}$ given by

$$f(x,y):=\begin{cases}
xy\dfrac{x^2-y^2}{x^2+y^2} & \text{if } (x,y)=(0,0) \\
0 & \text{if } (x,y) = (0,0)
\end{cases}$$

Calculate the second order derivatives at $(0,0)$ and establish if they are equal.",Basic,"$1 = \dfrac{\partial^2 f}{\partial x \partial y}(0,0) \neq \dfrac{\partial^2 f}{\partial y \partial x}(0,0) = -1$.","$\dfrac{\partial^2 f}{\partial x \partial y}(0,0) = \dfrac{\partial^2 f}{\partial y \partial x}(0,0) = -1$.","$\dfrac{\partial^2 f}{\partial x \partial y}(0,0) = \dfrac{\partial^2 f}{\partial y \partial x}(0,0) = 1$.","$\dfrac{\partial^2 f}{\partial x \partial y}(0,0) = \dfrac{\partial^2 f}{\partial y \partial x}(0,0)=0$.",,,2019-03-31 11:20:02+00,1,2019-05-30 04:14:40+00,67,1,1,1
176,53,"",4,4,"If $f$ is given by $f(x,y)=(x^{2}%
+y^{2})\arctan\bigg(\dfrac{y}{x}\bigg)$, compute the expression $x^{2}\dfrac{\partial
^{2}f}{\partial x^{2}}+2xy\dfrac{\partial^{2}f}{\partial x\partial y}%
+y^{2}\dfrac{\partial^{2}f}{\partial y^{2}}.$",Advanced,"$x^{2}\dfrac{\partial^{2}f}{\partial x^{2}}+2xy\dfrac{\partial^{2}f}{\partial
x\partial y}+y^{2}\dfrac{\partial^{2}f}{\partial y^{2}}=2f(x,y)$","$x^{2}\dfrac{\partial^{2}f}{\partial x^{2}}+2xy\dfrac{\partial^{2}f}{\partial
x\partial y}+y^{2}\dfrac{\partial^{2}f}{\partial y^{2}}=f(x,y)$","$x^{2}\dfrac{\partial^{2}f}{\partial x^{2}}+2xy\dfrac{\partial^{2}f}{\partial
x\partial y}+y^{2}\dfrac{\partial^{2}f}{\partial y^{2}}=-f(x,y)$","$x^{2}\dfrac{\partial^{2}f}{\partial x^{2}}+2xy\dfrac{\partial^{2}f}{\partial
x\partial y}+y^{2}\dfrac{\partial^{2}f}{\partial y^{2}}=\arctan\bigg(\dfrac{y}{x}\bigg)$",,,2019-03-31 11:32:01+00,1,2019-08-17 17:51:54+00,37,5,1,1
177,41,"",14,,"Throughout the week, a web store recorded the number of mobile phones sold per day:

$\begin{array}{ |l|c|c|c|c|c|c|c| } 
 \hline
 \text{Weekday}&\text{I} &\text{II} & \text{III} &\text{IV}& \text{V}&\text{VI}&\text{VII} \\ 
\hline
\text{Number of sold phones}& 12& 8&12&4&8&11&12 \\ 
 \hline
\end{array}$

Find the mode of the number of sold phones.",Basic,$12$,$8$,$4$,$11$,,,2019-04-03 11:38:27+00,1,2019-04-08 17:39:06+00,37,1,3,1
178,41,"",14,,"A sample of 8 medical institutions in the country, found these monthly expenses for stationery (in euros): $69, 48, 99, 87, 93, 84, 80,$ and $98$. The expenses of the Red Cross hospital, which was not in the sample, were $1.5$ standard deviations below the sample mean. What were the expenses of the Red Cross hospital?",Basic,$56.75$,$107.75$,$106.10$,$58.40$,,,2019-04-03 11:43:17+00,1,2019-04-08 17:39:35+00,37,3,2,1
179,41,"",14,,A researcher studies the wind speed in a particular city. A sample of two hundred observations was recorded. The mean speed was calculated to be $10 m/s$ and the median speed was calculated to be $7 m/s$. Which of the following interpretations is correct?,Basic,$50\%$ of the sampled observations had speed that was less than or equal to $7 m/s$.,The most frequently occurring wind speed in the sample was $7 m/s$.,$50\%$ of the sampled observations had speed that was equal to $7 m/s$.,$50\%$ of the sampled observations had speed that was less than or equal to $10 m/s$.,,,2019-04-03 11:50:11+00,1,2019-04-08 17:40:40+00,37,2,2,1
180,41,"",14,,"For the distribution shown below, identify the mean, the median, and the mode.",Basic,"X is the mean, Y is the median, and Z is the mode.","Y is the mean, Z is the median, and X is the mode.","Z is the mean, X is the median, and Y is the mode.","Z is the mean, Y is the median, and X is the mode.",distr1.jpg,jpg,2019-04-03 11:54:05+00,1,2019-04-08 17:41:15+00,37,1,3,1
181,41,"",14,,"Calculate the range of the following data set: $76, 75, 73, 72, 75, 76, 77, 78, 75, 76, 76, 75, 76, 77, 76, 80, 76, 73, 74, 77$.",Basic,$8$,$80$,$72$,$152$,,,2019-04-03 11:56:24+00,1,2019-04-08 17:41:40+00,37,1,3,1
182,41,"",14,,"The monthly amounts of steam (in pounds) used in a sample of eight chemical plants are listed below. Calculate the standard deviation of the usage. Round the result to two decimal places.

$$185, 214, 288, 424, 454, 540, 230, 490$$",Basic,$139.32$,$16984.86$,$130.33$,$19411.32$,,,2019-04-03 11:58:15+00,1,2019-04-08 17:42:06+00,37,2,3,1
183,41,"",14,,"The diameters of six randomly chosen oak stems are $1.8, 1.5, 2.0, 2.5, 1.0,$ and $3.0$. Calculate the sample variance of these diameters (with the precision of two decimal places).",Basic,$0.51$,$0.42$,$0.71$,$0.65$,,,2019-04-03 12:01:08+00,1,2019-04-08 17:42:30+00,37,2,2,1
184,41,"",14,,"For evaluating the lifespan of tyres of a particular brand, the distances (in km) driven before the tyres were worn out were recorded for a random sample of $100$ cars. 
The data was agregated in a frequency table shown below. Which statement is true? 

$\begin{array}{ |c|c|} 
\hline
\text{Kilometers}&\text{Frequency} \\ 
\hline
0 -30 000& 15\\ 
30 001 - 60 000 & 25\\ 
60 001 - 90 000 & 60\\ 
 \hline
\end{array}$",Basic,The sample range is at least $30 001$ but at most $90 000$.,The sample range is $100$.,The sample range is at least $30 000$ but  at most $90 000$.,The sample range is $90 000$.,,,2019-04-03 12:10:08+00,1,2019-04-08 17:42:56+00,37,2,2,1
185,41,"",14,,"If the mode is smaller than the median and the median is smaller than the mean, the distribution is:",Basic,positively skewed.,negatively skewed.,symmetrical.,normal.,,,2019-04-03 12:11:46+00,1,2019-04-08 17:43:12+00,37,4,4,1
186,41,"",14,,"The study of oak heights was conducted in the Wolf forest, which has approximately $1000$ oaks. The heights of $10$ randomly chosen oaks from this forest are $20, 18, 19, 25, 30, 22, 29, 21, 17,$ and $20$. What is the sample size in this study?",Basic,$10$,$1000$,$1010$,$990$,,,2019-04-03 12:16:51+00,1,2019-04-08 17:43:39+00,37,1,3,1
187,41,"",14,,The university rector wants to know the average age of the final year students at his university. The sample of $100$ students was randomly chosen from the database. What is the variable of interest in this situation?,Basic,The age of the final year students.,The final year students.,All university students.,$100$ students from this university.,,,2019-04-03 12:18:36+00,1,2019-05-04 17:37:07+00,37,2,3,1
188,41,"",14,,The Fire Safety Department conducted a study to determine the percentage of households in the country that have smoke detectors. $1000$ households were checked and $875$ of them had a detector. Identify the sample of interest.,Basic,The $1000$ households that were checked.,All the households of the country.,All the smoke detectors of the country., All the households that have a detector.,,,2019-04-03 12:20:15+00,1,2019-05-04 17:37:45+00,37,3,2,1
189,41,"",14,,The Fire Safety Department conducted a study to determine the percentage of households in the country that have smoke detectors. $1000$ households were checked and $875$ of them had a detector. Identify the population of interest in this case.,Basic,All the households of the country. ,All the smoke detectors of the country., All the households that have a detector., The $1000$ households that were checked.,,,2019-04-03 12:21:37+00,1,2019-05-04 17:38:40+00,37,3,2,1
190,41,"",14,,What are the possible types of data in statistics?,Basic,"Numerical (quantitative), categorical (qualitative or nominal), and ordinal (ranked).",Random and not random., Continuous and discrete.,Numerical and nominal.,,,2019-04-03 12:23:14+00,1,2019-05-04 17:39:06+00,37,3,2,1
191,41,"",14,,Which kind of data describing a salary will not be quantitative? ,Basic,The currency. ,The amount.,The percentage of that salary in the whole family income.,The number of digits in the amount.,,,2019-04-03 12:24:29+00,1,2019-05-04 17:39:40+00,37,2,2,1
192,38,"",5,5, Find $\displaystyle \int \sqrt{1-x^2}\: dx$ ,Basic,$\displaystyle \frac{1}{2}\arcsin{(x)}+\frac{x}{2}\sqrt{1-x^2}+c$,"$\arcsin{(1-x^2)}+c$
","$\sqrt{1-x^2}+c$
",$x+c$,,,2019-04-03 16:14:00+00,1,2019-09-26 06:41:23+00,61,3,1,1
193,41,"",14,,"Use the sample below to choose the correct statement.

$\begin{array}{ |c|c|} 
\hline
\text{Number of children}&\text{Frequency}  \\ 
\hline
0 & 10 \\
1 & 13 \\
2 & 24 \\
3 & 12 \\
4 & 8\\
5 & 2 \\
6 & 1 \\
\hline
\end{array}$",Basic,"The lower quartile is $1$, the upper quartile is $3$, and the median is $2$.","The lower quartile is $0$, the upper quartile is $6$, and the median is $3$.","The lower quartile is $10$, the upper quartile is $1$, and the median is $12$.","The lower quartile is $1$, the upper quartile is $3$, and the median is $1$.",,,2019-04-04 00:29:16+00,1,2019-05-05 04:57:55+00,37,4,2,1
194,41,"",14,,"The number of theater tickets purchased per year was sampled for $20$ randomly selected people:
$6, 4, 7, 9, 9, 11, 2, 6, 9, 4, 5, 3, 3, 5, 5, 2, 5, 6, 7,$ and $6$. What is the $30^{th}$ percentile for this sample?",Advanced,$4.7$,$5.5$,$11$,$4$,,,2019-04-04 00:30:35+00,1,2019-05-04 17:41:41+00,37,5,5,1
195,41,"",14,,"For the summary of a sample given below, identify the possible outliers using the interquartile range.

$\begin{array}{ |c|c|c|c|c|} 
\hline
\text{MIN}&\text{$Q_1$}&\text{Median}&\text{$Q_3$}&\text{MAX}  \\ 
\hline
10 & 17& 18& 23& 78 \\
\hline
\end{array}$",Advanced,The outlier is $78$.,The outliers are $10$ and $78$.,The outlier is $30$.,"The outliers are $17$, $18$ and $23$.",,,2019-04-04 00:36:44+00,1,2019-05-04 17:44:14+00,37,5,5,1
196,41,"",14,,The given boxplot describes certain sampled data. Which of the following statements about the sample characteristics is correct?,Advanced,"Min $=2$, Max $=11.5$, $Q_1=3$, $Q_3=10$, and Median $=5$.","Min $=3$, Max $=10$, $Q_1=2$, $Q_3=11.5$, and Median $=5$.","Min $=2$, Max $=11.5$, $Q_1=3$, $Q_3=5$, and Median $=10$.","Min $=2$, Max $=11.5$, $Q_1=7$, $Q_3=5$, and Median $=4.5$.",box_plot.png,png,2019-04-04 00:38:46+00,1,2019-05-04 17:46:20+00,37,4,4,1
197,41,"",14,,"A survey was conducted to determine how people appreciate the medical care system in their country. The range of ratings is from $0$ (unsatisfied at all) to $10$ (satisfied very much). The stem-and-leaf displays the results.

$\begin{array}{ c|l} 
1 & 1 4 5 2  \\ 
2 & 2 5 7 1 \\
4 & 2 8 1 \\
6 & 9 8 2 \\
8 & 1 9 3 \\
9 & 9 1 4
\end{array}$

What percentage of the respondents rated the medical care system by at least $5$?",Advanced,Approximately $32.7 \%$.,Approximately $50 \%$.,Approximately $43.2 \%$.,Approximately $73.8$.,,,2019-04-04 00:41:40+00,1,2019-05-04 17:47:26+00,37,2,2,1
198,41,"",14,,"The contingency table below shows the results of a random sample of $499$ students that was drawn to see whether or not their sports habits are dependent on the university where they are studying. 
Use the chi-square distribution to determine the rejection region for this test when testing at $\alpha = 0.01$.

$\begin{array}{ |r|lll|} 
\hline
& \rlap{\textbf{University}}   \\  
\textbf{Sport habits} &A&B& C\\   \hline
\text{Exercise}&104&50&11 \\   \hline
\text{No exercise}&50&37&12 \\   \hline
\text{Exercise non regularly}&148&73&14  \\   \hline
\end{array}$",Advanced,Reject $H_0$ if $ \chi^2> 13.277$.,Reject $H_0$ if $ \chi^2> 16.812$.,Reject $H_0$ if $ \chi^2> 11.345$.,Reject $H_0$ if $ \chi^2> 12.592$.,tables.pdf,pdf,2019-04-04 01:35:25+00,1,2019-05-04 17:48:23+00,37,5,5,1
254,66,"",4,3,Get the second derivative of $y=4x^4+5x^3-3x^2-4x+7$.,Basic,$\frac{d^2y}{dx^2}=48x^2+30x-6$,$\frac{d^2y}{dx^2}=32x^2+30x+4$,$\frac{d^2y}{dx^2}=48x^2-30x+6$,$\frac{d^2y}{dx^2}=32x^2-30x-6$,,,2019-04-12 03:59:33+00,1,2019-08-15 10:04:02+00,37,1,1,1
199,41,"",14,,"Researchers have claimed that the average number of exercise hours per student during a month is $11$. The students in mathematics believe that the real average is higher. In a sample of $n = 50$ students, the mean exercise time is $15$ hours with a deviation of $4$ hours. Which of the following represent the null and alternative hypotheses necessary to test the students' belief?",Advanced,$H_0: \mu = 11$ v.s. $H_a: \mu > 11$.,$H_0: \mu = 15$ v.s. $H_a: \mu = 11$.,$H_0: \mu = 15$ v.s. $H_a: \mu > 15$.,$H_0: \mu = 11$ v.s. $H_a: \mu \neq 11$.,,,2019-04-04 01:41:15+00,1,2019-05-04 17:49:27+00,37,4,4,1
200,41,"",14,,Find the $z_{\frac{\alpha}{2}}$ for the construction of a $90\%$ confidence interval with a sample of $20$ observations.,Advanced,$1.644$,$0.000$,$1.281$,$2.326$,tables.pdf,pdf,2019-04-04 01:42:43+00,1,2019-05-05 05:06:18+00,37,5,5,1
201,41,"",14,,Find the $t_{\frac{\alpha}{2}}$ value for a $80\%$ confidence interval when the sample size is $15$.,Basic,$1.345$,$1.341$,$1.350$,$0.841$,tables.pdf,pdf,2019-04-04 01:45:28+00,1,2019-05-05 05:01:47+00,37,5,5,1
202,41,"",14,,What is the best point estimate of the population mean?,Basic,The sample mean.,The population median.,The sample mode.,Tha sample median.,,,2019-04-04 01:50:51+00,1,2019-05-05 05:03:23+00,37,3,3,1
203,41,"",14,,"The hypothesis $H_0: \sigma^2=1$ and $H_a:  \sigma^2 \neq 1$ was tested. From the test calculation we get  $\sigma^2=1$, when, in fact, the true value is not $1$. What type of error was made?",Advanced,Type $II$ error.,Type $I$ error.,Type $III$ error.,No error was made.,,,2019-04-04 01:52:56+00,1,2019-04-27 10:40:45+00,37,5,5,1
204,41,"",14,,The significance level for a hypothesis test is $0.05$. Choose the correct interpretation.,Basic,The probability to make a Type $I$ error is $0.05$., The probability of making a Type $II$ error is $0.95$.,The probability that the sample is randomly selected is $0.05$.,"The probability, that the null hypothesis will be rejected is $0.05$.",,,2019-04-04 01:54:58+00,1,2019-04-27 10:43:45+00,37,4,2,1
205,41,"",14,,Identify the value related to the probability of not making a Type $II$ error. ,Advanced,$(1-\beta)$.,$\beta$.,$p$-value.,$(1-\alpha)$.,,,2019-04-04 01:56:46+00,1,2019-04-27 10:42:06+00,37,4,4,1
206,41,"",14,,"A report of an insurance company stated that $79\%$ of children under age $16$ in a certain country were covered by a health insurance in $2013$. In a recent study of $980$ children under age $16$, $654$ had a health insurance. If a researcher wants to test whether the percentage of insured children has changed since $2013$, which null and the alternative hypotheses should be used? ",Advanced,$H_0: p = 0.79$ v.s. $H_a: p \neq 0.79$.,$H_0:  p= 0.67$ v.s. $H_a: p \neq 0.67$.,$H_0: p = 0.79$ v.s. $H_a: p > 0.79$. ,$H_0: p = 0.79$ v.s. $H_a: p < 0.79$. ,,,2019-04-04 01:59:14+00,1,2019-05-05 05:05:24+00,37,5,5,1
207,41,"",14,,Which value is computed from the sample data to decide whether or not to accept the null hypothesis?,Advanced,Test statistic.,Probability of making the Type I error.,Critical value of the particular distribution.,Parameter of the population distribution.,,,2019-04-04 02:04:36+00,1,2019-04-27 10:47:56+00,37,4,4,1
208,41,"",14,,"The $95\%$ confidence interval for the age variance of children in The Amusement Park is $[1.5; 8,5]$. Find the critical values of the chi-squared distribution, if a sample of $20$ children has a standard deviation of $2.1$ years. ",Advanced,$\chi^2_{\alpha/2}=32.852$ and $\chi^2_{1-\alpha/2}=8.907$.,$\chi^2_{\alpha/2}=31.410$ and $\chi^2_{1-\alpha/2}=10.851$.,$\chi^2_{\alpha/2}=34.170$ and $\chi^2_{1-\alpha/2}=9.591$.,$\chi^2_{\alpha/2}=33.157$ and $\chi^2_{1-\alpha/2}=9.999$.,tables.pdf,pdf,2019-04-04 02:06:42+00,1,2019-05-05 05:07:25+00,37,5,5,1
209,41,"",14,,"Given the sample data

$\begin{array}{ |r|c|c|} 
\hline
&\text{ Group I}& \text{ Group II}\\   \hline
\text{Sample size}&90&85\\
\text{Mean}&70&60\\
\text{Standard deviation}&8&8 \\   \hline
\end{array}$

Which hypothesis should be tested for verifying if the group $I$ has a higher mean score than the group $II$?",Advanced,$H_0: \mu_I = \mu_{II}$ v.s. $H_a:  \mu_I >  \mu_{II}$.,$H_0: \sigma^2_I =\sigma^2_{II}$ v.s. $H_a: \sigma^2_I >\sigma^2_{II}$.,$H_0: \mu_I > \mu_{II}$ v.s. $H_a:  \mu_I \leq \mu_{II}$.,$H_0: \mu_I = \mu_{II}$ v.s. $H_a:  \mu_I \neq \mu_{II}$.,,,2019-04-04 02:10:51+00,1,2019-04-27 10:51:20+00,37,5,5,1
210,41,"",14,,Which statement about the parametric and nonparametric hypotheses is correct?,Advanced, All listed statements are correct.,Parametric tests involve particular distributions and parameter (e.g. mean or median) estimation for those distributions from the sample data.,Nonparametric tests are generally based on fewer assumptions than parametric ones.,Nonparametric tests do not require normally distributed sample data.,,,2019-04-04 02:13:32+00,1,2019-04-27 10:53:27+00,37,4,4,1
211,41,"",14,,Medical researchers analyze how different dosages of a drug affect the duration of relief from allergic symptoms. They want to develop a statistical model to predict the time of relief (in days) based on the dosage of a new drug. Identify the predictor variable and the response variable.,Basic,The predictor variable is a dosage of a new drug; the response variable is the time of relief.,The predictor variable is the time of relief; the response variable is the dosage of the new drug.,The predictor variable is the mean of time of relief; the response variable is the mean of dosage of the new drug.,The predictor variable is the mean of dosage of a new drug; the response variable is the mean of time of relief. ,,,2019-04-04 02:15:03+00,1,2019-04-27 10:54:30+00,37,3,2,1
212,41,"",14,,"The authorities of the city want to predict the price $y$ of a house, depending on its environment. The environment value $x$ is estimated by a special complex index. In this situation, identify the correct interpretation of the coefficients in the fitted regression line $\hat{y} = 200000+30000x$. ",Advanced,The slope is equal to $30 000$ and implies that for every unit increase in the environment index the mean value of the house price is estimated to increase by $30 000$ units.,"The slope of $30 000$ implies that for every unit increase in house price, the mean value of the environment index is estimated to increase by $30 000$ units.",The y-intercept implies that the estimated mean price of a house is equal to $30 000$ units when the index of the environment is equal to $0$ units., No correct answer.,,,2019-04-04 02:17:50+00,1,2019-05-05 05:12:35+00,37,3,4,1
215,38,"",18,9,"Find the solution of the following linear system: 
$$\begin{cases}
&x &+ &y &+ &z &= &5 \\
&5x &+ &3y &+ &2z &= &0 \\
& & &y &- &z &= &0
\end{cases}$$",Basic,"The solution is the vector $(-5,5,5)$.","The solution is the vector $(-5,0,5)$.","The solution is the vector $(-1,8,5)$.","The solution is the vector $(0,5,1)$.",,,2019-04-06 13:59:04+00,1,2019-04-06 16:25:04+00,37,1,5,1
255,66,"",4,3,Get second derivative of $y=4\sin(2x)-\cos(x)$.,Basic,$\dfrac{d^2y}{dx^2}=-16\sin(2x)+\cos(x)$,$\dfrac{d^2y}{dx^2}=16\cos(2x)-\sin(x)$,$\dfrac{d^2y}{dx^2}=-16\cos(2x)+\sin(x)$,$\dfrac{d^2y}{dx^2}=-16\sin(2x)-\cos(x)$,,,2019-04-12 04:03:19+00,1,2019-09-08 15:05:23+00,37,2,4,1
216,38,"",18,9,"Find the solution of the following linear system:
$$\begin{cases}
&x &+ &y &+ &z &= &5 \\ 
&5x &+ &3y &+ &2z &= &0 \\ 
&x &+ &y &- &z &= &0
\end{cases}$$",Basic,"The solution is $x=-\dfrac{25}{4},\ y=\dfrac{35}{4}$ and $z=\dfrac{5}{2}$.",The system has no solutions.,The system has infinitely many solutions depending on one parameter.,The system has infinitely many solutions depending on two parameters.,,,2019-04-06 14:12:04+00,1,2019-04-06 16:28:52+00,37,1,5,1
217,38,"",18,9,"Find the solution of the following linear system:
$$\begin{cases}
&x &+ &y &+ &z &= &0 \\
&-x &+ &3y &+ &2z &= &-1 \\
&2x &+ &y &- &z &= &0
\end{cases}$$",Basic,"The vector solution is $\left(\dfrac{2}{9},-\dfrac{1}{3},\dfrac{1}{9}\right)$.",The system has no solutions.,The system has infinitely many solutions depending on one parameter.,The system has infinitely many solutions depending on two parameters.,,,2019-04-06 15:41:37+00,1,2019-04-06 16:41:56+00,37,1,5,1
218,38,"",18,9,"Find the solution of the following linear system:
$$\begin{cases}
&5x &- &10y &+ &10z &= &8 \\
&-x &+ &2y &+ &z &= &-2 \\
&x &- &2y &+ &2z &= &-3
\end{cases}$$",Basic,The system has no solution.,"The solution vector is $\left(0, \dfrac{1}{3},  -\dfrac{2}{15}\right)$.",The system has infinitely many solutions depending on one parameter.,The system has infinitely many solutions depending on two parameters.,,,2019-04-06 15:47:27+00,1,2019-04-06 17:19:12+00,37,2,4,1
219,38,"",18,9,"Find the solution of the following linear system:
$$\begin{cases}
&x_1 &- &x_2 &- &3x_3 &+ &4x_4 &= &1 \\
&x_1 &+ &x_2 &+ &x_3 &+ &2x_4 &= &-1 \\
& &- &x_2 &- &2x_3 &+ &x_4 &= &1 \\
&x_1 &+ &2x_2 &+ &3x_3 &+ &x_4 &= &-2
\end{cases}$$",Basic,"The system has many solutions depending on two parameters:
$$(x_3-3x_4,-1-2x_3+x_4, x_3, x_4), \, \forall x_3,x_4\in\mathbb{R}$$",The system has no solution.,"The system has many solutions depending on one parameter:
$$(1-3x_4,-1+x_4, 1, x_4), \, \forall x_4\in\mathbb{R}$$.","The solution is the vector $\left( \dfrac{1}{3}, 0, -\dfrac{1}{3},1\right)$.",,,2019-04-06 15:52:02+00,1,2019-04-06 17:35:58+00,37,3,3,1
220,38,"",18,9,"Find the solution of the following linear system:
$$\begin{cases}
&x &+ &y &+ &z &= &0 \\
&-x &- &y &+ &2z &= &-1 \\
&x &+ &y &- &5z &= &0
\end{cases}$$",Basic,The system has no solution.,"The vector solutiom is $\left(0,-\dfrac{1}{2},\dfrac{1}{2}\right)$.",The system has infinitely many solutions depending on one parameter.,The system has infinitely many solutions depending on two parameters.,,,2019-04-06 16:08:31+00,1,2019-04-07 05:50:37+00,37,2,4,1
221,38,"",18,9,"Find the solution of the following system:
$$\begin{cases}
&x &+ &y &+ &z &= &0 \\ 
&-x &- &y &+ &2z &= &-1 \\ 
&x &+ &y &- &5z &= &2
\end{cases}$$",Basic,"The system has infinitely many solutions depending on one parameter:
$$\left( -y+\dfrac{1}{3},y, -\frac{1}{3}\right),\, \forall y\in\mathbb{R}$$.","The system has infinitely many solutions depending on two parameters:
$$\left( -y+\dfrac{1}{3}z,y, z\right),\, \forall y,z\in\mathbb{R}$$.",The system has no solution.,"The vector solution is $(-10,3, -3)$.",,,2019-04-06 16:17:23+00,1,2019-04-06 17:22:59+00,37,2,5,1
222,38,"",18,9,"Find the solution of the following linear system:
$$\begin{cases}
&x &+ &y &+ &z &= &0 \\ 
&-x &- &y &+ &2z &= &0 \\ 
&3x &- &y &- &5z &= &0
\end{cases}$$",Basic,"The vector solution is $(0,0,0)$.",The system has no soution.,"The system has infinitely many solutions depending on one parameter:
$$(3+z,2-2z,z),\, \forall z\in \mathbb{R}$$.","The system has infinitely many solutions depending on two parameter:
$$(3+z+y,y,z),\, \forall y,z\in \mathbb{R}$$.",,,2019-04-06 16:24:29+00,1,2019-04-07 05:51:49+00,37,1,5,1
223,38,"",18,9,"Find the solution of the following linear system:
$$\begin{cases}
&2x &- &y &+ &3z &= &8 \\
&-3x &+ &2y &+ &z &= &-7 \\
&-2x &+ &y &+ &2z &= &-3
\end{cases}$$",Basic,"The vector solution is $(2,-1,1)$.","The vector solution is $(2,-11,10)$.",The system has no solution.,"The vector solution is $ (10,-11,2)$.",,,2019-04-06 16:53:44+00,1,2019-04-06 17:25:28+00,37,1,5,1
224,37,"",18,9,"Solve the following linear system of equations:
$$\begin{cases}
&x &+ &y &+ &z &= &0 \\
&-x &+ &3y &+ &2z &= &-12 \\ 
&x &- &z &+ &y &= &0
\end{cases}$$",Basic,"$\left(x,y,z\right)=\left(3,-3,0 \right)$.","$\left(x,y,z\right)=\left(3,0,-3 \right)$.","$\left(x,y,z\right)=\left(0,-3,3 \right)$.","$\left(x,y,z\right)=\left(-3,3,0 \right)$.",,,2019-04-06 16:59:56+00,1,2019-04-06 17:57:20+00,38,1,5,1
225,43,"",18,9,"Find the solutions $\left(\text{in } \mathbb{R}^2\right)$ of the following linear system:
$$\begin{cases}
x &+ &y &= &3 \\
x &- &y &= &1
\end{cases}$$",Basic,"The system has $(2,1)$ as unique solution.","The system has $(1,2)$ as unique solution.",The system has no solutions.,"The system has $(1,2)$ and $(2,1)$ as solutions.",,,2019-04-08 02:56:16+00,1,2019-07-31 17:42:21+00,64,1,5,1
226,43,"",18,9,"Does the following linear system have solutions in $\mathbb{Z}^{3}$? If yes, describe them:
$$\begin{cases}
x &+ &y &+ &z &= &0 \\
x &- &y &+ &z &= &1 \\
3x &- &y &+ &3z &= &0
\end{cases}$$",Advanced,The system has no solutions in $\mathbb{Z}^{3}$.,"The system has a unique solution in $\mathbb{Z}^{3}$, which is $(1,-1,-2)$.",All the solutions of the system are in $\mathbb{Z}^{3}$.,"The system has two solutions in $\mathbb{Z}^{3}$, which are $(1,-1,2)$ and $(-1,1,-2)$.",,,2019-04-08 03:05:32+00,1,2019-04-29 17:09:15+00,37,2,3,1
227,43,"",18,9,"Find the solutions $\left(\text{in } \mathbb{C}^2\right)$ of the following linear system:
$$\begin{cases}
z &- &iw &= &1 \\
iz &- &w &= &1
\end{cases}$$",Basic,"The system has $\bigg(\frac{1-i}{2},\frac{-1+i}{2}\bigg)$ as unique solution.",The system has no solutions.,"The system has $(z,-iz)$ as solution for every $z\in\mathbb{C}$.","The system has $\bigg(\frac{1-i}{2},\frac{1+i}{2}\bigg)$ as unique solution.",,,2019-04-08 03:17:52+00,1,2019-04-27 11:37:00+00,37,3,3,1
228,43,"",18,9,"Find the solutions of the following linear system:
$$\begin{cases}
-x &+ &y &+ &z &= &0 \\
x &+ &3y &- &z &= &0
\end{cases}$$",Basic,"The system has $(x,0,x)$ as solution for every $x\in\mathbb{R}$.",The system has no solutions.,"The system has $(1,0,1)$ as unique solution.","The system has $(0,y,y)$ as solution for every $y\in\mathbb{R}$.",,,2019-04-08 03:21:16+00,1,2019-04-27 11:38:51+00,37,2,4,1
229,43,"",18,9,"Find the solutions $\left(\text{in } \mathbb{R}^{2} \right)$ of the following linear system:
$$\begin{cases}
x &- &y &+ &z &+ &2t &= &2 \\
2x &+ &3y &+ &7z &+ &4t &= &-1
\end{cases}$$",Basic,"The system has $\left(1-2z-2t,\,-1-z,\,z,\,t\right)$ as solution for every $z,t\in\mathbb{R}$.",The system has no solutions.,"The system has $\left(1-2z,\,-1-z,\,z,\,0\right)$ as solution for every $z\in\mathbb{R}$.","The system has $\left(1,-1,0,0\right)$ as its unique solution.",,,2019-04-08 03:25:35+00,1,2019-09-24 08:46:10+00,43,3,3,1
230,43,"",18,9,"Find the solutions of the following linear system:
$$\begin{cases}
2x &+ &y &- &z &= &1 \\ 
x &+ &y &+ &z &= &2 \\ 
x &- &y &- &z &= &0
\end{cases}$$",Basic,"The system has $\left(1,0,1\right)$ as its unique solution.",The system has no solutions.,"The system has $\left(1,0,1\right)$ and $\left(1,0,-1\right)$ as its solutions.","The system has $\left(x,0,x\right)$ as solution for every $x\in\mathbb{R}$.",,,2019-04-08 03:33:05+00,1,2019-04-27 11:47:37+00,37,1,4,1
231,43,"",18,9,"Find the solutions of the following linear system:
$$\begin{cases}
2x &  &  &+ &4z &= &0 \\ 
3x &- &4y &+ &12z &= &0 \\ 
x &- &2y &+ &5z &= &0
\end{cases}$$",Basic,"The system has $\left(-2z,\,\frac{3z}{2},\,z\right)$ as solution for every $z\in\mathbb{R}$.",The system has no solutions.,"The system has $\left(-4,3,2\right)$ as its unique solution.","The system has $\left(-2z+y,y,z\right)$ as solution for every $y,z\in\mathbb{R}$.",,,2019-04-08 03:36:38+00,1,2019-07-31 17:42:50+00,64,2,4,1
232,43,"",18,9,"Find the solutions of the following linear system, given the values of the parameters $\alpha,\beta,\gamma\in\mathbb{R}$:
$$\begin{cases}
-x &- &4y &- &4z &= &\alpha \\ 
x &- &3y &- &z &= &\beta \\ 
2x &+ &4y &+ &z &= &\gamma
\end{cases}$$",Advanced,"For every choice of $\alpha,\beta,\gamma\in\mathbb{R}$, the linear system has a unique solution, which is $\left(\frac{-\alpha+12\beta+8\gamma}{29},\,\frac{3\alpha-7\beta+5\gamma}{29},\,\frac{-10\alpha+4\beta-7\gamma}{29}\right)$.","The system has no solution for $\alpha=\beta=\gamma=0$, and for all other choices of $\alpha,\beta,\gamma\mathbb{R}$ the system has a unique solution which is $\left(\alpha+3\beta-\gamma,\,\gamma,\,\beta-\gamma\right)$.","The sistem has no solutions for every choice of $\alpha,\beta,\gamma \in \mathbb{R}$.","For every choice of $\alpha,\beta,\gamma \in \mathbb{R}$, the system has infinite solutions, which are $\left(\alpha-\beta+\gamma+z,\,1+z,\,z\right)$ for every $z\in\mathbb{R}$.",,,2019-04-08 03:42:12+00,1,2019-07-31 17:42:57+00,64,4,1,1
233,43,"",18,9,"Find the solutions of the following linear system:
$$\begin{cases}
x & - & y & + & 2z & - & 3t & = & 1 \\ 
2x & + & y & - & 2z & - & t & = & 2 \\ 
x &- &3y &+ &z &- &2t &= &-1 \\
  &   &      &     &z &- &t &= &0
\end{cases}$$",Basic,"The system has $\left(5,\,1,\,3,\,3\right)$ as its unique solution.",The system has no solutions.,"The system has $\left(5+20y,\,y,\,-10-13y,\,8+15y\right)$ as solution for every $y\in\mathbb{R}$.","The system has $\left(5,0,-10,8\right)$ as its unique solution.",,,2019-04-08 04:01:44+00,1,2019-07-31 17:43:12+00,64,1,5,1
234,43,"",18,9,"Find the solutions of the following linear system:
$$\begin{cases}
2x & + & y & - & 4z & = & 2 \\ 
-x & + & y & + & z & = & 1 \\ 
x & + & 5y & - & 5z & = & -1
\end{cases}$$",Basic,The system has no solutions.,"The system has $(5,3,3)$ as unique solution.","The system has $(10,5,6)$ as unique solution.","The system has $(\frac{5}{3}z,1+\frac{2}{3}z,z)$ as solution for every $z\in\mathbb{R}$.",,,2019-04-08 04:10:31+00,1,2019-04-27 12:07:53+00,37,2,5,1
235,43,"",18,9,"Letting $j := e^{\frac{2i\pi}{3}}$, find the solutions of the following linear system depending on the values of the parameters $a,b\in\mathbb{C}$:
$$\begin{cases}
x & - & y & - & z & = & 0 \\ 
x & + & jy & + & j^{2}z & = & a \\ 
 &  & j^{2}y & + & jz & = & b
\end{cases}$$",Advanced,"The system has no solutions if $a+b\neq 0$. 

If $b=-a$, then for every $a\in\mathbb{C}$ the system has $\left(\frac{a+(1+2j)z}{1+j},\,\frac{a+jz}{1+j},\,z\right)$ as solution for every $z\in\mathbb{C}$.",The system has no solution for every value of $a$ and $b$.,"The system has $\left(0,0,0\right)$ as its unique solution if $a=b=0$, and for all other values of $a$ and $b$ the system has no solutions.","For every $a,b\in\mathbb{C}$ the system has $\left(\frac{a+(1+2j)z}{1+j},\,\frac{a+jz}{1+j},\,z\right)$ as solution for every $z\in\mathbb{C}$.",,,2019-04-08 04:16:50+00,1,2019-07-31 17:43:17+00,64,5,2,1
236,43,"",18,9,"Find the solutions of the following linear system depending on the values of the parameters $a,b\in\mathbb{R}$:
$$\begin{cases}
x & + & 3y & + & 6z & = & a \\ 
3x & + & y & + & 3z & = & 1 \\ 
6x & + & 6y & + & z & = & 1 \\
7x & + & 9y & + & 7z & = & b
\end{cases}$$",Advanced,"The system has no solutions for $b\neq a+1$. 

If $b=a+1$, then for every $a\in\mathbb{R}$ the system has $\left(\frac{37-14a}{100},\,\frac{3a-4}{20},\,\frac{1+3a}{25}\right)$ as its unique solution.","The system has no solution for every $a,b\in\mathbb{R}$.","If $b\neq a+1$, the system has no solutions. 

Otherwise, for every $a\in\mathbb{R}$ the system has $\left(\frac{3+3a-z}{2},\,\frac{2+a-2z}{2},\,z\right)$ as solution for every $z\in\mathbb{R}$.","If $b=a+1$ the system has no solution. 

Otherwise, for every $a,b \in \mathbb{R}$ the system has a unique solution, which is $\left(\frac{a+b+1}{20},\,\frac{-a-b+2}{3},\,\frac{2a+3b-4}{15}\right)$.",,,2019-04-08 04:22:32+00,1,2019-07-31 17:43:24+00,64,5,2,1
237,43,"",18,9,"Find the solutions of the following linear system depending on the values of the parameters $a,b\in\mathbb{R}$:
$$\begin{cases}
ax & + & y & = & 1 \\ 
bx & + & y & = & 2 \\ 
\end{cases}$$",Advanced,"If $b=a$, the system has no solution. 

If $b\neq a$, the system has $\left(\frac{1}{b-a},\,\frac{b-2a}{b-a}\right)$ as its unique solution ","The system has no solutions for every $a,b\in\mathbb{R}$.","The system has no solutions if $a,b\neq 1$. 

If $a=b=1$, the system has $\left(x,\,\frac{x}{2}\right)$ as solution for every $x\in\mathbb{R}$.","For every $a,b\in\mathbb{R}$, the system has $\left(a-b+x,\,\frac{b-a+x}{2}\right)$ as its unique solution.",,,2019-04-08 04:27:29+00,1,2019-04-27 12:10:57+00,37,3,3,1
238,43,"",18,9,"Find the solutions of the following linear system depending on the values of the parameters $a,b\in\mathbb{R}$:
$$\begin{cases}
 &  & ay & + & az & = & ab \\ 
 &  &  &  & bz & = & a \\ 
x & + & y & + & z & = & 1
\end{cases}$$",Advanced,"If $a=b=0$, the system has $\left(x,\,y,\,1-x-y\right)$ as solution for every $x,y\in\mathbb{R}$.
If $a=0$ and $b\neq 0$, the system has $\left(x,\,1-x,\,0\right)$ as solution for every $x\in\mathbb{R}$.
If $a\neq 0$ and $b=0$, the system has no solutions. 
If $a,b\neq 0$, the system has $\left(1-b,\,\frac{b^{2}-a}{b},\,\frac{a}{b}\right)$ as its unique solution. ","The system has no solutions for $a\neq b$. 
If $a=b=0$, the system has $\left(x,\,y,\,1-x-y\right)$ as its solution for every $x,y\in\mathbb{R})$. 
If $a=b\neq 0$, the system has $\left(x,\,1-x,\,0\right)$ as its solution for every $x\in\mathbb{R}$.","The system has $\left(b-a,\,b^{2}-a,\,\frac{b^{2}-a}{2a^{2}+1}\right)$ as its unique solution for every $a,b\in\mathbb{R}$.","If $a=b=0$, the system has $\left(x,\,y,\,1-x-y\right)$ as its solution for every $x,y\in\mathbb{R}^{2}$. 
If $a=0$ and $b\neq 0$, the system has no solutions.
If $a\neq 0$ and $b=0$, the system has $\left(x,\,0,\,x\right)$ as its solution for every $x\in\mathbb{R}$.
If $a,b\neq 0$, the system has $\left(x+a,\,y-\frac{b}{a},\,1-ax-by\right)$ as its solution for every $x,y\in\mathbb{R}$.",,,2019-04-08 04:35:39+00,1,2019-04-27 12:13:34+00,37,5,2,1
239,43,"",18,9,"Find the solutions of the following linear system:
$$\begin{cases}
2x & + & y & - & 4z & = & 2 \\ 
-x & + & y & + & z & = & 1 \\ 
x & + & 5y & - & 5z & = & -1
\end{cases}$$",Basic,The system has no solutions.,"The system has $\left(1,\,0,\,-1\right)$ as its unique solution.","The system has $\left(\frac{1}{3}+\frac{5}{3}z,\,\frac{4}{3}+\frac{2}{3}z,\,z\right)$ as solution for every $z\in\mathbb{R}$.","The system has two solutions: $\left(1,\,0,\,-1\right)$ and $\left(0,\,2,\,-1\right)$.",,,2019-04-08 04:49:46+00,1,2019-04-27 12:16:50+00,37,2,5,1
256,66,"",4,4,"Find $\dfrac{∂z}{∂x}$ of $z(x,y)=6x^4+4x^3y^2-5y$.",Basic,"$\dfrac{∂z}{∂x}(x,y)=24x^3+12x^2y^2$","$\dfrac{∂z}{∂x}(x,y)=6x^3+4x^2y^2$","$\dfrac{∂z}{∂x}(x,y)=24x^3+12x^2$","$\dfrac{∂z}{∂x}(x,y)=24x^3-12x^2y^2$",,,2019-04-12 11:02:31+00,1,2019-08-17 18:55:12+00,37,1,4,1
241,43,"",18,9,"Find the solutions of the following linear system:
$$\begin{cases}
x & - & y & + & 2z & = & 2 \\
3x & - & 2y & + & 3z & = & 0 \\
-x & + & y & - & z & = & 1
\end{cases}$$",Basic,"The system has $\left(-1,\,3,\,3\right)$ as its unique solution.",The system has no solutions.,"The system has two solutions, $\left(-1,\,3,\,3\right)$ and $\left(2,\,1,\,0\right)$.","The system has an infinite number of solutions, which are of the form $\left(-4+z,\,z,\,z\right)$ for every $z\in\mathbb{R}$.",,,2019-04-12 02:59:14+00,1,2019-07-31 17:43:30+00,64,1,5,1
242,43,"",18,9,"Find the solutions of the following linear system:
$$\begin{cases}
-x & + & y & + & z & = & 1 \\
 & & y & + & 3z & = & 2 \\
x &  &  & + & z & = & 1
\end{cases}$$",Basic,"The system has $\left(1,\,2,\,0\right)$ as its unique solution.",The system has no solutions.,"The system has an infinite number of solutions, which are of the form $\left(0,\,y,\,\frac{y}{2}\right)$ for every $y\in\mathbb{R}$.","The system has $\left(0,\,-2,\,-1\right)$ as its unique solution.",,,2019-04-12 03:02:24+00,1,2019-07-31 17:43:35+00,64,1,5,1
243,43,"",18,9,"Find the solutions of the following linear system:
$$\begin{cases}
2x & + & y & - & 4z & = & 0 \\
-x & + & y & + & z & = & 0 \\
x & + & 5y & - & 5z & = & 0
\end{cases}$$",Basic,"The solutions of the system are $\left(\frac{5}{2}y,\,y,\,\frac{3}{2}y\right)$ for every $y\in\mathbb{R}$.",The system has no solutions.,"The system has $\left(5,2,3\right)$ as its unique solution.","The system has $\left(0,\,0,\,0\right)$ as its unique solution.",,,2019-04-12 03:05:22+00,1,2019-07-31 17:43:41+00,64,2,5,1
244,43,"",18,9,"Find the solutions of the following linear system:
$$\begin{cases}
2x & + & y & + & z & - & t & = & 0 \\
x & - & 2y & - & z & + & 2t & = & 1 \\
x & + & y & + & z & - & t & = & 0
\end{cases}$$",Basic,"The solutions of the system are of the form $\left(0,\,y,\,0,\,1+y\right)$ for every $y\in\mathbb{R}$.",The system has no solutions.,"The system has $\left(0,\,0,\,0,\,1\right)$ as its unique solution.","The system has $\left(0,\,y,\,0,\,z\right)$ as solutions for every $y,z\in\mathbb{R}$.",,,2019-04-12 03:09:00+00,1,2019-07-31 17:43:47+00,64,2,3,1
245,43,"",18,9,"Find the solutions of the following linear system:
$$\begin{cases}
x & + & y & - & z & - & t & = & 1\\
x & - & 2y & + & 3z & + & t &  = & 1\\
x & - & y & + & 3z & + & t & = & 1
\end{cases}$$",Basic,"The system has $\left(1-z,\,0,\,z,\,-2z\right)$ as solution for every $z\in\mathbb{R}$.",The system has no solutions.,"The system has $\left(1,\,0,\,0,\,0\right)$ as its unique solution.","The system has $\left(1-z,\,0,\,z,\,-2z\right)$ as solution for every $z\in\mathbb{R}\setminus\{0\}$.",,,2019-04-12 03:12:02+00,1,2019-07-31 17:43:53+00,64,2,4,1
246,43,"",18,9,"Find the solutions of the following linear system:
$$\begin{cases}
6x & - & 11y & + & 2z & - & 9t & = & 2 \\
2x & + & y & - & 2z & - & t & = & 1 \\
x & - & 3y & + & z & - & 2t & = & -1
\end{cases}$$",Basic,The system has no solutions.,"The system has $\left(0,\,1,\,0,\,-1\right)$ as its unique solution.","The system has $\left(1+z,\,0,\,z,\,-z\right)$ as solution for every $z\in\mathbb{R}$.","The system has $\left(1-y,\,y,\,2+y,\,-y\right)$ as solution for every $y\in\mathbb{R}$.",,,2019-04-12 03:14:39+00,1,2019-07-31 17:43:58+00,64,3,3,1
247,43,"",18,9,"Find the solutions of the following linear system depending on the parameters $a,b,c\in\mathbb{R}$:
$$\begin{cases}
-x & + & y & + & z & = & a \\
&  & y & + & 3z & = & b \\
x &  &  & + & z & = & c
\end{cases}$$",Advanced,"For every value of $a,b,c\in\mathbb{R}$, the system has a unique solution, which is $\left(a-b+2c,\,3a-2b+3c,\,-a+b-c\right)$.",The system has no solutions.,"The system has no solution for $a\neq 0$. 
If $a=0$ and for every value of $b,c\in\mathbb{R}$, the system has a unique solution, which is $\left(2c-b,\,3c-2b,\,b-c\right)$.","For every value of $a,b,c\in\mathbb{R}$, the system has $\left(1,\,1,\,1\right)$ as its unique solution.",,,2019-04-12 03:18:31+00,1,2019-07-31 17:44:03+00,64,2,3,1
248,43,"",18,9,"Find the solutions of the following linear system depending on the parameters $a,b\in\mathbb{R}$:
$$\begin{cases}
3x & - & y & - & 2z & = & a \\
-x & + & 3y & - & z & = & b \\
-2x & - & 2y & + & 3z & = & 0 \\
x & - & 3y & + & z & = & 1
\end{cases}$$",Advanced,"The system has no solutions if $a \neq 1$ and $b \neq -1$.
If $a=1$ and $b=-1$, then the system has $\left(\frac{2+7z}{8},\,\frac{-2+5z}{8},\,z\right)$ as solution for every $z\in\mathbb{R}$.",The system has no solution.,"The system has $\left(1,\,1,\,0\right)$ as its unique solution.","The system has no solution if $a\neq 1$ and $b\neq 1$. 
If $a=b=1$, the system has $\left(1+y,\,y,\,\frac{3+y}{4}\right)$ as solution for every $y\in\mathbb{R}$.",,,2019-04-12 03:23:44+00,1,2019-07-31 17:44:08+00,64,5,2,1
249,43,"",18,9,"Find the solutions of the following linear system depending on the parameters $a,b\in\mathbb{R}$:
$$\begin{cases}
2x & + & y & + & 2z & = & a \\
x & + & 2y & + & z & = & b \\
x & + & y & + & z & = & 1 \\
4x & + & 3y & + & 4z & = & 0
\end{cases}$$",Advanced,"The system has solutions if and only if $a=-2$ and $b=5$. 
In this case, there is an infinite number of solution, which are of the form $\left(x,\,4,\,-3-x\right)$ for every $x\in\mathbb{R}$.","The system has solutions if and only if $a \neq \frac{7}{4}$ and $b \neq \frac{5}{4}$.
In this case, the solutions are of the form $\left(\frac{3}{4}a-z,\,\frac{1}{4}b,\,z\right)$ for every $z\in\mathbb{R}$.","The system has solutions if and only if $a = \frac{7}{4}$ and $b = \frac{5}{4}$.
In this case, the unique solution is $\left(\frac{3}{4},\,\frac{1}{4},\,0\right)$.",The system has no solutions.,,,2019-04-12 03:27:39+00,1,2019-07-31 17:44:13+00,64,5,2,1
250,66,"",4,3,Differentiate $y=\dfrac{(x+3)^2}{x}$.,Basic,$\dfrac{dy}{dx}=1-\dfrac{9}{x^2}$,$\dfrac{dy}{dx}=1+\dfrac{6}{x^2}$,$\dfrac{dy}{dx}=1-\dfrac{9}{x}$,$\dfrac{dy}{dx}=\dfrac{9}{x^2}-1$,,,2019-04-12 03:32:37+00,1,2020-05-08 07:28:21+00,37,1,1,1
251,43,"",18,9,"Consider the real function $f:\mathbb{R}\longrightarrow\mathbb{R}$ defined by $f(x):=2x^{2}-6x+5$. Find all real numbers $a,b,c\in\mathbb{R}$ such that $$f(x)=ax+bx(x-1)+c(x-1)(x-2)$$for every $x\in\mathbb{R}$.",Advanced,"The only possible choice is $a=1$, $b=-\frac{1}{2}$ and $c=\frac{5}{2}$.",The problem has no solution.,A solution of the problem is given by any $a\in\mathbb{R}$ and by $b=a-3$ and $c=1-a$.,"The only possible solution is given by $a=1$, $b=0$ and $c=-2$.",,,2019-04-12 03:35:32+00,1,2019-07-31 17:44:19+00,64,4,1,1
252,66,"",4,3,Differentiate $\displaystyle{y=6x-\frac{4}{\sqrt x}+\frac{1}{x}}$.,Basic,$\displaystyle{\frac{dy}{dx}=6+\frac{2}{\sqrt{x^3}}-\frac{1}{x^2}}$,$\displaystyle{\frac{dy}{dx}=4-\frac{4}{\sqrt{x^3}}+x^2}$,$\displaystyle{\frac{dy}{dx}=6-\frac{2}{\sqrt{x^3}}-x^2}$,$\displaystyle \frac{dy}{dx}=6+\frac{2}{\sqrt{(x^3)}}+x^2$,,,2019-04-12 03:48:36+00,1,2019-08-15 09:31:19+00,37,3,4,1
253,66,"",4,3,Differentiate $y=3\sin(4x+0.81)-2\cos(3x-0.93)$.,Basic,$\frac{dy}{dx}=12\cos(4x+0.81)+6\sin(3x-0.93)$,$\frac{dy}{dx}=3\cos(4x+0.81)-6\sin(3x-0.93)$,$\frac{dy}{dx}=6\cos(4x+0.81)+6\sin(3x-0.93)$,$\frac{dy}{dx}=12\cos(4x+0.81)-6\sin(3x-0.93)$,,,2019-04-12 03:53:56+00,1,2019-08-15 09:35:36+00,37,1,1,1
606,127,"",18,8,"The spectral radius of the matrix $A = \begin{bmatrix}
2 & 0 & 0 \\
3 & -1 & 0 \\
0 & 4 & 3 \end{bmatrix}$ is: ",Basic,3,4,1,2,,,2019-05-09 10:36:46+00,1,2019-06-27 10:21:50+00,64,4,4,1
257,66,"",4,4,"Find $\dfrac{∂z}{∂y}$ of $z(x,y)=6x^4+4x^3y^2-5y$.",Basic,"$\dfrac{∂z}{∂y}(x,y)=8x^3y-5$","$\dfrac{∂z}{∂y}(x,y)=12x^3y+5$","$\dfrac{∂z}{∂y}(x,y)=8x^2y^2-5$","$\dfrac{∂z}{∂y}(x,y)=12x^3y-5$",,,2019-04-12 11:09:46+00,1,2019-08-17 19:06:32+00,37,1,4,1
258,66,"",4,4,"Find $\dfrac{∂z}{∂x}$ of $z(x,y)=5y^4+2x^2y^3-3x$.",Basic,"$\dfrac{∂z}{∂x}(x,y)=4xy^3-3$","$\dfrac{∂z}{∂x}(x,y)=20y^3+4xy^3-3$","$\dfrac{∂z}{∂x}(x,y)=6x^2y^2-3$","$\dfrac{∂z}{∂x}(x,y)=2y^3-3$",,,2019-04-12 11:15:45+00,1,2019-08-19 16:40:51+00,37,1,4,1
259,66,"",4,4,"Find $\dfrac{∂z}{∂y}$ of $z(x,y)=5y^4+2x^2y^3-3x$.",Basic,"$\dfrac{∂z}{∂y}(x,y)=20y^3+6x^2y^2$","$\dfrac{∂z}{∂y}(x,y)=20x^3+6x^2y^2$","$\dfrac{∂z}{∂y}(x,y)=20y^3+6xy^2$","$\dfrac{∂z}{∂y}(x,y)=20y^3+6xy$",,,2019-04-12 11:20:06+00,1,2019-08-19 16:42:29+00,37,1,4,1
260,66,"",4,4,"Find $\dfrac{∂z}{∂x}$ of $z(x,y)=4\sin(3x)\cos(2y)$.",Basic,"$\dfrac{∂z}{∂x}(x,y)=12\cos(3x)\cos(2y)$","$\dfrac{∂z}{∂x}(x,y)=12\sin(3x)\cos(2y)$","$\dfrac{∂z}{∂x}(x,y)=12\cos(3x)\sin(2y)$","$\dfrac{∂z}{∂x}(x,y)=12\sin(3x)\sin(2y)$",,,2019-04-12 14:04:28+00,1,2019-08-19 17:05:30+00,37,2,3,1
261,66,"",4,4,"Find $\dfrac{∂z}{∂y}$  of  $z(x,y)=4\sin(3x)\cos(2y)$.",Basic,"$\dfrac{∂z}{∂y}(x,y)=-8\sin(3x)\sin(2y)$","$\dfrac{∂z}{∂y}(x,y)=8\sin(3x)\sin(2y)$","$\dfrac{∂z}{∂y}(x,y)=-8\cos(3x)\sin(2y)$","$\dfrac{∂z}{∂y}(x,y)=-8\sin(3x)\cos(2y)$",,,2019-04-12 14:09:20+00,1,2019-08-19 17:13:07+00,37,2,3,1
262,66,"",4,4,Find $\displaystyle \frac{∂z}{∂x}$  of  $\displaystyle z=\frac{1}{\sqrt{(2x^2+2y^2)}}$.,Basic,$\displaystyle \dfrac{∂z}{∂x}= \dfrac{-2x}{\sqrt{(2x^2+2y^2)^3}}$,$\displaystyle \frac{∂z}{∂x}=\frac{-x}{(2x^2+2y^2)^3}$,$\displaystyle \frac{∂z}{∂x}=\frac{-2x}{\sqrt{(2x^2+2y^2)}}$,$\displaystyle \frac{∂z}{∂x}=\frac{2x}{\sqrt{(2x^2+2y^2)^3}}$,,,2019-04-12 14:20:52+00,1,2019-08-16 09:14:20+00,37,3,5,1
263,66,"",4,4,Find $\dfrac{∂z}{∂y}$  of $z=\dfrac{-2x}{\sqrt{(2x^2+2y^2)^3}}$.,Basic,$\dfrac{∂z}{∂y}=\dfrac{12xy}{\sqrt{(2x^2+2y^2)^5}}$,$\dfrac{∂z}{∂y}=\dfrac{-2y}{(2x^2+2y^2)^3}$,$\dfrac{∂z}{∂y}=\dfrac{-2y}{\sqrt{(2x^2+2y^2)}}$,$\dfrac{∂z}{∂y}=\dfrac{2x}{\sqrt{(2x^2+2y^2)^3}}$,,,2019-04-12 14:27:21+00,1,2019-10-09 16:42:22+00,37,3,5,1
264,66,"",4,42,"The pressure, $p$, of a mass of gas is given by $pV=mRT$, where $m$ and $R$ are constants, $V$ is the volume and $T$ the temperature. Find $\dfrac{\partial p}{\partial T}$ of $pV=mRT$, keeping $V$ constant.",Basic,$\dfrac{∂p}{∂T}=\dfrac{mR}{V}$,$\dfrac{∂p}{∂T}=VmR$,$\dfrac{∂p}{∂T}=TmR$,$\dfrac{∂p}{∂T}=\dfrac{V}{mR}$,,,2019-04-12 14:33:15+00,1,2020-05-08 07:31:24+00,37,1,1,1
265,66,"",4,4,"Pressure $p$ of a mass of gas is given by $pV=mRT$, where $m$ and $R$ are constants, $V$ is the volume and $T$ the temperature. 
Find $\dfrac{∂p}{∂V}$.",Basic,$\dfrac{∂p}{∂V}=\dfrac{-mRT}{V^2}$,$\dfrac{∂p}{∂V}=\dfrac{mR}{V}$,$\dfrac{∂p}{∂V}=TmR$,$\dfrac{∂p}{∂V}=\dfrac{T}{mR}$,,,2019-04-12 14:37:13+00,1,2020-05-08 07:27:07+00,37,3,2,1
266,66,"",4,4,"Find $\dfrac{∂^2z}{∂x^2}$  of $z(x,y)=8x^2y^3-4x^3+14y^2$.",Basic,"$\dfrac{∂^2z}{∂x^2}(x,y)=16y^3-24x$","$\dfrac{∂^2z}{∂x^2}(x,y)=16x^3-24x$","$\dfrac{∂^2z}{∂x^2}(x,y)=8y^3-24y$","$\dfrac{∂^2z}{∂x^2}(x,y)=16y^2-24x$",,,2019-04-12 14:42:55+00,1,2019-08-16 15:04:24+00,37,1,4,1
267,66,"",4,4,"Find $\dfrac{∂^2z}{∂y^2}$  of $z(x,y)=8x^2y^3-4x^3+14y^2$.",Basic,"$\dfrac{∂^2z}{∂y^2}(x,y)=48x^2y+28$","$\dfrac{∂^2z}{∂y^2}(x,y)=24x^2y^2+28y$","$\dfrac{∂^2z}{∂y^2}(x,y)=48x^2y^2+28$","$\dfrac{∂^2z}{∂y^2}(x,y)=24x^2y+28$",,,2019-04-12 14:48:47+00,1,2019-08-16 15:09:37+00,37,1,4,1
268,66,"",4,4,"Find $\dfrac{∂^2z}{∂x∂y}$  of $z(x,y)=8x^2y^3-4x^3+14y^2$.",Basic,"$\dfrac{∂^2z}{∂x∂y}(x,y)=48xy^2$","$\dfrac{∂^2z}{∂x∂y}(x,y)=24x^2y^2$","$\dfrac{∂^2z}{∂x∂y}(x,y)=24xy^2$","$\dfrac{∂^2z}{∂x∂y}(x,y)=48x^2y^2$",,,2019-04-12 14:54:47+00,1,2019-08-16 15:11:54+00,37,2,4,1
269,66,"",4,4,"Find $\dfrac{∂^2z}{∂y∂x}$  of $z(x,y)=8x^2y^3-4x^3+14y^2$",Basic,"$\dfrac{∂^2z}{∂y∂x}(x,y)=48xy^2$","$\dfrac{∂^2z}{∂y∂x}(x,y)=24x^2y^2$","$\dfrac{∂^2z}{∂y∂x}(x,y)=24x^2y$","$\dfrac{∂^2z}{∂y∂x}(x,y)=48x^2y^2$",,,2019-04-12 14:58:41+00,1,2019-08-16 15:13:34+00,37,2,3,1
270,66,"",4,4,"Find $\dfrac{∂^2V}{∂r^2}$  of $V(r,h)=πr^2h$.",Basic,"$\dfrac{∂^2V}{∂r^2}(r,h)=2πh$","$\dfrac{∂^2V}{∂r^2}(r,h)=2πrh$","$\dfrac{∂^2V}{∂r^2}(r,h)=2πh^2$","$\dfrac{∂^2V}{∂r^2}(r,h)=πrh$",,,2019-04-12 15:02:29+00,1,2019-08-16 15:07:02+00,37,3,2,1
271,57,"",4,3,Differentiate $y = (x + 1)^3$.,Basic,$\dfrac{dy}{dx} = 3(x + 1)^2$,$\dfrac{dy}{dx} = 3(x + 1)$,$\dfrac{dy}{dx} = 3x(x + 1)^2$,$\dfrac{dy}{dx} = 3(x + 1)$,,,2019-04-17 03:32:51+00,1,2019-05-04 16:21:56+00,37,1,1,1
272,57,"",4,3,Differentiate $y = (2x^3 - 5x)^5$.,Basic,$\dfrac{dy}{dx} = 5(6x^2 - 5)(2x^3 - 5x)^4$,$\dfrac{dy}{dx} = 5(2x^3 - 5x)^4$,$\dfrac{dy}{dx} = 5(6x^2 - 5)(2x^3 - 5x)$,$\dfrac{dy}{dx} = 5(6x^2 - 5)^4$,,,2019-04-17 03:38:05+00,1,2019-05-04 17:02:37+00,37,1,1,1
273,57,"",4,3,Differentiate $y = \operatorname{ln}{(2t + 1)}$.,Basic,$\frac{dy}{dt} = \frac{2}{2t + 1}$,$\frac{dy}{dt} = \operatorname{ln}{(2)}$,$\frac{dy}{dt} = \frac{1}{2t + 1}$,$\frac{dy}{dt} = 2$,,,2019-04-17 03:43:47+00,1,2019-04-30 05:37:05+00,37,2,1,1
274,57,"",4,3,Differentiate $y = \dfrac{2t - 1}{t^2 + t}$.,Basic,$\dfrac{dy}{dt} = \dfrac{-2t^2 + 2t + 1}{(t^2 + t)^2}$,$\dfrac{dy}{dt} = \dfrac{-2t^2 + 2t - 1}{(t^2 + t)^2}$,$\dfrac{dy}{dt} = \dfrac{-6t^2 + 4t + t}{(t^2 + t)^2}$,$\dfrac{dy}{dt} = \dfrac{2t^2 - 2t - 1}{(t^2 + t)^2}$,,,2019-04-17 03:52:56+00,1,2019-05-04 17:09:46+00,37,2,1,1
275,57,"",4,3,Differentiate $y = \dfrac{\operatorname{cos}(x)}{x^2}$.,Basic,$\dfrac{dy}{dx} = \dfrac{-x\operatorname{sin}(x) -2\operatorname{cos}(x)}{x^3}$,$\dfrac{dy}{dx} = \dfrac{x\operatorname{sin}(x) -2\operatorname{cos}(x)}{x^3}$,$\dfrac{dy}{dx} = \dfrac{-x\operatorname{sin}(x) -2\operatorname{cos}(x)}{x^2}$,$\dfrac{dy}{dx} = \dfrac{-\operatorname{sin}(x) -2x\operatorname{cos}(x)}{x^2}$,,,2019-04-17 04:06:47+00,1,2019-05-04 17:08:22+00,37,3,4,1
277,38,"",18,11,"Consider the applications that transform vectors of $\mathbb{R}^3$ into vectors of $\mathbb{R}^2$.

$\begin{array}{cccc}
F:& \mathbb{R}^3 & \rightarrow  & \mathbb{R}^2 \\
  & (x, y, z) & \longrightarrow & (x-y^2, 2y+z)
\end{array}
\begin{array}{cccc}
G:& \mathbb{R}^3 & \rightarrow  & \mathbb{R}^2 \\
  & (x, y, z) & \longrightarrow & (x-y+z, 2y+z)
\end{array} 
\begin{array}{cccc}
H:& \mathbb{R}^3 & \rightarrow  & \mathbb{R}^2 \\
  & (x, y, z) & \longrightarrow & (x-y+z, 2y+z-1)
\end{array}
\begin{array}{cccc}
J:& \mathbb{R}^3 & \rightarrow  & \mathbb{R}^2 \\
  & (x, y, z) & \longrightarrow & (x-y, 3z+2x)
\end{array} $

Which ones  are linear applications?",Basic,"$G, J$ ","$G, H, J$","$F, G, J$
","$F, G, H$",,,2019-04-24 10:51:55+00,1,2019-05-14 03:34:03+00,61,1,2,1
299,79,"",17,,A card is drawn at random from a deck with 52 cards. Find the probability of getting the 7 of hearts.,Basic,$\dfrac{1}{52}$,$\dfrac{1}{26}$,$\dfrac{7}{52}$ ,$\dfrac{7}{26}$ ,,,2019-04-26 08:20:36+00,1,2019-05-02 11:44:44+00,38,1,3,1
278,38,"",18,11,"Consider the linear application $F: \mathbb{R}^2\rightarrow \mathbb{R}^3$ such that 
$$F(1, 2)=(2, 3,1), F(0,-1)=(1, 0,3),$$ where $A=\{(1, 2), (0, -1)\}$ is a base of $\mathbb{R}^2$. 
Choose the right answer:",Advanced,"$F(x, y)=(4x-y, 3x, 7x-3y)$ 
"," $F(x, y)=(4x-y, 3x, -3y)$
","$F(x, y)=(4x-y, 3y, 7x-3y)$ 
","$F(x, y)=(4x-y, 3x-3y)$",,,2019-04-24 10:58:19+00,1,2019-05-14 03:46:30+00,61,4,4,1
279,37,"",12,12,"A consulting firm will carry out two types of projects ($A$ and $B$). The development cost per project $A$ and $B$ is, respectively, $1$ and $2$ monetary units. The requirements in terms of analysts, programmers and terminals for each type of project, are indicated in the following table:

\[
\begin{array}{|c|c|c|c|}
\hline
\text{Project} & \text{N. of programmers}  & \text{N. of analysts}  & \text{N. of terminals} \\
\hline
\text{A} & 2 & 2 & 3 \\
\text{B} & 3 & 6 & 1 \\
\hline
\end{array}
\]

The company wants to minimize the cost of developing projects in the next period. In the development of these projects, at least $10$ programmers and $5$ analysts should be used while the company only has $6$ terminals available. In this situation, what are the decision variables to formalize the Linear Programming (LP) model that allows planning the company's activity?",Basic,"$x_{i}$ is the number of developed project $i$ ($i=1$, for project $A$ and $i=2$, for project $B$)",$x_{2}$ is the number of developed projects $B$,$x_{1}$ is the number of developed projects $A$,$x$ is the number of developed projects $A$ and $B$,,,2019-04-25 12:12:36+00,1,2019-05-14 03:00:11+00,61,1,3,1
280,37,"",12,12,"A consulting firm will carry out two types of projects ($A$ and $B$). The development cost per project $A$ and $B$ is, respectively, $1$ and $2$ monetary units. The requirements in terms of analysts, programmers and terminals for each type of project are indicated in the following table:

\[
\begin{array}{|c|c|c|c|}
\hline
\text{Project} & \text{N. of programmers}  & \text{N. of analysts}  & \text{N. of terminals} \\
\hline
\text{A} & 2 & 2 & 3 \\
\text{B} & 3 & 6 & 1 \\
\hline
\end{array}
\]	

The company wants to minimize the cost of developing projects in the next period. In the development of these projects, at least $10$ programmers and $5$ analysts should be used while the company only has $6$ terminals available. How does the Linear Programming (LP) model should be formalized  to allow planning the company's activity?",Basic,"\[
\begin{array}{ll}
		\text{Minimize} & Z= x_{1} + 2x_{2} \\
		\text{subject to} & 2x_{1}+3x_{2}\geq 10\\
		  & 2x_{1}+6x_{2}\geq 5\\
		  & 3x_{1}+x_{2}\leq 6 \\
	      &  x_{1},x_{2}\geq 0\\
\end{array}
\]","\[
\begin{array}{ll}
		\text{Minimize} & Z= x_{1} + 2x_{2}\\
		\text{subject to} & 2x_{1}+3x_{2}\geq 10\\
		 & 2x_{1}+6x_{2}\geq 5\\
		 & 3x_{1}+x_{2}\leq 6\\
\end{array}
\]","		\[
\begin{array}{ll}
		\text{Minimize} & Z= x_{1} + 2x_{2}\\
		\text{subject to} & 2x_{1}+3x_{2}\leq 10\\
		 &  2x_{1}+6x_{2}\leq 5\\
		 &  3x_{1}+x_{2}\geq 6\\
         &  x_{1},x_{2}\geq 0\\
\end{array}
\]","\[
\begin{array}{ll}
		\text{Minimize} & Z= x_{1} + 2x_{2}\\
		\text{subject to} & 2x_{1}+3x_{2}\leq 10\\
		&  2x_{1}+6x_{2}\leq 5\\
		&  3x_{1}+x_{2}\leq 6\\
		&  x_{1},x_{2}\geq 0\\
\end{array}
\]",,,2019-04-25 12:29:03+00,1,2019-05-14 02:57:59+00,61,1,3,1
281,37,"",12,12,"The WorldLight Company produces two light fixtures (products $1$ and $2$) that require both metal frame parts and electrical components. Management wants to determine how many units of each product to produce so as to maximize profit. For each unit of product $1$, $1$ unit of frame parts and $2$ units of electrical components are required. For each unit of product $2$, $3$ units of frame parts and $2$ units of electrical components are required. The company has $200$ units of frame parts and $300$ units of electrical components. 

Each unit of product $1$ gives a profit of $1€$, and each unit of product $2$, up to $60$ units, gives a profit of $2€$. Any excess over	$60$ units of product $2$ brings no profit, so such excess has been ruled out.
	
In this situation, what are the decision variables to formalize the Linear Programming (LP) model that allows planning the company's activity?",Basic,"$x_{i}$ the number of units of product $i$ produced ($i=1$, for product $A$ and $i=2$, for product $B$).",$x$ the number of units of product $1$ and $2$ produced.,$x_{1}$ is the number of units of product $1$ produced.,$x_{2}$ is the number of units of product $2$ produced.,,,2019-04-25 13:39:54+00,1,2019-05-14 03:30:40+00,61,1,3,1
282,37,"",12,12,"The WorldLight Company produces two light fixtures (products $1$ and $2$) that require both metal frame parts and electrical components. Management wants to determine how many units of each product to produce so as to maximize profit. For each unit of product $1$, $1$ unit of frame parts and $2$ units of electrical components are required. For each unit of product $2$, $3$ units of frame parts and $2$ units of electrical components are required. The company has $200$ units of frame parts and $300$ units of electrical components. 

Each unit of product $1$ gives a profit of $1€$, and each unit of product $2$, up to $60$ units, gives a profit of $2€$. Any excess over	$60$ units of product $2$ brings no profit, so such excess has been ruled out.

How does the Linear Programming (LP) model should be formalized to allow planning of the company's activity?",Basic,"\[
\begin{array}{ll}
		\text{Maximize} & Z= x_{1} + 2x_{2}\\
		\text{subject to} & x_{1}+3x_{2}\leq 200\\
	        & 2x_{1}+2x_{2}\leq 300\\
			& x_{2}\leq 60\\
			&  x_{1},x_{2}\geq 0\\
\end{array}
\]","\[ \begin{array}{ll}
		\text{Maximize} & Z= x_{1} + 2x_{2}\\
		\text{subject to} &  x_{1}+3x_{2}\leq 200\\
			& 2x_{1}+2x_{2}\leq 300\\
			& x_{1},x_{2}\geq 0\\
\end{array}
\]","\[\begin{array}{ll}
		\text{Minimize} & Z= x_{1} + 2x_{2}\\
			\text{subject to} & x_{1}+3x_{2}\leq 200\\
			    & 2x_{1}+2x_{2}\leq 300\\
			    & x_{2}\leq 60\\
			    & x_{1},x_{2}\geq 0\\
\end{array}
\]","\[\begin{array}{ll}
		\text{Maximize} & Z= x_{1} + 2x_{2}\\
			\text{subject to} &  x_{1}+3x_{2}\leq 200\\
    			& 2x_{1}+2x_{2}\leq 300\\
			    & x_{2}\geq 60\\
			    & x_{1},x_{2}\geq 0\\
\end{array}
\]",,,2019-04-25 13:44:40+00,1,2019-05-14 03:30:54+00,61,2,3,1
283,37,"",12,12,"The WorldLight Company produces two light fixtures (products $1$ and $2$) that require both metal frame parts and electrical components. Management wants to determine how many units of each product to produce so as to maximize profit. For each unit of product $1$, $1$ unit of frame parts and $2$ units of electrical components are required. For each unit of product $2$, $3$ units of frame parts and $2$ units of electrical components are required. The company has $200$ units of frame parts and $300$ units of electrical components. 

Each unit of product $1$ gives a profit of $1€$, and each unit of product $2$, up to $60$ units, gives a profit of $2€$. Any excess over	$60$ units of product $2$ brings no profit, so such excess has been ruled out.

Use a computer (Solver Supplement of Excel) to solve this Linear programming model using the simplex method to allow planning the company's activity.",Basic,"$x_1=125,~x_2=25$","$x_1=20,~x_2=60$","$x_1=150,~x_2=0$","$x_1=0,~x_2=60$",,,2019-04-25 15:19:39+00,1,2019-05-14 03:31:23+00,61,3,1,1
300,79,"",17,,A team of 4 people is to be formed from a group of 7 women and 5 men. How many different teams might be formed?,Basic,$495$,$24$,$11880$,$479001600$,,,2019-04-26 08:22:31+00,1,2019-05-02 11:45:30+00,38,3,5,1
284,37,"",12,12,"Ralph Edmund loves steaks and potatoes. Therefore, he has decided to go on a steady diet of only these two foods (plus some liquids and vitamin supplements) for all his meals. Ralph realizes that this isn't the healthiest diet, so he wants to make sure that he eats the right quantities of the two foods to satisfy some key nutritional requirements. He has obtained the following nutritional and cost information:

\[
\begin{array}{|l|c|c|c|}
\hline
%& \multicolumn{2}{c|}{Grams of ingredient per serving} &\\
\text{Ingredient} & \text{Steak (gr. per serving)} & \text{Potatoes (gr. per serving)} & \text{Daily Requirements (gr.)} \\
\hline
\text{Carbohydrates} & 5 & 15 & \geq 50 \\
\text{Protein} & 20 & 5 & \geq 40 \\
\text{Fat} & 15 & 2 & \leq 60 \\
\hline
\text{Cost per serving} & 4 & 2 &  \\
\hline
\end{array}
\]

In this situation, what are the decision variables to formalize the Linear Programming (LP) model that allows planning the Ralph's diet?",Basic,"$x_{i}$ is the number of daily servings of food $i$ ($i=1$, for steak and $i=2$, for potatoes)",$x$ is the number of daily servings of food,$x_{1}$ is the number of daily servings of potatoes,$x_{2}$ is the number of daily servings of steak,,,2019-04-25 15:25:15+00,1,2019-05-14 03:01:32+00,61,1,3,1
285,37,"",12,12,"Ralph Edmund loves steaks and potatoes. Therefore, he has decided to go on a steady diet of only these two foods (plus some liquids and vitamin supplements) for all his meals. Ralph realizes that this isn't the healthiest diet, so he wants to make sure that he eats the right quantities of the two foods to satisfy some key nutritional requirements. He has obtained the following nutritional and cost information:

\[
\begin{array}{|l|c|c|c|}
\hline
%& \multicolumn{2}{c|}{Grams of ingredient per serving} &\\
\text{Ingredient} & \text{Steak (gr. per serving)} & \text{Potatoes (gr. per serving)} & \text{Daily Requirements (gr.)} \\
\hline
\text{Carbohydrates} & 5 & 15 & \geq 50 \\
\text{Protein} & 20 & 5 & \geq 40 \\
\text{Fat} & 15 & 2 & \leq 60 \\
\hline
\text{Cost per serving} & 4 & 2 &  \\
\hline
\end{array}
\]

How does the Linear Programming (LP) model should be formalized to allow planning the Ralph's diet?",Basic,"\[\begin{array}{ll}
		\text{Minimize} & Z= 4x_{1} + 2x_{2}\\
			\text{subject to} &  5x_{1}+15x_{2}\geq 50\\
			    & 20x_{1}+5x_{2}\geq 40\\
			    & 15x_{1}+2x_{2}\leq 60\\
			    & x_{1},x_{2}\geq 0\\
\end{array}
\]","\[\begin{array}{ll}
		\text{Minimize} & Z= 4x_{1} + 2x_{2}\\
			\text{subject to} &   5x_{1}+15x_{2}\geq 50\\
			    & 20x_{1}+5x_{2}\geq 40\\
			    & 15x_{1}+2x_{2}\leq 60\\
\end{array}
\]","\[\begin{array}{ll}
		\text{Maximize} & Z= 4x_{1} + 2x_{2}\\
			\text{subject to} &   5x_{1}+15x_{2}\geq 50\\
			    & 20x_{1}+5x_{2}\geq 40\\
			    & 15x_{1}+2x_{2}\leq 60 \\
			    &  x_{1},x_{2}\geq 0\\
\end{array}
\]","\[\begin{array}{ll}
		\text{Minimize} & Z= 4x_{1} + 2x_{2}\\
			\text{subject to} &   5x_{1}+15x_{2}\geq 50\\
			    & 20x_{1}+5x_{2}\geq 40\\
			    & 15x_{1}+2x_{2}\geq 60\\
			    & x_{1},x_{2}\geq 0\\
\end{array}
\]",,,2019-04-25 15:44:30+00,1,2019-05-14 03:00:58+00,61,2,3,1
287,38,"",18,11,"The linear application $F: \mathbb{R}^3\rightarrow \mathbb{R}^3$ is represented by matrix 
$$A=\left[\begin{array}{rrr}
 -1  & 2 & 0\\
 0 & 1 & 2 \\
  3 & 2  & 1
  \end{array}\right]$$
when considered the canonical basis of $\mathbb{R}^3$. The analytic expression of $F$ is:",Basic,"$F(x, y, z)=(-x+2y, y+2z, 3x+2y+z)$ 
","$F(x, y, z)=(-x+3y, 2x+y+2z, 2y+z)$
","$F(x, y, z)=(-x+2y, y+2z, 2y+z)$
","$F(x, y, z)=(-x, y, z)$",,,2019-04-26 07:33:42+00,1,2019-05-14 03:46:56+00,61,1,2,1
288,38,"",18,11,"Let the linear application $F: \mathbb{R}^3\rightarrow \mathbb{R}^2$ be defined by $F(x, y, z)=(x+y-z, 2x+3y+z)$. 
The kernel, $ker(F)$, and the space image of $F$, $range(F)$, are respectively:",Advanced,"$ker(F)=\{(4z, -3z, z): z\in \mathbb{R}\}, \quad range(F)= \mathbb{R}^2$
","$ker(F)=\{(0, 0, 0)\}, \quad range(F)= \mathbb{R}^2$
","$ker(F)=\{(4z, -3z, z): z\in \mathbb{R}\}, \quad range(F)= \{(x, y)\in \mathbb{R}^2: x+y=0\}$ 
","$ker(F)=\{(4z, 3z, z): z\in \mathbb{R}\}, \quad range(F)= \mathbb{R}^2$ ",,,2019-04-26 07:40:03+00,1,2019-05-14 03:48:37+00,61,5,4,1
289,38,"",18,11,"Consider the linear transformation $F: \mathbb{R}^3\rightarrow \mathbb{R}^2$ defined by $F(x, y, z)=(5z, x+2y)$. 
Let the kernel, $ker(F)$ and the space image of $F$, $range(F)$, respectively.  Choose the right answer:",Advanced,"$(2, -1, 0) \in ker(F)$ and $(1, 1) \in range(F)$ 
","$(0, 0) \in ker(F)$ and $(1, 1) \in range(F)$
","$(3, 5) \in ker(F)$ and $(1, -1, 2) \in range(F)$
","$((2, -1, 0)\in ker(F)$ and $(1, -1, 2) \notin range(F)$ ",,,2019-04-26 07:44:28+00,1,2019-05-14 03:53:31+00,61,5,4,1
290,38,"",18,11,"Let $T:\mathbb{R}^2 \longrightarrow \mathbb{R}^2$ where $T(x,y)=(a+x,y)$.  $T$ is a linear transformation if:",Advanced,"$a=0$
","$a\in \mathbb{R}^+$
",$a\in \mathbb{R}^-$,Never,,,2019-04-26 07:48:09+00,1,2019-05-14 03:55:52+00,61,3,1,1
291,38,"",18,11,"Let $T:\mathbb{R}^2\longrightarrow \mathbb{R}^3$ be the linear transformation given by $T(x,y)=(x-y,0,3x-3y)$. Indicate which of the following vector is in kernel of $T$.",Basic,"$(-6,-6)$","$(0,0,0)$

","$(3,-3)$","$(4,4,0)$",,,2019-04-26 07:51:59+00,1,2019-05-14 03:56:16+00,61,1,2,1
292,38,"",18,11,"Let $T:\mathbb{R}^3\longrightarrow \mathbb{R}^3$ be the linear operator given by  $T(x,y,z)=(x-2z,-2x+y+5z,4x+2y-6z)$. Indicate which of the following vectors does not belong to the range of $T$.",Advanced,"$(3,4,5)$ 
","$(1,0,8)$
","$(2,-3,10)$
","$\displaystyle \left(\frac{1}{2},-5,-6\right)$",,,2019-04-26 07:58:50+00,1,2019-05-14 04:05:03+00,61,4,3,1
293,38,"",18,11,"Let $T:\mathbb{R}^2\longrightarrow \mathbb{R}^3$ be the linear transformation given by $T(x,y)=(2x,y,4x-3y)$. The range of $T$ is:",Advanced,"$\left\{(a,b,c)\in \mathbb{R}^3: c=2a-3b\right\}$ 
","$\mathbb{R}^3$ 
","$\left\{(a,b,c)\in \mathbb{R}^3: c=4a-3b\right\}$
","$\left\{(a,b,c)\in \mathbb{R}^3: c=2a-5b\right\}$",,,2019-04-26 08:08:59+00,1,2019-05-14 04:07:11+00,61,4,1,1
294,79,"",17,, A die is rolled. Find the probability of obtaining an odd number.,Basic,$\dfrac{1}{2}$,$\dfrac{1}{6}$,$\dfrac{1}{3}$,$\dfrac{1}{4}$,,,2019-04-26 08:11:16+00,1,2019-05-02 11:41:41+00,38,1,3,1
295,79,"",17,,"Which of these numbers cannot be a probability?
",Basic, 1.0276,0,$\dfrac{1}{3}$ ,0.0007,,,2019-04-26 08:13:56+00,1,2019-05-02 11:42:48+00,38,1,3,1
296,38,"",18,11,Consider the transformations $T:\cal{M}_{2\times 2}(\mathbb{R})\longrightarrow \mathbb{R}$. Mark the linear transformation.,Basic,"$T\left(\left[\begin{array}{rr}
      a & b \\
	c & d     \end{array}\right]\right)= 2a-3b+d$ 
","$T\left(\left[\begin{array}{rr}
      a & b \\
	c & d     \end{array}\right]\right)= ad-bc$ 
","$T\left(\left[\begin{array}{rr}
      a & b \\
	c & d     \end{array}\right]\right)= a^2+c^2$
","$T\left(\left[\begin{array}{rr}
      a & b \\
      c & d    
 \end{array}\right]\right)= -4a+2b+3$",,,2019-04-26 08:14:14+00,1,2019-05-14 04:07:37+00,61,2,2,1
297,79,"",17,,"Two dice are rolled. Find the probability that the sum is equal to 12.
",Basic,$\dfrac{1}{36}$,$\dfrac{1}{24}$,$\dfrac{1}{12}$ ,$\dfrac{1}{18}$,,,2019-04-26 08:16:22+00,1,2019-05-02 11:43:29+00,38,2,5,1
298,79,"",17,,"Two coins are tossed. Find the probability that two tails are obtained.
",Basic,$\dfrac{1}{4}$,$\dfrac{1}{2}$,$\dfrac{1}{3}$,$\dfrac{1}{8}$,,,2019-04-26 08:18:28+00,1,2019-05-02 11:44:12+00,38,2,3,1
301,79,"",17,,"A traffic light is red $ 40\%$ of the times you drive through an intersection. If you follow that route twice, find the probability of obtaining two red lights.",Basic,$16\%$,$32\%$,$40\%$ ,$20\%$,,,2019-04-26 08:25:44+00,1,2019-05-02 11:46:50+00,38,4,3,1
302,79,"",17,,"You placed 3 white balls and 5 black balls in a bag. If a ball is drawn from the bag at random, what is the probability it is black?",Basic,$\dfrac{5}{8}$,$\dfrac{3}{5}$,$\dfrac{3}{8}$ ,$\dfrac{8}{3}$,,,2019-04-26 08:28:38+00,1,2019-05-02 11:48:17+00,38,2,3,1
303,79,"",17,,"If there are $6$ teams competing in a tournament, how many possibilities are there in terms of the final standings? (Consider that there are no tied ranks.)",Basic,$720$,$1024$,$120$,$5040$,,,2019-04-26 08:30:31+00,1,2019-05-02 11:49:50+00,38,4,5,1
304,79,"",17,,In how many different ways can you arrange $8$ guests around a circular table?,Basic,$5040$,$1024$,$720$,$120$,,,2019-04-26 08:32:05+00,1,2019-05-02 11:50:35+00,38,5,1,1
305,79,"",17,,"You need to open a locked door. You have 4 similar keys in a key-chain. What is the probability of succeeding in opening the door at the first try?
",Basic,$\dfrac{1}{4}$,$\dfrac{1}{2}$,$\dfrac{1}{3}$ ,$\dfrac{2}{3}$ ,,,2019-04-26 08:34:41+00,1,2019-05-02 11:51:16+00,38,4,2,1
306,38,"",18,11,Choose the true statement.,Advanced,"If the kernel of a linear transformation $T:\mathbb{R}^3\longrightarrow \mathbb{R}^3$ is $\left\{(0,0,0)\right\}$, then $T$ is an isomorphism. 

"," If the kernel of a linear transformation $T:\mathbb{R}^3\longrightarrow \mathbb{R}^4$ is $\left\{(0,0,0)\right\}$, then $T$ is an isomorphism. 
","If the kernel of a linear transformation $T:\mathbb{R}^2\longrightarrow \mathbb{R}^3$ is $\left\{(0,0)\right\}$, then $T$ is an isomorphism.
","If the kernel of a linear transformation $T:\mathbb{R}^3\longrightarrow \mathbb{R}^3$ is $\left\{(0,0,x):x\in\mathbb{R}\right\}$, then $T$ is an isomorphism.",,,2019-04-26 08:37:07+00,1,2019-05-14 04:08:10+00,61,4,3,1
307,79,"",17,,"The sample space of a random experiment is $\left\{a, b, c, d, e\right\}$ with probabilities $0.1$, $0.1$, $0.2$, $0.4$, and $0.2$, respectively. 
Let $A$ denote the event $\left\{a, b, c\right\}$ and let $B$ denote the event $\left\{c, d, e\right\}$. Calculate $P(A\cap B)$.",Basic,$0.2$,$1$,$0.6$,$0.8$,,,2019-04-26 08:37:45+00,1,2019-05-02 11:56:48+00,38,5,1,1
308,79,"",17,,"The sample space of a random experiment is $\left\{a, b, c, d, e\right\}$ with probabilities $0.1$, $0.1$, $0.2$, $0.4$, and $0.2$, respectively.
Let $A$ denote the event $\left\{a, b, c\right\}$ and let $B$ denote the event $\left\{c, d, e\right\}$. Calculate $P\left(\overline{A}\right)$.",Basic,$0.6$,$1$,$0.2$,$0.8$,,,2019-04-26 08:40:16+00,1,2019-05-02 11:58:06+00,38,5,4,1
309,38,"",5,5,Find $\displaystyle\int x^3+ \operatorname{e}^{3x} dx$.,Basic,"$\displaystyle\dfrac{x^4}{4}+\dfrac{\operatorname{e}^{3x}} {3} + c$
","$\displaystyle x^4 +\operatorname{e}^{3x}+c$
","$\displaystyle 3x^2 + 3\operatorname{e}^{3x} + c$
",$\displaystyle 3x^2 + \frac{\operatorname{e}^{3x+1}}{3x+1}+c$,,,2019-04-26 08:41:36+00,1,2019-04-28 11:24:05+00,38,1,1,1
310,79,"",17,,A team of $4$ people is to be formed from a group of $7$ women and $5$ men. How many different teams might be formed containing at least one woman?,Advanced,$490$,$90037500$,$124$,$3568400$,,,2019-04-26 08:42:27+00,1,2019-05-02 11:58:51+00,38,3,2,1
311,38,"",5,5,Find $\displaystyle\int \frac{\sin\left(2x\right)}{\sqrt{1+\sin^2\left(x\right)}}dx$.,Basic,"$2\sqrt{1+\sin^2\left(x\right)}+c$
","$x+c$
","$\cos(2x)\sqrt{1+\sin^2\left(x\right)}+c$
",$\displaystyle \dfrac{\sqrt{1+\sin^2\left(x\right)}}{\cos(2x)}+c$,,,2019-04-26 08:45:07+00,1,2019-04-28 11:24:13+00,38,3,4,1
312,79,"",17,,"In a school, $60\%$ of students have access to the internet at home. A group of $4$ students is chosen at random. Find the probability that exactly $3$ have access to the internet.",Advanced,$0.346$,$0.126$,$0.154$,$0.026$,,,2019-04-26 08:45:39+00,1,2019-05-02 12:00:07+00,38,4,1,1
313,81,"",18,10,"Consider the vectors of $\mathbb{R}^3$, $v_1=(2, 0, 1)$, $v_2=(1, -1, 3)$, $v_3=(1, 1, -2)$ and $v_4=(3, 1, 0)$. Choose the right answer: ",Basic,"The set $\{v_1, v_2, v_3\}$ is linearly dependent but $\{v_1, v_2, v_4\}$ is linearly independent.",$v_4$ is a linear combination of $v_1$ and $v_3$,"The space generated by $\{v_1, v_2, v_3\}$ is $\mathbb{R}^3$",$v_3$ is a linear combination of $v_2$ and $v_4$ ,,,2019-04-26 08:46:24+00,1,2019-05-10 09:59:07+00,38,2,1,1
314,79,"",17,,Three coins are tossed. Find the probability that two tails are obtained.,Basic,$0.375$,$0.875$,$0.125$,$0.250$,,,2019-04-26 08:48:22+00,1,2019-05-02 12:01:15+00,38,2,5,1
315,38,"",5,5,"Find $\displaystyle \int x^4\ln(x)\, dx$.",Advanced,"$\displaystyle\dfrac{x^5}{5}\ln(x)-\dfrac{x^5}{25}+c$ 
","$\displaystyle \dfrac{x^3}{3}\dfrac{\ln^2(x)} {2} + c$
","$\displaystyle \dfrac{x^5}{5}\left( x\ln(x)-x\right)+ c$
",$\displaystyle \dfrac{x^6}{6}\dfrac{\left( \ln(x)\right)^2}{2}+ c$,,,2019-04-26 08:48:40+00,1,2019-04-28 11:24:39+00,38,4,3,1
316,79,"",17,,Two dice are rolled. Find the probability that the sum is at least equal to $10$.,Basic,$\dfrac{1}{6}$,$\dfrac{1}{12}$ ,$\dfrac{1}{36}$ ,$\dfrac{1}{9}$ ,,,2019-04-26 08:50:38+00,1,2019-05-02 12:05:32+00,38,2,5,1
317,81,"",18,10,"Consider the subspaces of $\mathbb{R}^2$, $S_1$ generated by $\{(2, -3)\}$ and $S_2$ generated by $\{(2, -3), (-6, 9)\}$. Choose the right answer: ",Basic,"$S_1=S_2=\{(x,y): 3x+2y=0\}$","$S_1=\{(x,y): 3x+2y=0\}$ and $S_2=\mathbb{R}^2$",$S_1=S_2=\mathbb{R}^2$,"$S_1=S_2=\{(2x,-3y): x, y\in \mathbb{R}\}$",,,2019-04-26 08:51:45+00,1,2019-05-19 16:15:51+00,37,2,2,1
318,79,"",17,,Three unbiased coins are tossed. What is the probability of getting at least $1$ head?,Advanced,$0.875$,$0.5$,$0.375$,$0.25$,,,2019-04-26 08:52:31+00,1,2019-05-05 15:32:16+00,38,3,2,1
319,38,"",18,11,"Consider the basis $S=\left\{(1,2),(0,-1)\right\}$ for $\mathbb{R}^2$ and let $T:\mathbb{R}^2 \longrightarrow \mathbb{R}^2$ be the linear operator for which $T(4,2)= (2,-5)  $ and $T(0,-1)=(-3,1)$. Choose the right answer.",Basic,"$T(4,-3)= (-13,0)$
","$T(x,y)= (-4x+12y,-3-4y)$ 
","$T(0,-3)=(9,-3)$
","$T(1,1)= (-1,-4)$",,,2019-04-26 08:52:58+00,1,2019-05-14 04:21:39+00,61,2,1,1
320,79,"",17,,Three unbiased coins are tossed. What is the probability of getting at most $2$ heads?,Advanced,$0.875$,$0.5$,$0.375$,$0.25$,,,2019-04-26 08:54:21+00,1,2019-05-05 15:33:46+00,38,3,2,1
321,38,"",18,11,Indicate which of the following applications is linear.,Basic,"
\( T: \mathbb{R}^2 \to \mathbb{R}^2: \quad T(x,y) = (y,x) \)","
\( T: \mathbb{R}^2 \to \mathbb{R}^2: \quad T(x,y)=(1+x,y) \)","
\( T: \mathbb{R}^2 \to \mathbb{R}^2: \quad T(x,y)=(x^2,y) \)
","
\( T: \mathbb{R}^3 \to \mathbb{R}^2: \quad:T(x,y,z)=(x-2yx,-y)\)
",,,2019-04-26 08:56:16+00,1,2019-05-14 04:56:46+00,61,1,2,1
370,64,"",22,,Which of the following graphs admits an Euler circuit?,Advanced,$G_1$ and $G_3$.,All graphs.,None of the graphs.,$G_1$ and $G_2$.,grafos17.jpg,jpg,2019-04-27 04:31:56+00,1,2019-05-14 03:04:47+00,61,3,2,1
322,79,"",17,,"A population of $600$ semiconductor wafers contains wafers from three lots. The wafers are categorised by lot and by whether they conform to a thickness specification. The following table presents the number of wafers in each category.

\begin{table}
\begin{tabular}{l | c | c} 
\hline
\text{Lot} & \text{Conforming} & \text{Nonconforming} \\ 
\hline
A & 88 & 12 \\
B & 165 & 35 \\ 
C & 260 & 40 \\ 
\hline
\end{tabular}
\end{table}

If the wafer is from Lot $A$, what is the probability that it is conforming?",Advanced,$0.880$,$0.843$,$0.172$,$0.493$,,,2019-04-26 08:57:21+00,2,2019-05-05 15:34:40+00,38,3,2,1
323,38,"",18,11,Indicate which of the following applications is not linear. ,Basic,"$T:\mathbb{R}^2\longrightarrow\mathbb{R}^2:T(x,y)=(\sin(x),y)$
","$T: \mathbb{R}^2\longrightarrow\mathbb{R}^2:T(x,y)=(x+2y,3x-y)$
","$T: \mathbb{R}^2\longrightarrow\mathbb{R}^2:T(x,y)=(0,0)$ 
","$T:\mathbb{R}^4\longrightarrow\mathbb{R}^4:T(x,y,z,w)=(x,y,z,w)$",,,2019-04-26 09:04:19+00,1,2019-05-14 05:02:53+00,61,1,2,1
324,38,"",18,11,Indicate which of the following applications is linear.,Basic,"$T:\mathbb{R}^2\longrightarrow\mathbb{R}^3:T(x,y)=(x,0,x+y)$ 
","$T: \mathbb{R}^2\longrightarrow\mathbb{R}^2:T(x,y)=(x^2 y,2x)$ 
","$T: \mathbb{R}^4\longrightarrow\mathbb{R}^2:T(x,y, z, w)=(x+y+z,2)$
","$T:\mathbb{R}^3\longrightarrow\mathbb{R}^2:T(x,y, z)=(x+1+z,y+2x-z)$",,,2019-04-26 09:14:02+00,1,2019-05-14 05:03:13+00,61,1,2,1
325,38,"",18,11,"Consider the linear application $T:\mathbb{R}^2 \longrightarrow \mathbb{R}^2$ such that $T(x,y)= \left(2x-y,3x+y\right)$. Choose the wrong answer.",Basic,$dim\left(ker(T)\right)= 1$,"$ker(T)=\left\{(0,0)\right\}$",$range(T)=\mathbb{R}^2$,$dim\left(range(T)\right)= 2$,,,2019-04-26 10:42:53+00,1,2019-05-14 05:04:01+00,61,1,2,1
326,78,"",10,,Simplify $i^{148}$.,Basic,$1$,$i$,$-1$,$-i$,,,2019-04-26 11:03:59+00,1,2019-04-27 09:29:54+00,37,2,5,1
327,78,"",10,,Simplify $i^3+i^6+i^9$.,Basic,$-1$,$-i$,$1$,$i$,,,2019-04-26 11:08:15+00,1,2019-04-27 09:31:59+00,37,2,1,1
328,78,"",10,,Simplify $i^2+8i^3+i^5-2i^7$.,Basic,$-1-5i$,$-1+5i$,$1-5i$ ,$1+5i$ ,,,2019-04-26 11:09:51+00,1,2019-04-27 09:32:35+00,37,2,5,1
329,78,"",10,,Simplify $\dfrac{2+4i}{1+i}(2-i)$.,Basic,$7-i$,$-7+i$,$7+i$,$-7-i$,,,2019-04-26 11:11:45+00,1,2019-04-27 09:32:59+00,37,3,2,1
330,78,"",10,,Simplify $\dfrac{1+i}{1-i}+\dfrac{1-i}{1+i}$.,Basic,$0$,$i$,$-i$,$1$,,,2019-04-26 11:14:24+00,1,2019-04-27 09:33:51+00,37,3,2,1
331,78,"",10,,The solution set of the equation $2z^2+7=0$ is:,Basic,"$S\left\{-i\sqrt{\dfrac{7}{2}} \ , \ i\sqrt{\dfrac{7}{2}}\right\}$","$S\left\{-\sqrt{\dfrac{7}{2}} \ , \ \sqrt{\dfrac{7}{2}}\right\}$","$S\left\{\dfrac{7}{2}-i\sqrt{\dfrac{7}{2}} \ \ , \ \ \dfrac{7}{2}+i\sqrt{\dfrac{7}{2}}\right\}$","$S\left\{-\dfrac{7}{2}-i\sqrt{\dfrac{7}{2}} \ \ , \ \ -\dfrac{7}{2}+i\sqrt{\dfrac{7}{2}}\right\}$",,,2019-04-26 11:17:26+00,1,2019-04-27 09:34:24+00,37,1,5,1
332,78,"",10,,The solution set of the equation $5z^2-4z+1=0$ is:,Basic,"$S\left\{\dfrac{2}{5}-\dfrac{1}{5}i \ , \ \dfrac{2}{5}+\dfrac{1}{5}i\right\}$","$S\left\{\dfrac{1}{5}-\dfrac{2}{5}i \ , \ \dfrac{1}{5}+\dfrac{2}{5}i\right\}$","$S\left\{-\dfrac{1}{5}-\dfrac{2}{5}i \ , \ -\dfrac{1}{5}+\dfrac{2}{5}i\right\}$","$S\left\{-\dfrac{2}{5}-\dfrac{1}{5}i \ , \ -\dfrac{2}{5}+\dfrac{1}{5}i\right\}$ ",,,2019-04-26 11:20:22+00,1,2019-04-27 09:34:52+00,37,2,5,1
333,78,"",10,,The solution set of the equation $z^2-(3+2i)z+5+i=0$ is:,Advanced,"$S\{1-i \ , \ 2+3i\}$","$S\{-1-i \ , \ 2+3i\}$","$S\{-1-i \ , \ -2+3i\}$
","$S\{1-i \ , \ 2-3i\}$",,,2019-04-26 11:26:35+00,1,2019-04-27 09:35:44+00,37,3,4,1
334,78,"",10,,The polar form of $z=1+i$ is,Basic,$z=\sqrt{2}\operatorname{e}^{i\frac{\pi}{4}}$,$z=\dfrac{\sqrt{2}}{2}\operatorname{e}^{i\frac{3\pi}{4}}$,$z=\sqrt{2}\operatorname{e}^{-i\frac{\pi}{4}}$,$z=\dfrac{\sqrt{2}}{2}\operatorname{e}^{i\frac{\pi}{4}}$,,,2019-04-26 11:32:13+00,1,2019-04-27 09:37:10+00,37,2,5,1
335,78,"",10,,The polar form of $z=-1-i$ is ,Basic,$z=\sqrt{2}\operatorname{e}^{i\frac{5\pi}{4}}$,$z=\dfrac{\sqrt{2}}{2}\operatorname{e}^{i\frac{3\pi}{4}}$,$z=\sqrt{2}\operatorname{e}^{-i\frac{5\pi}{4}}$,$z=\dfrac{\sqrt{2}}{2}\operatorname{e}^{i\frac{5\pi}{4}}$,,,2019-04-26 11:33:24+00,1,2019-04-27 09:37:54+00,37,2,1,1
336,78,"",10,,Express $z=\dfrac{1}{-1+3i}$ in the form $z=a+bi$.,Basic,$z=-\frac{1}{10}-\frac{3}{10}i$,$z=-\frac{3}{10}-\frac{1}{10}i$,$z=\frac{1}{10}+\frac{3}{10}i$,$z=\frac{3}{10}+\frac{1}{10}i$,,,2019-04-26 11:34:52+00,1,2019-04-27 09:38:35+00,37,3,1,1
337,78,"",10,,Express $z=\operatorname{e}^{i3\pi}$ in the form $z=a+bi$. ,Basic,$z=-1$,$z=-1-i$,$z=-i$,"$z=1+i$
",,,2019-04-26 11:45:15+00,1,2019-04-27 09:38:47+00,37,1,5,1
338,78,"",10,,Express $z=\operatorname{e}^{i\frac{2\pi}{3}}$ in the form $z=a+bi$.,Basic,$z=-\dfrac{1}{2}+\dfrac{\sqrt{3}}{2}i$,$z=-\dfrac{\sqrt{3}}{2}+\dfrac{1}{2}i$,$z=\dfrac{1}{2}-\dfrac{\sqrt{3}}{2}i$,$z=\dfrac{\sqrt{3}}{2}-\dfrac{1}{2}i$,,,2019-04-26 11:47:05+00,1,2019-04-27 09:39:11+00,37,2,1,1
339,78,"",10,,Express $z=\pi \operatorname{e}^{-i\frac{\pi}{3}}$ in the form $z=a+bi$. ,Basic,$z=\dfrac{\pi}{2}-\dfrac{\pi\sqrt{3}}{2}i$,$z=\dfrac{\pi\sqrt{3}}{2}-\dfrac{\pi}{2}i$,$z=-\dfrac{\pi}{2}+\dfrac{\pi\sqrt{3}}{2}i$,$z=\dfrac{\pi}{2}+\dfrac{\pi\sqrt{3}}{2}i$,,,2019-04-26 11:49:17+00,1,2019-04-27 09:39:34+00,37,3,2,1
340,78,"",10,,Let $z\in\mathbb{C}$ be a complex number. Then we always have:,Advanced,$w=z\bar{z}$ is a non-negative real number.,$z=\bar{z}$.,$\operatorname{Re}(z)=\dfrac{z-\bar{z}}{2}$.,$\operatorname{Im}(z)=\dfrac{z+\bar{z}}{2i}$.,,,2019-04-26 11:51:27+00,1,2019-04-27 09:40:06+00,37,5,6,1
341,78,"",10,,If $z=3+4i$ and $w=1-2i$ then,Basic,$\dfrac{z}{w}=-1+2i$,$\dfrac{z}{w}=3+4i$,$\dfrac{z}{w}=1+2i$,$\dfrac{z}{w}=-3+4i$,,,2019-04-26 11:53:37+00,1,2019-04-27 09:40:27+00,37,4,4,1
342,78,"",10,,If $z=1+\sqrt{3}i$ and $w=\sqrt{3}+i$ then ,Basic,$\dfrac{z}{w}=\operatorname{e}^{i\frac{\pi}{6}}$,$\dfrac{z}{w}=\cos\left(\dfrac{\pi}{2}\right)+i\sin\left(\dfrac{\pi}{2}\right)$,$\dfrac{z}{w}=4e^{i\frac{\pi}{6}}$,$\dfrac{z}{w}=\dfrac{\sqrt{3}}{2}-\dfrac{1}{2}i$,,,2019-04-26 11:55:16+00,1,2019-04-27 09:40:51+00,37,5,3,1
343,79,"",17,,"A population of $600$ semiconductor wafers contains wafers from three lots. The wafers are categorised by lot and by whether they conform to a thickness specification. The following table presents the number of wafers in each category.

$$\begin{array}{l c c} 
\hline
\text{Lot} & \text{Conforming} & \text{Nonconforming} \\ 
\hline
A & 88  & 12 \\ 
B & 165 & 35 \\ 
C & 260 & 40 \\ 
\hline
\end{array}$$

If the wafer is conforming, what is the probability that it is from Lot $A$?",Advanced,$0.172$,$0.843$,$0.880$,$0.493$,,,2019-04-26 13:27:02+00,1,2019-05-05 15:36:51+00,38,3,2,1
344,79,"",17,,Let $A$ and $B$ be events with $P(A)=0.8$ and $P(A\cap B)=0.2$. For what value of $P(B)$ will $A$ and $B$ be independent?,Advanced,$0.25$,$0.20$,$0.80$,$0.75$,,,2019-04-26 13:29:00+00,1,2019-05-02 12:04:07+00,38,2,5,1
345,78,"",10,,"Using the principal argument, the polar form of $z=1-\sqrt{3}i$ is",Advanced,$z=2\left(\cos\left(\dfrac{\pi}{3}\right)-i\sin\left(\dfrac{\pi}{3}\right)\right)$,$z=2\left(\cos\left(\dfrac{\pi}{3}\right)+i\sin\left(\dfrac{\pi}{3}\right)\right)$,$z=2\left(\cos\left(\dfrac{5\pi}{3}\right)+i\sin\left(\dfrac{5\pi}{3}\right)\right)$,$z=2\left(\cos\left(\dfrac{5\pi}{3}\right)-i\sin\left(\dfrac{5\pi}{3}\right)\right)$,,,2019-04-26 13:32:25+00,1,2019-04-27 09:41:25+00,37,3,4,1
346,78,"",10,,Given two complex numbers $z$ and $w$ we have,Advanced,"$\operatorname{Re}(z+w)= \operatorname{Re}(\,\overline{z}\,) + \operatorname{Re}(\,\overline{w}\,)$",$\operatorname{Re}(z w)= \operatorname{Re}(z) \operatorname{Re}(w)$,"$\operatorname{Re}\left(\dfrac{z}{w}\right)= \dfrac{\operatorname{Re} (z)}{\operatorname{Re}(w)}$, for $w\neq 0$","$\operatorname{Re}(\,\overline{z+w}\,)= \operatorname{Re}(z) - \operatorname{Re}(w)$",,,2019-04-26 13:33:45+00,1,2019-04-27 09:41:44+00,37,5,6,1
347,78,"",10,,Given two complex numbers $z$ and $w$ we have,Advanced,"$\operatorname{Im}(\,\overline{z+w}\,)= \operatorname{Im}(\,\overline{z}\,) + \operatorname{Im}(\,\overline{w}\,)$",$\operatorname{Im}(z+w)= \operatorname{Im}(z) - \operatorname{Im}(w)$,$\operatorname{Im}(z w)= \operatorname{Im}(z)  \operatorname{Im}(w)$,"$\operatorname{Im}\left(\dfrac{z}{w}\right)= \dfrac{\operatorname{Im} (z)}{\operatorname{Im}(w)}$, for $w\neq 0$",,,2019-04-26 13:39:10+00,1,2019-04-27 09:42:07+00,37,5,3,1
348,78,"",10,,The set of points $z$ in the complex plane that satisfy the relation $|z+1-2i|=2$ is the,Advanced, circle of radius $2$ and center $-1+2i$.,circle of radius $2$ and center $1-2i$.,circle of radius $\sqrt{2}$ and center $-1+2i$.,circle of radius $\sqrt{2}$ and center $1-2i$.,,,2019-04-26 13:41:10+00,1,2019-04-27 09:42:52+00,37,4,3,1
349,78,"",10,,The set of points in the complex plane that satisfy the relation $|z+2i|\leq 1$ is the,Advanced,disc of radius $1$ and center $-2i$.,disc of radius $1$ and center $2i$.,circle of radius $1$ and center $-2i$.,circle of radius $1$ and center $2i$.,,,2019-04-26 13:44:49+00,1,2019-04-27 09:43:48+00,37,5,6,1
351,78,"",10,,The trigonometric form of the complex number $z=\left(\cos\left(\dfrac{\pi}{3}\right)-i\sin\left(\dfrac{\pi}{3}\right)\right)^7$ is,Advanced,$z=\cos\left(\dfrac{\pi}{3}\right)-i\sin\left(\dfrac{\pi}{3}\right)$,$z=-\cos\left(\dfrac{\pi}{3}\right)-i\sin\left(\dfrac{\pi}{3}\right)$,$z=-\cos\left(\dfrac{\pi}{3}\right)+i\sin\left(\dfrac{\pi}{3}\right)$,$z=\cos\left(\dfrac{\pi}{3}\right)+i\sin\left(\dfrac{\pi}{3}\right)$,,,2019-04-26 13:49:45+00,1,2019-04-27 09:44:49+00,37,3,2,1
352,78,"",10,,Which one of the following propositions is false?,Advanced,"$\left||z|-|\,\overline{z}\,|\right|\geq|z-\overline{z}|$, $z\in\mathbb{C}$","$\sqrt{2}\,|z|\geq|\operatorname{Re}(z)|+|\operatorname{Im}(z)|$, $z\in\mathbb{C}$","$|z^n|=|z|^n$, where $n$ is an integer and $z\in\mathbb{C}$","$|z|+|\,\overline{z}\,|\geq|z+\overline{z}|$, $z\in\mathbb{C}$",,,2019-04-26 13:52:41+00,1,2019-04-27 09:45:27+00,37,5,6,1
353,78,"",10,,Represent $z=(3+3i)^5$ in the form $a+bi$.,Basic,$z=-972-972i$,$z=972+972i$,$z=-243-243i$,$z=243+243i$,,,2019-04-26 13:57:44+00,1,2019-04-27 09:45:44+00,37,4,4,1
354,78,"",10,,The square roots of $2i$ are,Advanced,$z=\pm(1+i)$ ,$z=1\pm i$,$z=\pm\sqrt{2}i$,$z=\pm(-1+i)$,,,2019-04-26 14:05:37+00,1,2019-04-27 09:46:21+00,37,4,3,1
355,78,"",10,,Represent $z=(1+i)^3$ in the form $a+bi$.,Advanced,$z=-2+2i$,$z=-2-2i$,$z=2-2i$,$z=2+2i$,,,2019-04-26 14:09:02+00,1,2019-04-27 09:46:43+00,37,3,2,1
356,78,"",10,,Represent $z=(1-2i)^4$ in the form $a+bi$.,Advanced,$z=-7+24i$,$z=1+16i$,$z=-15$,$z=1-16i$,,,2019-04-26 14:10:40+00,1,2019-04-27 09:47:08+00,37,4,4,1
357,78,"",10,,"The complex solutions of the equation  $\,\overline{z}-z=0$ are the complex numbers $z\in\mathbb{C}$ such that",Advanced,$\operatorname{Im}(z)=0$,$\operatorname{Re}(z)=0$3,$\operatorname{Re}(z)+\operatorname{Im}(z)=0$,$\operatorname{Re}(z)=\operatorname{Im}(z)$,,,2019-04-26 14:12:16+00,1,2019-04-27 09:50:42+00,37,3,2,1
358,78,"",10,,Simplify the expression $ \ \dfrac{1+i}{1-i}-(1+2i) \cdot (2+2i)+\dfrac{3-i}{1+i}$.,Advanced,$3-7i$,$3+7i$,$-3+7i$,$-3-7i$,,,2019-04-26 14:13:47+00,1,2019-04-27 09:51:03+00,37,3,4,1
359,78,"",10,,The principal argument and the exponential form of $\displaystyle z=-\frac{i}{2i+2}$ is,Advanced,$\operatorname{Arg}(z)=-\dfrac{3\pi}{4}$ and $z=\dfrac{\sqrt{2}}{4}\operatorname{e}^{-i\frac{3\pi}{4}}$,$\operatorname{Arg}(z)=-\dfrac{5\pi}{4}$ and $z=\dfrac{\sqrt{2}}{4}\operatorname{e}^{-i\frac{5\pi}{4}}$,$\operatorname{Arg}(z)=\dfrac{5\pi}{4}$ and $z=\dfrac{1}{\sqrt{8}}\operatorname{e}^{i\frac{5\pi}{4}}$,$\operatorname{Arg}(z)=\dfrac{3\pi}{4}$ and $z=\dfrac{1}{\sqrt{8}}\operatorname{e}^{i\frac{3\pi}{4}}$ ,,,2019-04-26 14:15:39+00,1,2019-04-27 09:52:58+00,37,3,4,1
360,78,"",10,,If $z=1+\sqrt{3}i$ and $w=\sqrt{3}+i$ then,Basic,$z w=4i$,$z w=\cos\left(\dfrac{\pi}{2}\right)-i\sin\left(\dfrac{\pi}{2}\right)$,$z w=4\operatorname{e}^{-i\frac{\pi}{2}}$,$z w=\operatorname{e}^{i\frac{\pi}{6}}$,,,2019-04-26 14:17:50+00,1,2019-04-27 09:53:19+00,37,1,5,1
362,64,"",22,,"The complete bipartite graph $K_{m,n}$ has:",Basic,$m\times n$ edges.,$m+n$ edges.,odd cycles.,$m \times n$ vertices.,,,2019-04-27 04:22:58+00,1,2020-06-02 15:48:17+00,64,2,3,1
363,37,"",7,1,The faces of a regular dodecahedron are:,Basic,pentagons.,pentagons and triangles.,triangles and squares.,triangles.,,,2019-04-27 04:25:02+00,1,2019-05-19 04:12:32+00,67,3,2,1
364,37,"",7,1,"If the basis of a pyramid is a n-sided polygon, how many faces does the pyramid have?",Basic,It has $n+1$ faces.,It has $n+2$ faces.,It has $n$ faces.,It has $n-1$ faces.,,,2019-04-27 04:25:54+00,1,2019-05-19 04:24:30+00,67,2,2,1
365,64,"",22,,The graph in the picture,Advanced,is Hamiltonian.,is bipartite.,is complete.,is Eulerian.,grafo16.jpg,jpg,2019-04-27 04:25:55+00,1,2019-05-14 03:04:00+00,61,3,2,1
366,37,"",7,1,How many faces does a prism have if the bases are n-sided polygons?,Basic,It has $n+2$ faces.,It has $n$ faces.,It has $n+3$ faces.,It has $n+1$ faces.,,,2019-04-27 04:27:03+00,1,2019-05-19 04:25:54+00,67,2,2,1
367,37,"",7,1,Identify the prisms that have less than $6$ vertices.,Basic,There are no such prisms.,Hexagonal prisms.,Pentagonal prisms.,Heptagonal prisms.,,,2019-04-27 04:28:31+00,1,2019-05-19 04:29:22+00,67,3,2,1
368,37,"",7,1,Identify the true statement.,Basic,The regular tetrahedron has four geometrically equal faces.,The tetrahedron has less than four faces.,The tetrahedron has at least four faces.,The tetrahedron is a platonic solid.,,,2019-04-27 04:30:23+00,1,2019-05-19 04:31:10+00,67,1,1,1
369,37,"",7,1,A quadrilateral is a rectangle when,Basic,all four internal angles are congruent.,it has congruent internal angles two by two OR it has two pairs of congruent internal angles.,it has congruent sides two by two OR it has two pairs of congruent sides.,it has parallel sides two by two OR it has two pairs of parallel sides.,,,2019-04-27 04:31:35+00,1,2019-05-19 04:35:27+00,67,1,1,1
371,37,"",7,1,In a parallelogram,Basic,the two diagonals bisect.,the two diagonals are perpendicular.,the four sides are congruent.,the four angles are congruent.,,,2019-04-27 04:32:34+00,1,2019-05-09 17:02:04+00,37,1,1,1
372,64,"",22,,Which of the following sentences is false?,Advanced,The graph has a circuit.,The graph has a cycle.,The graph is Eulerian.,The graph is Hamiltonian.,grafo18.jpg,jpg,2019-04-27 04:34:27+00,1,2019-05-14 03:05:38+00,61,4,4,1
373,64,"",22,,The complete graph $K_n$ is:,Advanced,Eulerian for odd values of $n$.,Hamiltonian for all values of $n$.,Eulerian for even $n$.,bipartite for all $n$.,,,2019-04-27 04:35:58+00,1,2019-05-14 03:05:59+00,61,4,4,1
374,64,"",22,,In a tree with six vertices,Basic,there are five edges.,all vertices have degree three.,"there are two leafs, that is, two vertices with degree one.",there is a cycle.,,,2019-04-27 04:37:15+00,1,2019-05-14 03:06:30+00,61,2,3,1
375,38,"",18,11,"Consider the linear application $T:\mathbb{R}^2 \longrightarrow \mathbb{R}^2$ such that $T(x,y)= \left(2x-y,6x-3y\right)$. Choose the wrong answer.",Basic,"$dim\left(ker(T)\right)= 1$
","$ker(T)=\left\{(0,0)\right\}$
","$range(T)=\mathbb{R}^2$
",$dim\left(range(T)\right)= 2$,,,2019-04-27 12:53:18+00,1,2019-05-14 05:01:55+00,61,1,2,1
376,38,"",18,11,"Consider the linear transformation $T:\mathbb{R}^2 \longrightarrow \mathbb{R}^3$ defined by $T(x,y)= \left(x+y,2x-y,3y\right)$ and the basis $A=\left\{(1,1),(-1,2)\right\}$ and $B=\left\{(0,0,1),(0,2,0),(3,0,0)\right\}$ of $\mathbb{R}^2$ and $\mathbb{R}^3$, respectively. 
Indicate the transformation matrix $T$ relative to the basis $A$ and $B$.",Basic,"$\left[\begin{array}{rr}
      3& 6 \\
			\dfrac{1}{2} & -2\\
					\dfrac{2}{3}& \dfrac{1}{3}\end{array}\right]$ ","$\left[\begin{array}{rrr}
      3& \dfrac{1}{2} &\dfrac{2}{3}\\
	6 & -2 & \dfrac{1}{3}\end{array}\right]$","$\left[\begin{array}{ccc}
      0& 0 & 3 \\
	0 & 2 & 0\\
	1& 0 & 0 \end{array}\right]$","$\left[\begin{array}{rr}
      1& -1 \\
     1 & 2
\end{array}\right]$",,,2019-04-27 12:58:27+00,1,2019-05-14 05:07:32+00,61,3,2,1
377,38,"",18,11,"Consider the linear transformation  $T:\mathbb{R}^3 \longrightarrow \mathbb{R}^3$ defined by $T(x,y,z)=(x+y,0,y+z)$. Choose the right answer.",Basic,"$ker(T)=\left\{(x,-x,x)\in \mathbb{R}^3: x\in \mathbb{R}\right\}$","The transformation $T$ is injective
","$dim \left(ker(T)\right)=3$
","The transformation matrix T relative to the canonical basis is $\left[\begin{array}{ccc}
      1& 0 & 0 \\
	1 & 0 & 1 \\
	0 & 0 & 1
			\end{array}\right]$",,,2019-04-27 13:04:05+00,1,2019-05-14 05:11:24+00,61,2,2,1
378,38,"",18,11,"Consider the linear operator $F:\mathbb{R}^2 \longrightarrow \mathbb{R}^2$ such that $F(x,y)=(x+2y,2x+3y)$. Choose the right answer:",Basic,"$F^{-1}$ is a symmetric operator defined by $F^{-1}(x,y)=(-3x+2y, 2x-y)$
","$F^{-1}$ does not exist
","$F^{-1}$ is defined by $F^{-1}(x,y)=(3x-2y, -2x+y)$ and is not a symmetric operator
","$F^{-1}$ is a symmetric operator defined by $F^{-1}(x,y)=(3x-2y, 2x-y)$",,,2019-04-27 13:48:36+00,1,2019-05-14 05:12:46+00,61,3,1,1
379,38,"",18,11,Consider the linear transformation $F:\mathbb{R}^n \longrightarrow \mathbb{R}^m$ such that $F(v)=Av$ for $v\in \mathbb{R}^n$ and $A$ being a $m\times n$ matrix.  $F$ is an isomorphism if and only if: ,Basic,"$m=n$ and $|A|\neq 0$
","$m\neq n$
","$A^{-1}$  does not exist
",$m=n$,,,2019-04-27 13:56:31+00,1,2019-05-14 05:13:26+00,61,3,1,1
380,38,"",18,11,"Let the linear application $F: \mathbb{R}^2\rightarrow \mathbb{R}^3$ be defined by $F(x, y)=(x, y, x-y)$. 
When considering the bases $A= \{(1, 2), (3,5)\}$ of $\mathbb{R}^2$ and $B= \{(1, 2,0), (2, -3,1), (0, -1, 1)\}$ of $\mathbb{R}^3$, the application $F$ is represented by the matrix: ",Advanced,"$A=\left[\begin{array}{rr}
 \dfrac{2}{3} & 2  \\
  \dfrac{1}{6} & \dfrac{1}{2} \\
  -\dfrac{7}{6} & -\dfrac{5}{2}  
\end{array}\right]$ ","$A=\left[\begin{array}{rr}
 1  & 0  \\
  0 & 1  \\
  1 & -1  
\end{array}\right]$","$A=\left[\begin{array}{rrr}
 1  & 0 & 1 \\
  0 & 1  & -1
\end{array}\right]$ ","$A=\left[\begin{array}{rr}
 \dfrac{2}{3}  & 2  \\
  \dfrac{1}{3} & \dfrac{1}{2} \\
  -\dfrac{7}{3} & -\dfrac{5}{2} 
\end{array}\right]$",,,2019-04-27 14:15:22+00,1,2019-05-14 05:16:46+00,61,5,4,1
381,38,"",18,11,"Consider the linear transformation $F: \mathbb{R}^2\rightarrow \mathbb{R}^3$ be defined by $F(x, y)=(x+3y, 2x-y, x)$. 
Let the kernel, $ker(F)$ and the space image of $F$, $range(F)$, respectively.  Choose the right answer:",Advanced,"$ker(F)= \{(0, 0)\}$ and $range(F)=\{(x, y, z)\in \mathbb{R}^3: x+3y-7z=0\}$ ","$(0, 3) \in ker(F)$ and $range(F)=\{(x, y, z)\in \mathbb{R}^3: x+3y=7z\}$
","$ker(F)=\mathbb{R}^2$ and $range(F)=\mathbb{R}^3$
","$ker(F)=\{(x, -3x, 2x)\}$ and $range(F)=\mathbb{R}$",,,2019-04-27 14:23:42+00,1,2019-05-16 08:07:02+00,61,5,4,1
382,38,"",18,11,Select the linear transformation which is an isomorphism.,Advanced,"$T:\mathbb{R}^2\longrightarrow \mathbb{R}^2$, where $T(x,y)=(-3x+y,4x)$
","$T:\mathbb{R}^3\longrightarrow \mathbb{R}^2$, where $T(x,y,z)=(2x+y,z)$
","$T:\mathbb{R}^2\longrightarrow \mathbb{R}^3$, where $T(x,y)=(0,-x+y,5y)$
","$T:\mathbb{R}^3\longrightarrow \mathbb{R}^3$, where $T(x,y,z)=(-6y-2z,-2x,3y+z)$",,,2019-04-27 14:27:44+00,1,2019-05-16 08:09:12+00,61,4,3,1
383,38,"",18,11,"Consider the linear application $T: \mathbb{R}^3\rightarrow \mathbb{R}^2$, such that 
$$T(1,0,1)=(-2,4), \quad T(0,-1,2)=(5, 0), \quad T(0,0,3)=(-6,3)$$ 
Choose the right answer. ",Basic,"$T(x,y,z)=(-9y-2z,3x+2y+z)$ 
","$T(x,y,z)=(-2x+5y-6z,4x+3z)$
","$T(x,y,z)=(x,-y,x+2y+3z)$ 
","$T(x,y,z)=(y-2z,3x+y+z)$",,,2019-04-27 14:41:47+00,1,2019-05-16 08:10:59+00,61,2,2,1
384,38,"",18,11,Choose the right answer: ,Basic,"The rotation function  $F_\theta:\mathbb{R}^2\rightarrow \mathbb{R}^2$ associated with the  $\theta$ angle is an orthogonal linear operator
","The translation function $F_v:\mathbb{R}^2\rightarrow \mathbb{R}^2$ associated to vector $v$ is a linear operator
","The reflection function $F:\mathbb{R}^2\rightarrow \mathbb{R}^2$ around the line y = x, defined by $F(x,y)=(y, x)$ is a non-orthogonal linear operator
",The rotation function  $F_\theta:\mathbb{R}^2\rightarrow \mathbb{R}^2$ associated with the  $\theta$ angle is a non-orthogonal linear operator,,,2019-04-27 14:44:03+00,1,2019-05-16 08:12:35+00,61,4,1,1
385,38,"",18,11,"Consider the linear application $F: \mathbb{R}^3\rightarrow \mathbb{R}^2$, such that $$F(1, 0, -1)=(1, -1), \quad F(2, 0, 1)=(2,1),\quad  F(0, -1, 1)=(0,2),$$ where $B=\{(1, 0, -1), (2, 0, 1), (0, -1, 1)\}$ is a base of $\mathbb{R}^3$. 
Choose the right answer: ",Advanced,"$F(8, 2, -1)=(8, -3)$ 
","$F(8, 2, -1)=(8, 2)$
","$F(8, 2, -1)=(0, -3)$ 
","$F(8, 2, -1)=(2, 3, -2)$",,,2019-04-27 14:53:16+00,1,2019-05-16 08:16:42+00,61,4,4,1
386,64,"",22,,How many non-isomorphic spanning trees are there in the graph?,Basic,$3$,$4$,$5$,$6$,grafo21.jpg,jpg,2019-04-27 17:36:30+00,1,2019-05-14 03:06:55+00,61,5,4,1
388,38,"",5,5,"Find $\displaystyle\int \dfrac{x^2+1}{x^2+x}\, dx$.",Advanced,"$\displaystyle x+\ln|x|-2\ln|x+1|+ c$
","$\displaystyle x+c$
","$\displaystyle \ln|x|+ c$
",$\displaystyle \dfrac{x}{2}+ c$,,,2019-04-28 09:17:47+00,1,2019-04-28 11:24:51+00,38,4,3,1
389,38,"",5,5,"Find $\displaystyle\int \dfrac{x^3-x+1}{x^2-x}\, dx$.",Advanced,$\displaystyle \frac{x^2}{2}+x-\ln|x|+\ln|x-1|+ c$,"$\displaystyle \dfrac{1}{x}\ln|x^2 -x|+c$
","$\displaystyle x+ c$
",$\displaystyle \dfrac{x^2}{2}+x+ c$,,,2019-04-28 09:19:56+00,1,2019-04-28 11:24:57+00,38,4,3,1
390,38,"",5,5,"Find $\displaystyle\int \dfrac{{\operatorname{e}^{2x}}}{{\operatorname{e}^{4x}}+1}\, dx$.",Basic,$\displaystyle \dfrac{1}{2}\arctan(\operatorname{e}^{2x})+c$,"$\displaystyle \arctan(\operatorname{e}^{2x})+c$
","$\displaystyle 2\arctan(\operatorname{e}^{2x})+c$
",$\displaystyle \dfrac{1}{4}\arctan(\operatorname{e}^{2x})+c$,,,2019-04-28 09:22:07+00,1,2019-04-28 11:25:04+00,38,2,1,1
391,38,"",5,5,"Find $\displaystyle\int \dfrac{{\operatorname{e}^{4x}}}{{\operatorname{e}^{4x}}+1}\, dx$.",Basic,"$\displaystyle \dfrac{1}{4}\ln(\operatorname{e}^{4x}+1)+c$ 
",$\displaystyle \arctan(\operatorname{e}^{2x})+c$,$\displaystyle \ln(\operatorname{e}^{4x}+1)+c$,$\displaystyle \dfrac{1}{4}\arctan(\operatorname{e}^{4x})+c$,,,2019-04-28 09:24:46+00,1,2019-04-28 11:25:12+00,38,1,1,1
392,38,"",5,5,"Find $\displaystyle\int \operatorname{e}^{\sqrt x }\, dx$.",Advanced,$\displaystyle2\operatorname{e}^{\sqrt x } (\sqrt x -1)+c$ ,"$\displaystyle \operatorname{e}^{\sqrt x }+c$
","$\displaystyle \operatorname{e}^{x}+c$
",$\displaystyle \dfrac{1}{\sqrt x}\operatorname{e}^{\sqrt x }+c$,,,2019-04-28 09:28:10+00,1,2019-04-28 11:25:31+00,38,5,2,1
393,38,"",5,5,"Find $\displaystyle\int\dfrac{1}{x\ln \left(x^2\right)}\, dx$.",Basic,$\displaystyle \dfrac{1}{2}\ln\left|\ln \left(x^2\right)\right|+c$,"$\displaystyle \ln\left|\ln \left(x\right)\right|+c$
","$\displaystyle \dfrac{1}{\ln^2\left(x^2\right)}+c$
",$\displaystyle \dfrac{1}{2}\ln^2\left(x^2\right)+c$,,,2019-04-28 09:35:30+00,1,2019-04-28 11:25:40+00,38,2,1,1
394,38,"",5,5,"Find $\displaystyle\int\dfrac{\ln^3\left(2x+2\right)}{x+1}\, dx$.",Basic,$\displaystyle \dfrac{1}{4}\ln ^4\left(2\left(x+1\right)\right)+c$,"$\displaystyle \dfrac{1}{8}\ln ^4\left(2\left(x+1\right)\right)+c$
","$\displaystyle \dfrac{2\ln^4\left(2x+2\right)}{(x+1)^2}+c$
",$\displaystyle \dfrac{1}{2}\ln^2\left(2x+2\right)+c$,,,2019-04-28 09:38:28+00,1,2019-04-28 11:25:46+00,38,2,1,1
395,38,"",5,5,"Find $\displaystyle\int\tan^3\left(3x\right)\, dx$.",Advanced,$\displaystyle -\dfrac{1}{3}\ln \left|\sec \left(3x\right)\right|+\dfrac{\sec ^2\left(3x\right)}{6}+c$ ,"$\displaystyle \dfrac{\tan^4\left(3x\right)}{12}+c$
","$\displaystyle \dfrac{2\ln^4\left(2x+2\right)}{(x+1)^2}+c$
",$\displaystyle \dfrac{1}{2}\sec(3x)\ln^2\left(3x\right)+c$,,,2019-04-28 09:40:27+00,1,2019-04-28 11:25:57+00,38,3,4,1
396,38,"",5,5,"Find $\displaystyle\int \sin^2(x)\cos^3(x)\, dx$.",Advanced,$\displaystyle\dfrac{\sin^3(x)}{3}-\dfrac{\sin^5(x)}{5}+c$,"$\displaystyle\dfrac{\sin^3(x)}{3}\dfrac{\cos^4(x)}{4}+c$
","$\displaystyle 3\sin(x)\dfrac{\cos^2(x)}{5}+c$
",\item $\displaystyle \cos(x)+\sin(x)$,,,2019-04-28 09:42:20+00,1,2019-04-28 11:26:07+00,38,5,2,1
397,38,"",5,5,"Find $\displaystyle\int x\cos(x^2)\sin^3(x^2)\, dx$.",Basic,$\displaystyle\dfrac{1}{8}\sin^4(x^2)+c$,"$\displaystyle\dfrac{\sin^3(x)}{3}-\dfrac{\sin^5(x)}{5}+c$
","$\displaystyle 3\sin(x)\dfrac{\cos^2(x)}{4}+c$
",$\displaystyle \cos(x)+\sin(x)$,,,2019-04-28 09:45:41+00,1,2019-04-28 11:26:46+00,38,2,4,1
398,38,"",5,5,"Find $\displaystyle\int \dfrac{1}{2\sqrt{x}}\sec^2(\sqrt{x})\tan(\sqrt{x})\, dx$.",Basic,$\displaystyle\dfrac{\tan^2(\sqrt{x})}{2}+c$,"$\displaystyle\tan|\sqrt{x}|+c$ 
","$\displaystyle\ln|\tan{\sqrt{x}}-\sec(\sqrt{x})|+c$
",$\displaystyle\dfrac{\tan^2(x)}{2}+c$,,,2019-04-28 09:48:53+00,1,2019-04-28 11:27:03+00,38,2,1,1
399,38,"",5,5,"Find $\displaystyle\int \dfrac{1}{2\sqrt{x}}- \dfrac{1}{2\sqrt{x}}\sec^2(\sqrt{x})+ \sec^2(3x)\tan^3(3x)\, dx$.",Basic,$\displaystyle\sqrt{x}-\tan\left(\sqrt{x}\right)+\dfrac{1}{12}\tan^4(3x)    +c$,"$\displaystyle\dfrac{\tan^2(\sqrt{x})}{2}+c$. 
","$\displaystyle\sqrt{x}-2\tan\left(\dfrac{x}{2}\right)+ \dfrac{\sec ^4\left(3x\right)}{4}-\dfrac{\sec ^2\left(3x\right)}{2}+c$
",$\displaystyle\dfrac{\tan^4(x)}{4}+c$,,,2019-04-28 09:51:11+00,1,2019-04-28 11:27:18+00,38,3,4,1
400,38,"",5,5,"Find $\displaystyle\int \dfrac{1}{\sqrt{x}}\operatorname{cosec}^2(\sqrt{x})\cot^4(\sqrt{x})\, dx$.",Basic,$\displaystyle-\dfrac{2\cot^5(\sqrt{x})}{5}+c$,"$\displaystyle\dfrac{2\cot^5(\sqrt{x})}{5}+c$ 
","$\displaystyle-\dfrac{\cot^5(\sqrt{x})}{5}+c$
",$\displaystyle\dfrac{\cot^5(\sqrt{x})}{5}+c$,,,2019-04-28 09:55:36+00,1,2019-04-28 11:27:35+00,38,1,1,1
401,38,"",5,5,"Find $\displaystyle\int \sqrt[3]{1+7x}\, dx$.",Basic,$\dfrac{3}{28}\left(1+7x\right)^{\frac{4}{3}}+c$,"$\dfrac{3}{4}\left(1+x\right)^{\frac{4}{3}}+c$ 
","$\dfrac{3}{4}\left(1+7x\right)^{\frac{4}{3}}+c$
",$\left(1+7x\right)^{\frac{4}{3}}+c$,,,2019-04-28 10:00:27+00,1,2019-04-28 11:27:59+00,38,2,1,1
402,38,"",5,5,"Find $\displaystyle\int x\arctan\left(x\right)\, dx$.",Advanced,$\displaystyle\dfrac{1}{2}x^2\arctan \left(x\right)-\dfrac{1}{2}\left(-\arctan \left(x\right)+x\right)+c$,"$\displaystyle\dfrac{1}{2}x^2\arctan \left(x\right)+\dfrac{1}{2}\left(-\arctan \left(x\right)+x\right)+c$
","$0$
",$\displaystyle x^2\arctan \left(x\right)-\left(-\arctan \left(x\right)+x\right)+c$,,,2019-04-28 10:02:20+00,1,2019-04-28 11:28:16+00,38,5,2,1
403,38,"",5,5,"Find $\displaystyle\int \dfrac{x+2}{x\left(x^2+1\right)}\, dx$.",Advanced,$\arctan \left(x\right)+2\ln \left|x\right|-\ln \left|x^2+1\right| +c$,"$\arctan \left(x\right)-\ln \left|x\right|-\ln \left|x^2+1\right| +c$ 
","$x +2\ln \left|x\right|-\ln \left|x^2+1\right|  +c$
",$x-\ln \left|x\right|-\ln \left|x^2+1\right| +c$,,,2019-04-28 10:04:08+00,1,2019-04-28 11:28:24+00,38,5,2,1
404,38,"",5,5,"Find $\displaystyle\int \dfrac{x-4}{x^3-x}\, dx$.",Advanced,$\displaystyle -\dfrac{1}{2}\ln \left|x+1\right|+\dfrac{1}{2}\ln \left|x-1\right|-2\left(\ln \left|x^2-1\right|-2\ln \left(x\right)\right)+c$,"$\displaystyle -\ln \left|x+1\right|+\ln \left|x-1\right|-\left(\ln \left|x^2-1\right|-\ln \left(x\right)\right)+c$ 
","$\displaystyle -\ln \left|x+2\right|+\ln \left|x-2\right|-\left(\ln \left|x^2-2\right|-\ln \left(2x\right)\right)+c$
",$\displaystyle -\dfrac{1}{2}\ln \left|x+1\right|+\dfrac{1}{2}\ln \left|x-1\right|-2\ln \left(x\right)+c$,,,2019-04-28 10:06:06+00,1,2019-04-28 11:28:40+00,38,4,3,1
405,38,"",5,5,"Find $\displaystyle\int \dfrac{x^4-4}{x^3-3x}\, dx$.",Advanced, $\displaystyle \dfrac{x^2}{2}+\dfrac{5}{6}\ln \left|x-\sqrt{3}\right|+\dfrac{5}{6}\ln \left|x+\sqrt{3}\right|+\dfrac{4}{3}\ln \left(x\right)+c$,"$\displaystyle x^2+\dfrac{5}{6}\ln \left|(x-\sqrt{3})(x+\sqrt{3})\right|+\dfrac{4}{3}\ln \left(x\right)+c$ 
","$\displaystyle \dfrac{x^2}{2}-\ln|x^2-3|+\dfrac{4}{3}\ln \left(x\right)+c$ 
",$\displaystyle -\dfrac{1}{2}\ln \left|x+1\right|+\dfrac{1}{2}\ln \left|x-1\right|-2\ln \left(x\right)+c$ ,,,2019-04-28 10:08:15+00,1,2019-04-28 11:28:33+00,38,5,2,1
422,72,"",18,10,"Mark the vector which is a linear combination of $u=(1,-2,3)$ and $v=(3,5,-7)$.",Basic,"$(9,4,-5)$","$(0,-1,2)$","$ (-2,1,3)$","$(7,-5,-3)$",,,2019-04-29 17:08:04+00,1,2019-05-01 14:51:51+00,38,1,1,1
672,42,"",3,37,"Calculate
\[
\lim_{x\to 0} \frac{\sin x}{\sqrt{1-\cos^2x}}.
\]",Basic,The limit does not exist.,$0$.,$1$.,$1/\sqrt{2}$.,,,2019-05-15 06:55:45+00,1,2019-09-26 07:10:20+00,61,4,3,1
406,38,"",5,5,"Find $\displaystyle\int \dfrac{x^3-x+1}{x}\, dx$.",Basic,$\displaystyle \dfrac{x^3}{3}-x+\ln \left|x\right|+c$,"$\displaystyle -\ln \left|x+1\right|+\ln \left|x-1\right|-\left(\ln \left|x^2-1\right|-\ln \left(x\right)\right)+c$ 
","$\displaystyle -\ln \left|x+2\right|+\ln \left|x-2\right|-\left(\ln \left|x^2-2\right|-\ln \left(2x\right)\right)+c$
",$\displaystyle -\dfrac{1}{2}\ln \left|x+1\right|+\dfrac{1}{2}\ln \left|x-1\right|-2\ln \left(x\right)+c$,,,2019-04-28 10:10:25+00,1,2019-04-28 11:28:45+00,38,2,1,1
407,38,"",5,5,"Find $\displaystyle\int \sin\left(x\right)\operatorname{e}^x\, dx$.",Advanced,$\displaystyle -\dfrac{\operatorname{e}^x\cos \left(x\right)}{2}+\dfrac{\operatorname{e}^x\sin \left(x\right)}{2}+c$,"$\displaystyle -\cos\left(x\right)\operatorname{e}^x+c$
","$\displaystyle \dfrac{\operatorname{e}^x\cos \left(x\right)}{2}-\dfrac{\operatorname{e}^x\sin \left(x\right)}{2}+c$
",$\displaystyle \dfrac{\operatorname{e}^x\cos \left(x\right)}{5}-\dfrac{\operatorname{e}^x\sin \left(x\right)}{15}+c$ ,,,2019-04-28 10:13:03+00,1,2019-04-28 11:28:52+00,38,5,2,1
408,38,"",5,5,"Find $\displaystyle\int \cos\left(3x\right)\operatorname{e}^{4x}\, dx$.",Advanced,$\displaystyle\dfrac{3\operatorname{e}^{4x}\sin \left(3x\right)}{25}+\dfrac{4\operatorname{e}^{4x}\cos \left(3x\right)}{25}+c$,"$\displaystyle -\cos\left(x\right)\operatorname{e}^x+c$
","$\displaystyle \dfrac{\operatorname{e}^x\cos \left(x\right)}{2}-\dfrac{\operatorname{e}^x\sin \left(x\right)}{2}+c$
",$\displaystyle \dfrac{\operatorname{e}^x\cos \left(x\right)}{5}-\dfrac{\operatorname{e}^x\sin \left(x\right)}{15}+c$ ,,,2019-04-28 10:15:16+00,1,2019-04-28 11:28:58+00,38,5,2,1
409,38,"",5,5,"Find $\displaystyle\int \dfrac{x^2+3x+7}{(x^2+4)(x^2+3)}\, dx$.",Advanced,$\displaystyle-\dfrac{3}{2}\ln(x^2+4)-\dfrac{3}{2}\arctan\left(\dfrac{x}{2}\right)+\dfrac{3}{2}\ln(x^2+3)+\dfrac{4}{\sqrt{3}}\arctan\left(\dfrac{x}{\sqrt{3}}\right)+c$,"$\displaystyle \dfrac{x^2}{2}-\ln|x^2-3|+\dfrac{4}{3}\ln \left(x\right)+c$ 
","$\displaystyle -\dfrac{1}{2}\ln \left|x+2\right|+\dfrac{1}{2}\ln \left|x-2\right|-2\left(\ln \left|x^2+3\right|-2\ln \left(x\right)\right)+c$
",$\arctan \left(x\right)+2\ln \left|x\right|-\ln \left|x^2+1\right| +c$,,,2019-04-28 10:27:02+00,1,2019-04-28 11:29:19+00,38,4,3,1
410,38,"",5,5,"Find $\displaystyle\int \dfrac{x^2+3x}{(x-4)^2(x-1)}\, dx$.",Advanced,$\displaystyle\dfrac{5}{9}\ln|x-4|-\dfrac{28}{3(x-4)}+\dfrac{4}{9}\ln|x-1|+c$,"$\displaystyle \dfrac{1}{2}-\ln^2|x-4|+\dfrac{4}{3}\ln \left(x-1\right)+c$ 
","$\displaystyle -\dfrac{1}{2}\ln \left|x-4\right|+\dfrac{1}{2}\ln \left|x-1\right|+c$
",$\displaystyle -\dfrac{1}{2}\ln \left|\sqrt{x+1}\right|+\dfrac{1}{2}\ln \left|x-1\right|+c$,,,2019-04-28 10:28:50+00,1,2019-04-28 11:29:27+00,38,3,4,1
411,38,"",5,5,"Find $\displaystyle\int \left(4x^3+3x^2\right)\ln \left(x+1\right)\, dx$.",Advanced,$\displaystyle  \ln \left(x+1\right)\left(x^4+x^3\right)-\dfrac{x^4}{4}+c$,"$\displaystyle \left(x+1\right)\left(x^4+x^3\right)-\ln|x+1|+\dfrac{1}{3}\ln \left(x-1\right)+c$ 
","$\displaystyle -\dfrac{1}{2}\ln \left|x-4\right|+\dfrac{1}{2}\ln \left|x-1\right|+c$
",$\displaystyle -\dfrac{1}{2}\ln \left|x+2\right|+\dfrac{1}{2}\ln \left|x-2\right|-2\left(\ln \left|x^2+3\right|-2\ln \left(x\right)\right)+c$,,,2019-04-28 10:31:21+00,1,2019-04-28 11:29:35+00,38,4,3,1
412,38,"",5,5,"Find $\displaystyle\int\sin^{4}\left(x\right)\, dx$.",Basic,$\displaystyle-\dfrac{\sin^{3}(x)\cos(x)}{4}+\dfrac{3}{8}\left(x-\sin(x)\cos(x)\right)+c$,"$\displaystyle-\dfrac{\sin^{3}(x)\cos(x)}{4}+\dfrac{3}{4}\left(x-\sin(x)\cos(x)\right)+c$ 
","$\displaystyle\dfrac{\sin^{3}(x)\cos(x)}{4}-\dfrac{3}{8}\left(x-\sin(x)\cos(x)\right)+c$
",$\displaystyle\dfrac{\sin^{3}(x)\cos(x)}{4}-\dfrac{3}{4}\left(x-\sin(x)\cos(x)\right)+c$,,,2019-04-28 10:33:23+00,1,2019-04-28 11:29:54+00,38,2,1,1
413,38,"",5,5,"Find $\displaystyle\int\left(2x^2+x+1\right)x^{-2}\, dx$.",Basic,$\displaystyle 2x+\ln \left|x\right|-\dfrac{1}{x}+c$,"$\displaystyle 2+x^{-1}-\ln|x|+c$ 
","$\displaystyle\dfrac{x^4}{4}+\dfrac{x^3}{3}-x+c$
",$\displaystyle\dfrac{2x^5}{5}+\dfrac{x^4}{4}+\dfrac{1}{x^3}+c$,,,2019-04-28 10:40:21+00,1,2019-04-28 11:30:02+00,38,3,1,1
414,38,"",5,5,"Find $\displaystyle\int\dfrac{x^3-3x+2}{x^4}\, dx$.",Basic,$\displaystyle \ln \left|x\right|+\dfrac{3}{2x^2}-\dfrac{2}{3x^3}+c$,"$\displaystyle-\dfrac{\ln^{3}(x)\ln(x)}{4}+\dfrac{3}{4}\left(x-\ln(x)\right)+c$ 
","$\displaystyle\dfrac{x^5}{5}\ln(x)-\dfrac{x^5}{25}+c$
",$\displaystyle \dfrac{x^5}{5}-\dfrac{\ln^2(x)}{2}+c$,,,2019-04-28 10:42:07+00,1,2019-04-28 11:30:09+00,38,1,1,1
415,72,"",18,10,"Let $A= \{(1, -2, 0), (2, 3, 2), (3, 1, 2)\}$ and $B= \{(1, -2, 0), (1, 0, 2), (1, -1, 3)\}$ be sets of vectors of $\mathbb{R}^3$. Choose the right answer: ",Basic,$B$ is linearly independent but $A$ is not,$A$ and $B$ are linearly independent,$A$ is linearly independent but $B$ is not,$A$ and $B$ are linearly dependent ,,,2019-04-29 07:46:00+00,1,2019-05-01 14:38:19+00,38,1,1,1
416,72,"",18,10,"Consider the subspace of matrices of order $2$, 
$$S=\left\{ \left[\begin{array}{rr}
 a  & b  \\
  -b & c  
\end{array}\right], \quad a, b, c	\in \mathbb{R}\right\}.$$ 
A base of the subspace $S$ is the set:",Basic,"$\left\{ \left[\begin{array}{rr}
 2  & 1  \\
  -1 & 3  
\end{array}\right], \left[\begin{array}{rr}
 1  & 0  \\
  0 & 2  
\end{array}\right], \left[\begin{array}{rr}
 3  & -2  \\
  2 & -1  
\end{array}\right]\right\}$ ","$\left\{ \left[\begin{array}{rr}
 2  & 1  \\
  -1 & 3  
\end{array}\right], \left[\begin{array}{rr}
 1  & 0  \\
  0 & 3  
\end{array}\right]\right\}$ ","$\left\{ \left[\begin{array}{rr}
 1  & -2  \\
  2 & 0  
\end{array}\right], \left[\begin{array}{rr}
 2  & 0  \\
  0 & 1  
\end{array}\right], \left[\begin{array}{rr}
 1  & 2  \\
  -2 & 1  
\end{array}\right]\right\}$ ","$\left\{ \left[\begin{array}{rr}
 2  & 1  \\
  -1 & 3  
\end{array}\right]\right\}$",,,2019-04-29 07:56:30+00,1,2019-05-01 14:40:09+00,38,3,2,1
417,81,"",18,10,"Consider the subspace of $\mathbb{R}^4$ 
$$S=\{(x, y, z, w)\in \mathbb{R}^4: x+y-z=0\wedge x-2y+w=0\}.$$
A base of $S$ is the set:",Basic,"$\{(1,0, 1,-1), (0, 2, 2, 4)\}$","$\{(1,0, 1,-1), (1, -1, 0, -3), (2, 3, 5, 4)\}$","$\{(1,0, 1,-1), (1, 2, 2, 4)\}$","$\{(1,-3, -2,-7), (-2, 6, 4, 14)\}$",,,2019-04-29 08:10:51+00,1,2019-05-01 14:40:50+00,38,3,2,1
419,81,"",18,10,"Consider the subspaces of $\mathbb{R}^3$, $S_1$  generated by $A=\{(1, 0, -3), (1, 5, 7), (3, 5, 1)\}$ and $S_2=\{(x, y, z): x+2y=0\}$. 
The vector space $S_1\cap S_2$ is: ",Advanced,"$\{(-2y, y, 8y): y\in \mathbb{R}\}$","$\{(2y, y, 6y): y\in \mathbb{R} \}$","$\{(2y, y, z): y, z\in \mathbb{R}\}$","$\{(x, y, 3y): y\in \mathbb{R}\}$ ",,,2019-04-29 08:18:07+00,1,2019-05-01 14:42:36+00,38,5,4,1
420,81,"",18,10,"Consider the subspaces of $\mathbb{R}^3$, $S_1$  generated by $A=\{(1, 0, -3), (1, 5, 7), (3, 5, 1)\}$ and $S_2=\{(x, y, z): x+2y=0\}$. 
The dimensions $d_1$ of $S_1\cap S_2$ and $d_2$ of $S_1+S_2$ are: ",Advanced,"$d_1=1, \quad d_2=3$","$d_1=2, \quad d_2=2$","$d_1=0, \quad d_2=4$","$d_1=1, \quad d_2=4$",,,2019-04-29 08:58:28+00,1,2019-05-01 14:44:37+00,38,5,4,1
421,72,"",18,10,"If $u=(1,-2,\lambda)$ and $v=(-2,4,5)$ are linearly dependent vectors of $\mathbb{R}^3$, indicate what value can $\lambda$ assume.",Basic,$\lambda=-\dfrac{5}{2}$,$\lambda=0$,$\lambda=\dfrac{1}{5}$,$\lambda=-2$,,,2019-04-29 17:05:32+00,1,2019-05-01 14:50:04+00,38,1,1,1
423,72,"",18,10,"Mark the vector which is not a linear combination of $u=(1,0,-3)$ and  $v=(0,-4,2)$.",Basic,"$(5,8,4)$","$(2,-8,-2)$","$(1,-4,-1)$","$\left(\frac{1}{3},-2,0\right)$.",,,2019-04-29 17:11:08+00,1,2019-05-01 14:53:06+00,38,1,1,1
424,72,"",18,10,"Assume that $u$, $v$ and $w$ are linearly independent vectors. Choose the wrong answer.",Advanced,"$u-v$, $v-w$ and $w-u$ are linearly independent",$u+v$ and $u+w$ are linearly independent,"$u$, $3u$ and $2v$ are linearly dependent","$\left\{u,v\right\}$ is a linearly independent set of vectors",,,2019-04-29 17:13:44+00,1,2019-05-01 14:54:57+00,38,4,3,1
425,72,"",18,10,"Indicate the coordinate vector of $w=(2,-3)$ relative to the basis $S=\left\{(2,-2), (0,3)\right\}$ of $\mathbb{R}^2$.",Basic,"$\left[\begin{array}{r}
      1 \\
      -\frac{1}{3} \\
    \end{array}\right]$","$\left[\begin{array}{r}
      1 \\
      -3 \\
    \end{array}\right]$","$\left[\begin{array}{r}
      -\frac{1}{3} \\
      1\\
    \end{array}\right]$","$\left[\begin{array}{r}
      -1 \\
      3 \\
    \end{array}\right]$",,,2019-04-29 17:15:56+00,1,2019-05-01 14:56:25+00,38,2,1,1
426,72,"",18,10,Choose the true statement.,Basic,Every set of four vectors that spans $\mathbb{R}^4$ is a basis for $\mathbb{R}^4$,There is a set of five linearly independent vectors in $\mathbb{R}^4$,There is a set of three vectors that span $\mathbb{R}^4$,Every set of vectors that spans $\mathbb{R}^4$ is a basis for $\mathbb{R}^4$,,,2019-04-29 17:18:11+00,1,2019-05-01 14:58:16+00,38,1,1,1
427,72,"",18,10,Assume that $F$ and $H$ are subspaces of a finite-dimensional vector space $V$. Choose the true statement.,Advanced,"If $F$ is a zero vector space, then $dim(F)= 0$",$dim(F)=dim(V)$,"If $dim(F)=dim(H)$, then $F=H$","If a set of $n$ vectors spans the subspace $H$, then $dim(H)=n$",,,2019-04-29 17:21:00+00,1,2019-05-01 15:00:56+00,38,4,3,1
428,72,"",18,10,"Consider the bases $B=\left\{(2,1,-1),(-3,2,0),(0,-1,3)\right\}$ and $B'=\left\{(-1,0,2),(0,-3,0),(0,1,1)\right\}$ for $\mathbb{R}^3$. The transition matrix from $B$ to $B'$ is:",Basic,"$\left[\begin{array}{rrr}
      -2 & 3 & 0\\
      \frac{2}{3}& -\frac{8}{3} &\frac{4}{3}\\
			3 & -6 & 3
    \end{array}\right]$","$\left[\begin{array}{rrr}
      \frac{2}{3}& -\frac{8}{3} &\frac{4}{3}\\
			3 & -6 & 3 \\
			 -2 & 3 & 0
    \end{array}\right]$","$\left[\begin{array}{rrr}
      -2 & \frac{2}{3} & 3\\
      3 & -\frac{8}{3} & -6\\
			0 & \frac{4}{3} & 3
    \end{array}\right]$","$\left[\begin{array}{rrr}
      0 & 3 & -2\\
   \frac{4}{3} & -\frac{8}{3}& \frac{2}{3}\\
			3 & -6 & 3
    \end{array}\right]$",,,2019-04-29 17:23:22+00,1,2019-05-01 15:03:50+00,38,3,2,1
429,72,"",18,10,"Indicate which of the following is a linear combination of $A=\left[\begin{array}{rr}
      3& 2\\
			0 & 1 
    \end{array}\right]$, $B=\left[\begin{array}{rr}
      0& -1 \\
			1 & 2 
    \end{array}\right]$ and $C=\left[\begin{array}{rr}
      5& 4 \\
			-1 & 0
    \end{array}\right]$.",Basic,"$\left[\begin{array}{rr}
      5 & 3 \\
      0 & 2
    \end{array}\right]$","$\left[\begin{array}{rr}
      8& 5 \\
			0 & -3 
    \end{array}\right]$","$\left[\begin{array}{rr}
      3 & 1 \\
      3 & 3 
    \end{array}\right]$","$\left[\begin{array}{rr}
      8 &  -1\\
   6 & 1
    \end{array}\right]$",,,2019-04-29 17:26:20+00,1,2019-05-01 15:05:31+00,38,3,2,1
430,72,"",18,10,"Indicate which of the following polynomials span $P_2=\{a_2x^2+a_1x+a_0, a_2,a_1,a_0 \in \mathbb{R}\}$.",Advanced,"$x^2,x+1,2$","$4+x$, $-2+x^2$","$x^2+1$, $x^2+x$","$x^2-2x,x^2-x+3,x+3$ ",,,2019-04-29 17:31:54+00,1,2019-05-01 15:28:27+00,38,5,4,1
431,72,"",18,10,The subspaces of $\mathbb{R}^2$ are:,Basic,"The set $\left\{(0, 0)\right\}$, all the lines of  $\mathbb{R}^2$ containing $(0, 0)$ and $\mathbb{R}^2$ ","The set $\left\{(0, 0)\right\}$, all the lines of  $\mathbb{R}^2$ and $\mathbb{R}^2$",All the lines of  $\mathbb{R}^2$,"All the lines of  $\mathbb{R}^2$ containing $(0, 0)$",,,2019-04-29 17:33:54+00,1,2019-05-01 15:30:53+00,38,1,1,1
432,72,"",18,10,"The set $A=\left\{(1,0, 2), (0,1, a), (2,1, b), (1,2, 3)\right\}$ does not generate $\mathbb{R}^3$ when:",Advanced,$a=\dfrac{1}{2}$ and $b=\dfrac{9}{2}$,$a=1$ and $b=9$,$a=\dfrac{1}{2}$ and $b=9$,$a=\dfrac{1}{2}$ or $b=\dfrac{9}{2}$,,,2019-04-29 17:36:12+00,1,2019-05-01 15:32:15+00,38,4,3,1
433,81,"",18,10,"Consider the subspaces of $\mathbb{R}^2$, $S_1$  generated by $A=\{(2, 3), (4, 5)\}$ and $S_2=\{(x, y)\in \mathbb{R}^2: x-2y=0\}$. 
The vector space $S_1\cap S_2$ is: ",Basic, $S_2$,$S_1$,$\mathbb{R}^2$,Null subspace ,,,2019-04-30 03:56:23+00,1,2019-05-01 15:35:16+00,38,3,2,1
434,81,"",18,10,"Consider the spaces $S_1=\mathbb{R}^2$ and $S_2=\{(x, y)\in \mathbb{R}^2: x-2y=0\}$. 
The dimensions $d_1$ of $S_1\cap S_2$ and $d_2$ of $S_1+S_2$ are: ",Basic,"$d_1=1, \quad d_2=2$ ",$d_1= d_2=2$,"$d_1=0, \quad d_2=2$","$d_1=2, \quad d_2=1$",,,2019-04-30 03:58:52+00,1,2019-05-01 15:37:34+00,38,3,2,1
435,81,"",18,10,"Consider the subsets  $\displaystyle A=\{(1, 1, 1), (0, 1, 1), (1, 2, 3)\}$ and $\displaystyle B=\left\{(1, 1, 1), \left(-\frac{2}{3}, \frac{1}{3}, \frac{1}{3}\right), \left(0, -\frac{1}{2}, \frac{1}{2}\right)\right\}$ of $\mathbb{R}^3$. Choose the right answer:",Basic,$B$ is an orthogonal basis of $\mathbb{R}^3$ but $A$ isn't an orthogonal basis of $\mathbb{R}^3$,$A$ is an orthogonal basis of $\mathbb{R}^3$ but $B$ isn't an orhtogonal basis of $\mathbb{R}^3$,$A$ and $B$ are both orthogonal basis of of $\mathbb{R}^3$,$A$ and $B$ are both non-orthogonal basis of $\mathbb{R}^3$,,,2019-04-30 04:01:56+00,1,2019-05-01 15:47:55+00,38,4,2,1
436,81,"",18,10,"An orthogonal basis for the subspace $S=\{(x, y, z): x-y-z=0\}$ of $\mathbb{R}^3$ is:",Basic,"$\displaystyle \left\{(1, 1, 0), \left(\frac{1}{2}, -\frac{1}{2}, 1\right)\right\}$","$\{(1, 1, 0), (1, 0, 1)\}$","$\{(1, 1, 0), (1, 0, 1), (0, 1, 1)\}$","$\{(2, 1, 1)\}$",,,2019-04-30 04:03:27+00,1,2019-05-01 15:51:54+00,38,1,1,1
437,38,"",18,11,"Consider the linear applications 

$\begin{array}{cccc}
F: & \mathbb{R}^3 & \rightarrow  & \mathbb{R}^2 \\
  & (x, y, z) & \longrightarrow & (y, x-z)
\end{array}$
$\begin{array}{cccc}
G: & \mathbb{R}^2 & \rightarrow  & \mathbb{R}^2 \\
  & (x, y) & \longrightarrow & (x+y, x-2y)
\end{array}$

Choose the right answer: ",Basic,"$(G\circ F)(x, y, z)=(x+y-z, -2x+y+2z)$ and $(F\circ G)$ does not exist 
","$(F\circ G)(x, y, z)=(x+y-z, -2x+y+2z)$and $(G\circ F)$ does not exist 
","$(G\circ F)(x, y, z)=(F\circ G)(x, y, z)=(x+y-z, -2x+y+2z)$
","$(G\circ F)(y, x-z)=(x+y-z, -2x+y+2z)$ and $(F\circ G)(x, y)=(x+y, x-2y)$ ",,,2019-04-30 04:04:47+00,1,2019-05-16 08:18:10+00,61,3,1,1
438,81,"",18,10,"Consider the matrix 
$A=\left[\begin{array}{rr}
 2  & 1  \\
  -1 & 3  
\end{array}\right]$. 
The subspaces $C_A$ of $\mathbb{R}^2$ generated by the columns of $A$ and the null space $N_A$ of $A$ are respectively: ",Basic,"$C_A=\mathbb{R}^2$, $N_A=\{ (0, 0)\}$","$C_A=\{(x+3y, 2y): x, y\in \mathbb{R}\}$, $N_A=\{(0, 0) \}$","$C_A=\mathbb{R}^2$,  $N_A=\{(x, -3x) \}$","$C_A=\{ \}$,  $N_A=\mathbb{R}^2$ ",,,2019-04-30 04:05:57+00,1,2019-05-02 10:53:15+00,38,3,2,1
673,42,"",3,37,"Calculate
\[
\lim_{x\to 0} \frac{\log(1+x^2)}{1-e^{1-\cos x}}.
\]",Advanced,$-2$.,$-1/2$.,$1/2$.,The limit does not exist.,,,2019-05-15 06:56:39+00,1,2019-09-26 07:11:59+00,61,5,2,1
439,81,"",18,10,"Which of the following is a Cartesian equation of the plane of $\mathbb{R}^3$ generated by the set $A=\{(-1, 2, 0), (2, 1, 3)\}$?",Advanced,$6x+3y-5z=0$,$6x+y-z=0$,$x-5y+6z=0$,$6x+3y-5z=1$,,,2019-04-30 04:08:17+00,1,2019-05-01 15:56:14+00,38,3,3,1
440,81,"",18,10," Consider the matrix 
$$A_k=\left[\begin{array}{rrr}
 1  & 1  & 0 \\
  -1 & -k  & k-1 \\
  3 & 2  & 2k+1
\end{array}\right]$$
and denote by $L(A_k)$ the space of the rows of the matrix $A_k$. Which of the following statements is true?",Advanced,"If $k\in \mathbb{R}\backslash \{0, 1\}$ then the dimension of $L(A_k)$ is $3$",The dimension of $L(A_k)$ is $3$ for every $k\in \mathbb{R}$,If $k\in \mathbb{R}\backslash \{0\}$ then the dimension of $L(A_k)$ is $3$,"If $k\in \mathbb{R}\backslash \{0, -1\}$ then the dimension of $L(A_k)$ is $3$ ",,,2019-04-30 04:12:36+00,1,2019-05-01 16:00:20+00,38,5,4,1
441,81,"",18,10,"Consider the ordered base $B = \{(-1 ,1, 2), (0, 1, -1), (3, 2, -2)\}$ of $\mathbb{R}^3$. Knowing that $v$ in base $B$ has components $(3, -4, 5)$, which are the components of the vector $v$ in the canonical basis?",Advanced,"$(12, 9, 0)$","$(1, 7, 0)$","$(12, 9, 5)$","$(-12, 0, 17)$",,,2019-04-30 04:14:42+00,1,2019-05-01 16:06:21+00,38,5,4,1
442,39,"",4,3,Differentiate $\sqrt{2x^2+1} \cdot \left(2x^4+1\right)^3$.,Advanced,$\displaystyle{\frac{dy}{dx}} = \dfrac{2x\left(2x^4+1\right)^3}{\sqrt{2x^2+1}}+24x^3\sqrt{2x^2+1}\left(2x^4+1\right)^2$,$\displaystyle{\frac{dy}{dx}} = \dfrac{2x\left(2x^4+1\right)^3}{\sqrt{2x^2+1}}-24x^3\sqrt{2x^2+1}\left(2x^4+1\right)^2$,$\displaystyle{\frac{dy}{dx}} = \dfrac{2x\left(2x^4+1\right)^3}{\sqrt{2x^2+1}}+12x^3\sqrt{2x^2+1}\left(2x^4+1\right)^2$,$\displaystyle{\frac{dy}{dx}} = \dfrac{2x\left(2x^4+1\right)^3}{\sqrt{2x^2+1}}-12x^3\sqrt{2x^2+1}\left(2x^4+1\right)^2$,,,2019-04-30 07:46:33+00,1,2019-11-16 17:12:57+00,37,4,2,1
443,38,"",18,11,Consider $T:V \longrightarrow W$ a linear transformation and assume $dim(range(T))=3$. Choose the right answer.,Basic,"If $dim(ker(T))=2$, then $dim(V)=5$
","If $T$ is injective, then $dim(V)=4$
","If $T$ is surjective, then $dim(V)=2$
","If $dim(W)=3$, then $dim(V)\leq 3$",,,2019-05-01 16:40:18+00,1,2019-05-16 08:22:05+00,61,2,1,1
444,38,"",18,11,"Consider the linear transformation  $T:\mathbb{R}^3 \longrightarrow \mathbb{R}^4$ and $T(x,y,z)=(x-y+3z,2x+2y+2z,-x+y-3z,3x+4y+2z)$. Choose the wrong answer.",Basic,"The transformation $T$ is surjective
","$ker(T)=span\left\{(-2,1,1)\right\}$.
","$dim \left(range (T)\right) =2$
","$\left(-3,2,3,5\right)\in range(T)$",,,2019-05-01 16:47:44+00,1,2019-05-16 08:26:35+00,61,3,1,1
446,81,"",18,10,"Consider the basis $A = \{(1,0), (0,1)\}$ and $B =\{(1,2), (-4, -3)\}$ of $\mathbb{R}^2$. 
Then the base change matrix from the base $B$ to the base $A$ and the base change matrix from the base $A$ to the base $B$ are respectively: ",Advanced,"$P^B_A= \left[\begin{array}{rr}
 1  & -4  \\
  2 & -3  
\end{array}\right],$  $\quad P^A_B= \left[\begin{array}{rr}
 -\frac{3}{5}  & \frac{4}{5}  \\
  -\frac{2}{5} & \frac{1}{5} 
\end{array}\right]$","$\displaystyle P^B_A= \left[\begin{array}{rr}
 -\frac{3}{5}  & \frac{4}{5}  \\
  -\frac{2}{5} & \frac{1}{5}
\end{array}\right] $,  $ \quad P^A_B= \left[\begin{array}{rr}
 1  & -4  \\
  2 & -3  
\end{array}\right]$","$P^B_A= \left[\begin{array}{rr}
 1  & -\frac{1}{4}  \\
  \frac{1}{2} & -\frac{1}{3} 
\end{array}\right],  \quad$   $P^A_B= \left[\begin{array}{rr}
 1  & -4  \\
  2 & -3  
\end{array}\right]$","$P^B_A= \left[\begin{array}{rr}
 1  & -4  \\
  2 & -3  
\end{array}\right],  \quad$  $P^A_B= \left[\begin{array}{rr}
 1  & -\frac{1}{4}  \\
  \frac{1}{2} & -\frac{1}{3} 
\end{array}\right]$",,,2019-05-02 09:55:14+00,1,2019-05-02 11:22:16+00,38,5,4,1
447,81,"",18,10," Let $A$ and $B$ be two basis of $\mathbb{R}^n$ and let $P^A_B$ be the base change matrix from base $A$ to base $B$. 
Choose the right answer: ",Advanced,$P^A_B$ is invertible and $P^B_A = (P^A_B)^{-1}$,"$P^A_B$ is not always invertible, and if so, $P^B_A = (P^A_B)^{-1}$",$P^A_B$ is invertible and $P^B_A = P^A_B$,"$P^A_B$ is not always invertible, and if so, $P^B_A = P^A_B$",,,2019-05-02 10:18:56+00,1,2019-05-02 11:24:29+00,38,5,4,1
448,81,"",18,10,"Let $S=\{(x,y, z): x=-z\wedge y=2z\}$ be a subspace of $\mathbb{R}^3$. 
The subspace $S^\bot$ of $\mathbb{R}^3$ orthogonal to $S$ is:",Advanced,"$S^\bot= \{(x, y, z)\in \mathbb{R}^3: -x+2y+z=0\}$ and has dimension $2$","$S^\bot= \{(-z, 2z, z): z\in  \mathbb{R}\}$ and has dimension $1$","$S^\bot= \{(x, y, z)\in \mathbb{R}^3: -x+2y+z=0\}$ and has dimension $3$","$S^\bot= \{(-z, 2z, z): z\in \mathbb{R}\}$ and has dimension $2$",,,2019-05-02 10:22:45+00,1,2019-05-02 11:26:04+00,38,4,3,1
449,81,"",18,10,"Consider the vector $v=(-1, 2, 3)$ and the subspace $S$ generated by the vectors $u_1=(-1, 0, 1)$ and $u_2=(0, 3, -3)$ of $\mathbb{R}^3$. 
What is the value of the distance from $v$ to $S$?",Advanced,$\dfrac{\sqrt{30}}{2}$,$\sqrt{3}$,$\sqrt{15}$,$1$ ,,,2019-05-02 10:38:43+00,1,2019-05-02 11:28:25+00,38,4,3,1
450,81,"",18,10,Indicate which of the following is a subspace of $\mathbb{R}^3$.,Basic,"$\left\{(x,y,z)\in \mathbb{R}^3: z=3y-4z\right\}$","$\left\{(x,y,z)\in \mathbb{R}^3: x+y=2\right\}$","$\left\{(x,y,z)\in \mathbb{R}^3: x^2+z^2=4\right\}$","$\left\{(x,y,z)\in \mathbb{R}^3: xy=0\right\}$",,,2019-05-02 10:40:18+00,1,2019-05-02 11:32:10+00,38,4,2,1
451,81,"",18,10,"Assume that $u$, $v$ and $w$ are vectors in $\mathbb{R}^4$ linearly independent. Choose the right answer.",Advanced,"$dim\left(span\left\{u,v,w\right\}\right)=3$","$dim\left(span\left\{u,v,w,u+v\right\}\right)=4$","The null vector cannot be written as a linear combination of $u$, $v$ and $w$","If $t\in \mathbb{R}^4$ then $t$ can be written as a linear combination of $u$, $v$ and $w$",,,2019-05-02 10:56:12+00,1,2021-04-20 15:03:41+00,64,4,3,1
452,81,"",18,10,"Indicate two vectors of $V=\left\{(0,1),(1,3),(0,2),(2,6),\left(\dfrac{1}{3},1\right)\right\}$ which are linearly independent.",Basic,"$(0,1)$ and $(1,3)$","$(0,1)$ and $(0,2)$","$(1,3)$ and $(2,6)$","$(1,3)$ and $\left(\dfrac{1}{3},1\right)$",,,2019-05-02 11:01:43+00,1,2019-05-02 11:35:22+00,38,1,1,1
453,81,"",18,10,"Choose two vectors of $V=\left\{(-10,5),(2,-1),(-5,1),(2,0),\left(\dfrac{1}{2},2\right),\left(2,\dfrac{1}{2}\right)\right\}$ which are linearly dependent.",Basic,"$(-10,5)$ and $(2,-1)$","$\left(\dfrac{1}{2},2\right)$ and $\left(2,\dfrac{1}{2}\right)$","$(-5,1)$ and $(-10,5)$"," $(2,-1)$ and $(2,0)$",,,2019-05-02 11:05:14+00,1,2019-05-02 11:18:08+00,38,1,1,1
454,81,"",18,10,Choose the set of vectors which is a basis for $\mathbb{R}^2$.,Basic,"$\left\{(1,1)(-3,4)\right\}$","$\left\{(0,1)\right\}$","$\left\{(3,0),(6,0)\right\}$","$\left\{(0,1),(1,0),(2,2)\right\}$",,,2019-05-02 11:08:59+00,1,2019-05-02 11:13:36+00,38,1,1,1
455,81,"",18,10,Choose the set of vectors which is not a basis for $\mathbb{R}^2$.,Basic,"$\left\{(0,2),(0,0)\right\}$","$\left\{(1,0),(-2,5)\right\}$","$\left\{(-5,-4),(1,3)\right\}$","$\left\{(1,2),(2,1)\right\}$",,,2019-05-02 11:10:30+00,1,2019-05-02 11:36:46+00,38,1,1,1
519,91,"",7,1,The sum of the amplitudes of the internal angles of a convex polygon with five sides is:,Basic,$540^\circ$. ,$360^\circ$.,$900^\circ$.,$720^\circ$.,,,2019-05-04 13:51:57+00,1,2021-12-27 08:21:49+00,37,5,4,1
456,91,"",7,1,"In a triangle, the centroid (or barycenter) is the point of intersection of",Advanced,the medians of the triangle.,the bisectors of the internal angles of the triangle.,the perpendicular bisectors of the sides of the triangle.,the triangle altitudes (or their extensions).,,,2019-05-02 11:11:24+00,1,2021-12-27 08:42:55+00,37,4,4,1
457,81,"",18,10,Indicate which of the following set of vectors is a spanning set of $\mathbb{R}^2$.,Basic,"$\left\{(1,2),(0,1),(2,2)\right\}$","$\left\{(1,1),(-2,-2),(3,3)\right\}$","$\left\{(3,0)\right\}$","$\left\{(-1,3),(3,-9)\right\}$",,,2019-05-02 11:12:16+00,1,2019-05-02 11:14:39+00,38,2,1,1
458,91,"",7,1,"Through two points, we can draw one line.
Through three points, three lines can be drawn.
Through thirty points, how many lines can we draw?",Basic,$435$ lines.,$445$ lines.,$455$ lines.,$465$ lines.,,,2019-05-02 11:14:12+00,1,2019-05-19 04:43:26+00,67,5,4,1
459,81,"",18,10,Choose the set of vectors which is not a spanning set of $\mathbb{R}^2$.,Basic,"$\left\{(4,-2),(-2,1)\right\}$","$\left\{(1,-1),(0,4)\right\}$","$\left\{(-1,5),(3,0),(0,0)\right\}$","$\left\{(0,1),(1,1),(1,0),(-2,2)\right\}$",,,2019-05-02 11:14:13+00,1,2019-05-02 11:15:42+00,38,2,1,1
460,91,"",7,1,A polyhedron with $20$ faces and $30$ edges has:,Basic,$12$ vertices.,$6$ vertices.,$18$ vertices.,$24$ vertices.,,,2019-05-02 11:16:57+00,1,2019-05-19 04:45:45+00,67,4,3,1
461,91,"",7,1,Which of the following sentences has only platonic solids?,Basic,"Tetrahedron, octahedron, and icosahedron.","Hexahedron, decahedron, and dodecahedron.","Tetrahedron, heptahedron, and icosahedron.","Cone, cylinder, and sphere.",,,2019-05-02 11:19:00+00,1,2019-05-19 04:48:27+00,67,4,3,1
462,91,"",7,1,Select the platonic solid whose sum of the number of faces with the number of vertices is $14$.,Basic,Octahedron.,Tetrahedron.,Dodecahedron.,Icosahedron.,,,2019-05-02 11:21:07+00,1,2019-05-19 04:52:44+00,67,3,3,1
463,91,"",7,1,"The sum of the number of faces with the number of vertices of a solid is $17$. 
Choose the correct answer.",Basic,The solid is a pentagonal prism.,The solid is a hexagonal prism.,The solid is a hexagonal pyramid.,The solid is a pentagonal pyramid.,,,2019-05-02 11:22:52+00,1,2019-05-19 04:56:30+00,67,3,3,1
464,91,"",7,1,The number of diagonals of an $n$-sided polygon is,Basic,$\dfrac{n\left(n-3\right)}{2}$.,$n\left(n-3\right)$.,$2n-2$.,$2n\left(n-3\right)$.,,,2019-05-02 11:46:39+00,1,2019-05-19 04:57:31+00,67,5,4,1
465,64,"",22,,"A simple graph is a graph, oriented or not, with",Basic,a non empty set of vertices.,multiple edges.,loops.,a non empty set of edges.,,,2019-05-02 11:46:55+00,1,2019-05-14 03:08:20+00,61,1,1,1
466,64,"",22,,The graph,Basic,has at least two non-adjacent vertices.,is disconnected.,has one vertex with degree $5$.,has an isolated vertex.,graph2.jpg,jpg,2019-05-02 11:49:32+00,1,2019-05-14 03:08:49+00,61,1,1,1
467,91,"",7,1,Choose the true statement.,Basic,A concave polygon may have a diagonal outside the polygon.,A convex polygon may have a diagonal outside the polygon.,The diagonals of a convex polygon are all congruent.,A diagonal can join two consecutive vertices of the polygon.,,,2019-05-02 11:49:47+00,1,2019-05-19 05:02:55+00,67,2,2,1
468,64,"",22,,"If a subgraph $G'(V', E')$ of the graph $G(V, E)$ is regular, then:",Basic,"$V'\subseteq V$, $E'\subseteq E$ and all vertices of $G'$ have the same degree.",$V'=V$ and $E'\subseteq E$.,$V\subseteq V'$ and $E\subseteq E'$.,$V'\subseteq V$ and $E'=\emptyset$.,,,2019-05-02 11:52:09+00,1,2019-05-14 03:09:14+00,61,2,1,1
469,64,"",22,,"If a simple graph has ten edges and five vertices with same degree, then each vertex has degree",Advanced,four.,two.,three.,five.,,,2019-05-02 11:53:01+00,1,2019-05-14 03:10:07+00,61,3,2,1
470,64,"",22,,"If a simple graph has at least one edge, then",Advanced,there are always two vertices with same degree.,there are always two vertices with odd degree.,there are no vertices with same degree.,there always are two vertices with even degree.,,,2019-05-02 11:54:31+00,1,2019-05-14 03:11:55+00,61,4,4,1
471,64,"",22,,$G$ is a non trivial connected simple graph. Which is the true sentence?,Advanced,If $|V(G)|\geq 2$ there is a connected induced subgraph.,All induced subgraphs of $G$ are connected.,All subgraphs of $G$ are connected.,There is a non-trivial proper induced subgraph that is also connected.,,,2019-05-02 11:56:15+00,1,2019-05-14 03:12:54+00,61,5,4,1
472,64,"",22,,"If $G=(V,E)$ is a $k$-regular graph, then",Advanced,$2|E|= k|V|$.,$|E|= k|V|$.,$|E|=2k|V|$.,$|E|=2|V|$.,,,2019-05-02 11:57:09+00,1,2019-05-14 03:15:22+00,61,2,3,1
473,64,"",22,,Which pair has two isomorphic graphs?,Advanced,(a).,(b).,(c).,(d).,graphs8.jpg,jpg,2019-05-02 12:00:02+00,1,2019-05-14 03:14:03+00,61,4,4,1
474,64,"",22,,How many non-isomorphic simple graphs with four vertices are there?,Basic,$12$,$10$,$16$,$20$,,,2019-05-02 12:01:02+00,1,2019-07-30 17:49:02+00,64,5,4,1
475,64,"",22,,"The adjacency matrix

$\begin{pmatrix}
0 & 1 & 0 & 1 \\
1 & 0 & 1 & 1 \\
0 & 1 & 0 & 0 \\ 
1 & 1 & 0 & 0 
\end{pmatrix}$ represents the graph",Basic,(b).,(a).,(c).,(d).,graphs10.jpg,jpg,2019-05-02 12:02:26+00,1,2019-05-14 03:15:02+00,61,2,3,1
476,64,"",22,,The adjacency matrix of the attached directed graph is,Basic,"$\begin{pmatrix}
0 & 1 & 0 & 0 & 1\\
1 & 0 & 1 & 1 & 0\\	
0 & 1 & 0 & 1 & 0\\
0 & 1 & 1 & 0 & 1\\ 
1 & 0 & 0 & 1 & 0 
\end{pmatrix}$","$\begin{pmatrix}
1 & 0 & 0 & 0 & 0 & 1 \\
1 & 1 & 1 & 0 & 0 & 0 \\	
0 & 1 & 0 & 1 & 0 & 0 \\ 
0 & 0 & 1 & 1 & 1 & 0 \\
0 & 0 & 0 & 0 & 1 & 1
\end{pmatrix}$","$\begin{pmatrix}
0 & 1 & 0 & 0 & 1\\
1 & 1 & 0 & 1 & 1\\	
0 & 0 & 0 & 0 & 1\\
0 & 1 & 0 & 0 & 0\\ 
1 & 1 & 1 & 0 & 0
end{pmatrix}$","$\begin{pmatrix}
-1 & 0 & 0 & 0 & 0 & 1 \\
1 &-1 &-1 & 0 & 0 & 0 \\	
0 & 1 & 0 &-1 & 0 & 0 \\ 
0 & 0 & 1 & 1 & 1 & 0 \\
0 & 0 & 0 & 0 &-1 &-1
\end{pmatrix}$",graphs11.jpg,jpg,2019-05-02 15:28:08+00,1,2019-05-14 03:19:17+00,61,2,1,1
477,64,"",22,,"An orientation of a graph can be achieved by replacing each non ordered pair of vertices $\{x,\:y\}$, which is an edge, by one of the ordered pairs $(x,\:y)$ or $(y,\:x)$.
How many non isomorphic orientations of $K_3$ are there?",Basic,$2$,$1$,$3$,$4$,,,2019-05-02 15:29:02+00,1,2019-07-30 17:52:50+00,64,5,4,1
478,64,"",22,,The attached graph has incidence matrix:,Basic,"$\begin{pmatrix}
1 & 0 & 0 & 1 & 0 & 1 & 0\\
1 & 1 & 0 & 0 & 0 & 0 & 1\\	
0 & 1 & 1 & 0 & 0 & 1 & 0\\ 
0 & 0 & 1 & 1 & 1 & 0 & 1\\
0 & 0 & 0 & 0 & 1 & 0 & 0\\
\end{pmatrix}$","$\begin{pmatrix}
1 & 1 & 0 & 0 & 0 & 0 & 1\\
0 & 0 & 1 & 1 & 0 & 1 & 1\\	
0 & 0 & 1 & 0 & 1 & 0 & 0\\ 
0 & 1 & 0 & 1 & 1 & 0 & 0\\
1 & 0 & 0 & 0 & 0 & 1 & 0\\
\end{pmatrix}$","$\begin{pmatrix}
1 & 1 & 0 & 0 & 0 & 1 \\
0 & 0 & 1 & 1 & 0 & 1 \\	
1 & 0 & 1 & 0 & 1 & 0 \\ 
0 & 1 & 0 & 1 & 1 & 0 \\
\end{pmatrix}$","$\begin{pmatrix}
1 & 1 & 0 & 0 & 0 & 1 & 0\\
0 & 0 & 1 & 1 & 0 & 1 & 1\\	
1 & 0 & 1 & 0 & 1 & 0 & 0\\ 
0 & 1 & 0 & 1 & 1 & 0 & 1\\
\end{pmatrix}$",graphs13.jpg,jpg,2019-05-02 15:32:01+00,1,2019-05-14 03:19:59+00,61,2,3,1
479,64,"",22,,A bridge $uv$ is an edge of a connected graph whose removal leaves the graph disconnected. Which is the true sentence?,Advanced,Every edge in a tree is a bridge.,No circuit includes the bridge $uv$.,Vertex $u$ and vertex $v$ do not have adjacent vertices in common.,Vertex $u$ and vertex $v$ have the same degree.,,,2019-05-02 15:33:54+00,1,2021-04-05 03:30:42+00,64,4,4,1
480,64,"",22,,"The complete graph $K_{m,n}$ has:",Basic,$m\times n$ edges.,$m+n$ edges.,odd cycles.,$m \times n$ vertices.,,,2019-05-02 15:35:14+00,1,2019-05-14 03:20:45+00,61,3,3,1
481,64,"",22,,Which of the following sentences is not equivalent to the other three for a connected graph $G$?,Advanced,$G$ contains a tree.,$G$ is Eulerian.,The degree of every vertex is even.,$G$ is a disjoint union of cycles.,,,2019-05-02 15:49:04+00,1,2019-05-14 03:13:26+00,61,4,4,1
482,64,"",22,,"How many more edges are there in the complete graph $K_7$ than in the complete
graph $K_5$?",Basic,$11$,$10$,$12$,$9$,,,2019-05-02 15:52:20+00,1,2019-05-14 03:21:51+00,61,2,3,1
483,39,"",4,3,Differentiate $\displaystyle{y=\dfrac{\left(3x^5-2\right)^4}{\left(3x^3+4\right)^3}}$.,Advanced,$\displaystyle{\frac{dy}{dx}} = \dfrac{3x^2\left(3x^5-2\right)^3\left(33x^5+80x^2+18\right)}{\left(3x^3+4\right)^4}$,$\displaystyle{\frac{dy}{dx}} = \dfrac{3x^3\left(3x^5-2\right)^3\left(33x^5+80x^3+18\right)}{\left(3x^3+4\right)^4}$,$\displaystyle{\frac{dy}{dx}} = \dfrac{3x^2\left(3x^5-2\right)^4\left(33x^5+80x^2+18\right)}{\left(3x^3+4\right)^3}$,$\displaystyle{\frac{dy}{dx}} = \dfrac{3x^2\left(3x^5+2\right)^3\left(33x^5-80x^2+18\right)}{\left(3x^3+4\right)^4}$,,,2019-05-03 02:52:49+00,1,2019-08-16 09:34:13+00,37,3,3,1
484,39,"",4,3,Differentiate $y=\displaystyle{(x^4+5)^2\sqrt{2x^2+4}}$.,Advanced,"$\displaystyle{\frac{dy}{dx}} = \dfrac{2x\left(x^4+5\right)^2}{\sqrt{2x^2+4}}+8x^3\sqrt{2x^2+4}\left(x^4+5\right)$
",$\displaystyle{\frac{dy}{dx}} = \dfrac{2x\left(x^4+5\right)}{\sqrt{2x^2+4}}+8x^3\sqrt{2x^2+4}\left(x^4+5\right)$,$\displaystyle{\frac{dy}{dx}} = \dfrac{2x\left(x^4+5\right)^2}{\sqrt{2x^2+4}}+8x\sqrt{2x^2+4}\left(x^4+5\right)$,$\displaystyle{\frac{dy}{dx}} = \dfrac{2x\left(x^4+5\right)}{\sqrt{2x^2+4}}+8x\sqrt{2x^2+4}\left(x^4+5\right)$,,,2019-05-03 04:15:21+00,1,2019-11-16 17:14:42+00,37,1,4,1
485,79,"",17,,"Customers are used to evaluate preliminary product designs. In the past, $95\%$ of highly successful products received good reviews, $60\%$ of moderately successful products received good reviews, and $10\%$ of poor products received good reviews. In addition, $40\%$ of products have been highly successful, $35\%$ have been moderately successful, and $25\%$ have been poor products. If a roduct does not attain a good review, what is the probability that it will be a highly successful product?",Advanced,$0.052$,$0.615$,$0.618$,$0.385$,,,2019-05-03 08:00:14+00,1,2019-05-05 15:39:39+00,38,5,4,1
486,79,"",17,,"A box contains $3$ red balls, $5$ green balls and $7$ blue balls. If two balls are drawn from the box at random, with no replacement, what is the probability that both show the same colour?",Basic,$0.324$,$0.302$,$0.676$,$0.631$,,,2019-05-03 08:02:36+00,1,2019-05-05 15:40:34+00,38,4,1,1
487,79,"",17,,"A box contains $3$ red balls, $5$ green balls and $7$ blue balls. If two balls are drawn from the box at random, returning the first ball to the box before drawing the second one, what is the probability that both show the same colour?",Basic,$0.369$,$0.324$,$0.676$,$0.631$,,,2019-05-03 08:04:34+00,1,2019-05-05 15:42:14+00,38,4,2,1
488,79,"",17,,"A box contains $3$ red balls, $5$ green balls and $7$ blue balls. If two balls are drawn from the box at random, with no replacement, find the probability of drawing balls with different colours.",Basic,$0.676$,$0.324$,$0.302$,$0.631$,,,2019-05-03 08:06:35+00,1,2019-05-05 15:43:09+00,38,4,1,1
489,79,"",17,,"A box contains $3$ red balls, $5$ green balls and $7$ blue balls. If two balls are drawn from the box at random, returning the first ball to the box before drawing the second one, find the probability of drawing balls with different colours.",Basic,$0.631$,$0.676$,$0.324$,$0.302$,,,2019-05-03 08:08:52+00,1,2019-05-05 15:44:49+00,38,4,1,1
490,79,"",17,,"The figure displays an irrigation system for a small flowerbed. $A$, $B$ and $C$ are water sprinklers. Assume that, for water to get from $X$ to $Y$, it can go either through $A$ and $B$, or through $C$, or both ways. Water can only get through if the sprinklers are working, according to the following probabilities: $P(A)=95\%$, $P(B)=95\%$, $P(C)=90\%$. Calculate the probability of water getting through from $X$ to $Y$.",Advanced,$0.990$,$0.088$,$0.090$,$0.010$,irrigation.jpeg,jpeg,2019-05-03 08:12:13+00,1,2019-05-05 15:47:19+00,38,5,4,1
491,79,"",17,,"The figure displays an irrigation system for a small flowerbed. $A$, $B$ and $C$ are water sprinklers. Assume that, for water to get from $X$ to $Y$, it can go either through $A$ and $B$, or through $C$, or both ways. Water can only get through if the sprinklers are working, according to the following probabilities: $P(A)=95\%$, $P(B)=95\%$, $P(C)=90\%$. Calculate the probability of water not being able to get through from $X$ to $Y$.",Advanced,$0.010$,$0.088$,$0.090$,$0.990$,irrigation.jpeg,jpeg,2019-05-03 08:15:21+00,1,2019-05-05 15:48:23+00,38,5,4,1
492,79,"",17,,Tickets numbered from $1$ to $20$ are mixed up and then a ticket is drawn at random. What is the probability that the ticket drawn has a number which is a multiple of $2$ or $5$?,Basic,$\dfrac{6}{10}$,$\dfrac{1}{10}$,$\dfrac{2}{10}$,$\dfrac{1}{5}$,,,2019-05-03 08:19:03+00,1,2019-05-05 15:49:04+00,38,3,3,1
493,91,"",7,1,Which set of numbers stands for the lengths of the sides of a triangle?,Basic,"$\left\{2,4,5\right\}$.","$\left\{3,3,6\right\}$.","$\left\{2,4,8\right\}$.","$\left\{1,3,7\right\}$.",,,2019-05-03 13:22:10+00,1,2021-12-27 08:40:10+00,37,1,1,1
494,91,"",7,1,The amplitude of an exterior angle of a regular hexagon is,Basic,$60^\circ$.,$120^\circ$.,$30^\circ$.,$90^\circ$.,,,2019-05-03 13:23:41+00,1,2019-05-19 05:06:08+00,67,5,4,1
495,91,"",7,1,The amplitude of an interior angle of a regular octagon is,Basic,$135^\circ$.,$125^\circ$.,$140^\circ$.,$130^\circ$.,,,2019-05-03 13:25:01+00,1,2019-05-19 05:08:30+00,67,3,2,1
496,91,"",7,1,Choose the value that corresponds to the sum of the amplitudes of the internal angles of an octagon.,Basic,$1080^\circ$.,$900^\circ$.,$360^\circ$.,$1440^\circ$.,,,2019-05-03 13:26:45+00,1,2019-05-19 05:08:46+00,67,3,1,1
497,91,"",7,1,"Knowing that $P$ is a parallelogram, indicate what you can say about $P$.",Basic,The sum of the amplitudes of the internal angles of $P$ is $360^\circ$.,$P$ has four acute angles.,$P$ has four right angles.,$P$ has two congruent diagonals. ,,,2019-05-03 13:28:09+00,1,2019-05-19 05:16:10+00,67,2,2,1
498,91,"",7,1,Choose the true statement.,Advanced,A scalene triangle can have three acute angles.,There is an equilateral triangle with a right angle.,A scalene triangle can have two congruent angles.,An isosceles triangle can have three geometrically different angles.,,,2019-05-03 13:30:59+00,1,2019-05-21 15:12:43+00,67,1,1,1
499,91,"",7,1,"Consider that $T$ is a right-angled triangle. 
Choose the true statement.",Basic,"$T$ has three sides with lengths $4 cm$, $3 cm$ and $5 cm$.","$T$ has three sides with lengths $4 cm$, $3 cm$ and $6 cm$.",$T$ may have an obtuse angle.,The amplitude of the other angles of $T$ is $45^\circ$.,,,2019-05-03 13:34:41+00,1,2019-05-21 15:11:52+00,67,3,3,1
500,91,"",7,1,Choose the true statement.,Advanced,"If $T$ is an equilateral triangle, then $T$ is an acute triangle.","If $T$ is an acute triangle, then $T$ is an equilateral triangle.","If $T$ is a right triangle, then $T$ is a scalene triangle.","If $T$ is an obtuse triangle, then $T$ is an isosceles triangle.",,,2019-05-03 13:37:49+00,1,2019-06-04 13:56:29+00,67,1,1,1
501,91,"",7,1,The total area (expressed in a given measure unit) of this cylinder is:,Basic,$2\pi a(a+b)$.,$2\pi b(a+b)$.,$\pi a (2a+b)$.,$\pi a (a+2b)$.,cilindro.jpg,jpg,2019-05-04 13:22:49+00,1,2019-05-21 15:13:53+00,67,5,4,1
502,91,"",7,1,"Consider a dilation (an isotropic scaling) of centre $O$ and scale factor $r$.
Choose the correct statement.",Basic,The original figure and its transformed are always similar.,If $r = 2$ the dilation corresponds to a translation.,If $r>1$ the dilation is an isometry.,The original figure and its transformed are always congruent.,,,2019-05-04 13:26:25+00,1,2021-12-27 08:38:27+00,37,4,4,1
503,91,"",7,1,Indicate which geometric transformation always preserves the direction and orientation of directed line segments.,Basic,Translation.,Rotation.,Reflection.,Glide reflection.,,,2019-05-04 13:28:00+00,1,2021-12-27 08:36:49+00,37,3,3,1
504,91,"",7,1,Indicate which of the following geometrical transformations is not an isometry.,Basic,"Dilation (isotropic scaling) of centre $(0,0)$ and scale factor $2$.","Translation associated to vector $\stackrel{\rightarrow}{u} = (2,3)$.","Rotation of centre $(0,0)$ and amplitude (angle) $90^\circ$.",Line of reflection $y=x$.,,,2019-05-04 13:29:22+00,1,2021-12-27 08:35:42+00,37,4,3,1
505,91,"",7,1,"Considering the similarity criteria of triangles, choose the correct statement.",Basic,Two scalene triangles are similar if two internal angles of one of them are congruent to two of the internal angles of the other.,Two isosceles triangles are similar if the length of two sides of one of them is directly proportional to the length of two sides of the other.,Two right triangles are always similar.,Two scalene triangles are never similar.,,,2019-05-04 13:30:46+00,1,2020-01-23 05:54:24+00,67,3,3,1
506,91,"",7,1,Find the correct relationship between the type of triangle and the number of lines of symmetry.,Basic,An equilateral triangle has 3 lines of symmetry.,An isosceles triangle has 2 lines of symmetry.,A scalene triangle has 1 line of symmetry.,An equilateral triangle has 6 lines of symmetry.,,,2019-05-04 13:32:06+00,1,2021-12-27 08:34:11+00,37,1,1,1
507,91,"",7,1,A square allows for:,Basic,4 reflectional symmetries and 4 rotational symmetries.,4 reflectional symmetries and 8 rotational symmetries.,8 reflectional symmetries and 4 rotational symmetries.,8 reflectional symmetries and 8 rotational symmetries.,,,2019-05-04 13:33:30+00,1,2021-12-27 08:32:22+00,37,4,3,1
508,91,"",7,1,A regular pentagon allows for five rotational symmetries. Which are the amplitudes of such rotational symmetries:,Advanced,"$72^\circ$, $144^\circ$, $216^\circ$, $288^\circ$ and $360^\circ$.","$36^\circ$, $72^\circ$, $108^\circ$, $144^\circ$ and $180^\circ$.","$36^\circ$, $72^\circ$, $144^\circ$, $288^\circ$, $360^\circ$.","$90^\circ$, $180^\circ$, $270^\circ$, $360^\circ$, $450^\circ$.",,,2019-05-04 13:34:54+00,1,2021-12-27 08:30:42+00,37,4,4,1
509,91,"",7,1,A regular hexagon allows for:,Advanced,$6$ rotational symmetries.,$3$ reflectional symmetries.,$9$ reflectional symmetries.,$12$ rotational symmetries.,,,2019-05-04 13:36:27+00,1,2021-12-27 08:29:42+00,37,2,2,1
510,91,"",7,1,Choose the incorrect statement.,Advanced,Reflection is the sole isometry that does not preserve the correct direction. ,An isometry is a geometrical transformation in which the original figure and its transformed are congruent.,A transformation is a similarity.,Rotation and translation are isometries that preserve the orientation of the angles.,,,2019-05-04 13:38:00+00,1,2019-05-21 15:24:45+00,67,5,4,1
511,91,"",7,1,"Consider a right-angled triangle, where the hypotenuse and one side measure 10 cm and 6 cm in length, respectively. Indicate the length of the other side.",Basic,8 cm ,7 cm,3 cm,4 cm,,,2019-05-04 13:39:27+00,1,2020-01-23 06:07:16+00,67,4,3,1
512,91,"",7,1,"Two triangles are congruent if, from one to the other, they have:",Basic,A congruent side and both adjacent angles to that side also congruent.,Two congruent sides.,Two congruent angles.,Two congruent sides. And an angle which is also congruent.,,,2019-05-04 13:41:10+00,1,2019-05-21 15:26:09+00,67,3,3,1
513,91,"",7,1,"Imagine a triangle whose sides are of length $8 cm, 6 cm$ and $3 cm$:",Basic,The triangle is scalene.,The triangle is isosceles.,The triangle is acute-angled.,The triangle only has an angle with amplitude less than $90^\circ$.,,,2019-05-04 13:42:56+00,1,2021-12-27 08:28:15+00,37,1,1,1
514,91,"",7,1,Imagine a triangle whose amplitude of two of the angles is  $70^\circ$ and $30^\circ$:,Basic,The triangle is acute-angled.,The triangle is straight.,The triangle is obtuse-angled.,The triangle is isosceles.,,,2019-05-04 13:44:40+00,1,2021-12-27 08:27:26+00,37,2,1,1
515,91,"",7,1,"In quadrilateral $[ABCD]$ the diagonals are congruent, orthogonal, they are bisectors of the internal angles and intersect in the median point which is a symmetry center. $[ABCD]$ is a:",Advanced,Square.,Rhombus.,Rectangle.,Oblique parallelogram.,,,2019-05-04 13:46:34+00,1,2021-12-27 08:26:30+00,37,4,4,1
516,91,"",7,1,In a rectangle:,Advanced,There are two lines of symmetry and their diagonals are congruent and intersecting the median point which is a symmetry centre.,There is just one line of symmetry and its diagonals are congruent and intersect in the median point which is a symmetry centre.,There are two lines of symmetry and their diagonals are congruent and intersect in the median point.,There are four lines of symmetry and their diagonals are congruent and intersect in the median point which is a symmetry centre.,,,2019-05-04 13:47:54+00,1,2021-12-27 08:25:22+00,37,2,2,1
517,91,"",7,1,In an isosceles trapezoid:,Advanced,The straight line which crosses the median points is a line of symmetry.,The sides are congruent two by two.,There are two lines of symmetry.,Diagonals bisect.,,,2019-05-04 13:49:08+00,1,2021-12-27 08:23:53+00,37,3,3,1
518,91,"",7,1,Mark the true statement.,Basic,The sum of the amplitudes of the external angles of any triangle is always equal to $360^\circ$.,The sum of the amplitudes of the external angles of a convex quadrilateral is always equal to $540^\circ$.,The sum of the amplitudes of the external angles of a convex pentagon is always equal to  $720^\circ$.,The sum of the amplitudes of the external angles of a convex hexagon is always equal to $900^\circ$.,,,2019-05-04 13:50:43+00,1,2019-05-19 04:21:52+00,67,5,4,1
520,91,"",7,1,Choose the correct statement.,Basic,The sum of the amplitudes of the external angles of any convex polygon is $360^\circ$.,The sum of the external angles of any convex polygon is $180^\circ$.,The sum of the external angles of any convex polygon is $720^\circ$.,"The sum of the external angles of any convex polygon is $\left(n - 2\right)\times 180^\circ$, where $n$ is the number of sides of the polygon.",,,2019-05-04 13:53:37+00,1,2019-05-19 04:19:14+00,67,5,4,1
521,91,"",7,1,A polygon is regular when:,Basic,All its sides have the same length and all angles have the same amplitude.,The parallel sides have the same length and opposite angles have the same amplitude.,All the angles have the same amplitude.,All the sides have the same length.,,,2019-05-04 13:54:53+00,1,2019-05-19 04:18:50+00,67,2,2,1
522,91,"",7,1,Each external angle of a given polygon has $60^\circ$ amplitude. Which is the sum of the amplitudes of the internal angles of this polygon? ,Basic,$720^\circ$ ,$180^\circ$,$540^\circ$,$360^\circ$,,,2019-05-04 13:56:07+00,1,2019-05-19 04:17:54+00,67,5,4,1
523,91,"",7,1,The diagonal of a polygon is:,Basic,A straight line segment whose endpoints are two non-consecutive vertices.,A straight line segment uniting the median points of two consecutive sides.,A straight line through two non-consecutive vertices.,A semi-straight line whose origin is one of the vertices of the polygon and goes through the opposite vertice.,,,2019-05-04 13:57:23+00,1,2021-12-27 08:20:20+00,37,2,2,1
524,91,"",7,1,"In a cartesian referential two consecutive vertices $A$ and $B$, of a parallelogram $\left[ABCD\right]$ were marked, together with point $M$ corresponding to the intersection of its diagonals. Knowing that the coordinates of points $A$, $B$ and $M$ are  $\left(-1,-3\right)$, $\left(3,-3\right)$  and $\left(2,0\right)$, respectively, the coordinates of points $C$ and $D$ are:",Basic,"$C(5,3)$ and $D(1,3)$","$C(5,2)$ and $D(3,2)$","$C(2,3)$ and $D(1,3)$","$C(5,3)$ and $D(3,2)$",,,2019-05-04 13:59:00+00,1,2021-12-27 08:21:03+00,37,5,4,1
525,38,"",5,6,"Find  $\displaystyle\int_{0}^{2}\int_{x}^{x^2} y^2x \, dy dx$.",Basic,"$\displaystyle \frac{128}{15} $ 
","$\displaystyle\frac{65}{7}$
","$\displaystyle -\frac{208}{9}$
",$\displaystyle \frac{208}{9}$,,,2019-05-04 17:15:18+00,1,2019-05-05 05:22:18+00,37,2,2,1
526,38,"",5,6,"Find $\displaystyle\iint\limits_D 3 - x - y\, dA$ , where $D = [1, 3] \times [1, 2]$.",Basic,"$\displaystyle -1$
","$\displaystyle 8$
","$\displaystyle 1$
",$\displaystyle -2$,,,2019-05-04 17:21:14+00,1,2019-05-05 09:18:05+00,37,1,2,1
527,38,"",5,6,"Find $\displaystyle\iint\limits_D 3 - x - y\, dx dy$, where $\displaystyle D =\{ (x, y) \in \mathbb{R}^2: 2\leq y \leq 3 , 1\leq x \leq y\}$.",Basic,"$-2$
","$4$ 
","$\displaystyle \frac{7}{9}$
",$2$ ,,,2019-05-04 17:24:57+00,1,2019-05-05 09:21:23+00,37,2,4,1
528,38,"",5,6,"Reverse the order of integration in $\displaystyle\int_{0}^{6}\int_{\frac{x}{3}}^{2} f(x, y) \, dy dx$.",Basic,"$\displaystyle\int_{0}^{2}\int_{0}^{3y} f(x, y) \, dx dy$ 
","$\displaystyle\int_{\frac{x}{3}}^{2}\int_{0}^{6} f(x, y) \, dx dy$","$\displaystyle\int_{6}^{0}\int_{2}^{\frac{y}{3}} f(x, y) \, dx dy$","$\displaystyle\int_{0}^{2}\int_{0}^{\frac{y}{3}} f(x, y) \, dx dy$",,,2019-05-04 17:34:03+00,1,2019-05-05 11:54:56+00,37,3,3,1
529,38,"",5,6,"Find $\displaystyle \int_{2}^{4}\int_{-1}^{1}x^2+y^2 \, dxdy$.",Basic,$\displaystyle \frac{116}{3}$,$\displaystyle \frac{118}{3}$,$\displaystyle \frac{116}{4}$,$\displaystyle \frac{118}{4}$,,,2019-05-04 17:43:25+00,1,2019-05-05 11:55:10+00,37,1,2,1
530,38,"",5,6,"Find $\displaystyle \int_{0}^{1}\int_{0}^{x^2}\,  dydx$.",Basic,"$\displaystyle \frac{1}{3}$
",$\displaystyle 1$ ,"$\displaystyle \frac{2}{3}$
",$\displaystyle 3$,,,2019-05-04 17:49:57+00,1,2019-05-05 11:55:20+00,37,2,4,1
531,38,"",5,6,"Find $\displaystyle \int_{1}^{3}\int_{0}^{1}1+4xy \,  dxdy$.",Basic,"$\displaystyle 10$
","$\displaystyle 12$ 
","$\displaystyle \frac{31}{3}$
",$\displaystyle y+y^2$,,,2019-05-04 17:52:34+00,1,2019-05-05 11:55:47+00,37,1,2,1
532,38,"",5,6,"Find $\displaystyle \int_{0}^{1}\int_{y^2}^{y}x^m+y^n\,  dxdy$ with $m,n>0$.",Basic,"$\displaystyle \frac{1}{(m+2)(2m+3)}+\frac{1}{(n+2)(n+3)}$ 
","$\displaystyle (m+2)(2m+3)+(n+2)(n+3)$ 
","$\displaystyle \frac{3}{20}$
",Cannot determine the double integral because of $m$ and $n$,,,2019-05-04 17:55:22+00,1,2019-05-05 12:00:22+00,37,3,3,1
533,38,"",5,6,"Find $\displaystyle \int_{0}^{1}\int_{-\sqrt{1-y^2}}^{1-y}1\, dx dy$.",Advanced,"$\displaystyle \frac{\pi+2}{4}$ 
","$\displaystyle \frac{1}{4}-\frac{1}{\pi}$
","$\displaystyle \frac{3\pi +4}{12}$
",$\displaystyle \frac{3\pi -4}{12}$,,,2019-05-04 18:04:29+00,1,2019-05-05 11:56:47+00,37,4,1,1
534,38,"",5,6,"Reverse the order of integration of $\displaystyle\int_{0}^{4}\int_{\frac{y}{4}}^{y} f(x, y) \, dx dy$.",Advanced,"$\displaystyle\int_{0}^{1}\int_{x}^{4x} f(x, y) \, dy dx  + \displaystyle\int_{1}^{4}\int_{x}^{4} f(x, y) \, dy dx $  
","$\displaystyle\int_{\frac{y}{4}}^{y}\int_{0}^{4} f(x, y) \, dydx$
","$\displaystyle\int_{x}^{4x}\int_{0}^{1} f(x, y) \, dy dx  + \displaystyle\int_{x}^{4}\int_{2}^{4} f(x, y) \, dy dx $
","$\displaystyle\int_{4y}^{6}\int_{4}^{9}f(x, y)\, dy dx$",,,2019-05-04 18:11:42+00,1,2019-05-05 11:58:04+00,37,4,1,1
535,38,"",5,6,"Reverse the order of integration of the: $\displaystyle\int_{0}^{3}\int_{x^2}^{9} f(x, y) \, dy dx$.",Basic,"$\displaystyle\int_{0}^{9}\int_{0}^{\sqrt{y}} f(x, y) \, dx dy$ 
","$\displaystyle\int_{x^2}^{9}\int_{0}^{3} f(x, y) \, dx dy$
","$\displaystyle\int_{0}^{3}\int_{y^2}^{9} f(x, y) \, dx dy$
","$\displaystyle\int_{0}^{\sqrt{y}}\int_{0}^{9}f(x, y)\, dx dy$",,,2019-05-04 18:20:48+00,1,2019-05-05 11:58:41+00,37,4,1,1
536,38,"",5,6,Find the area of the region bounded by  $\displaystyle y=1-x^2$ and $\displaystyle y=x^2-3$.,Basic,"$\displaystyle\frac{16\sqrt{2}}{3}$
","$\displaystyle\frac{16\sqrt{3}}{3}$ 
","$\displaystyle\frac{18\sqrt{2}}{3}$ 
",$\displaystyle\frac{16\sqrt{2}}{5}$,,,2019-05-05 10:04:29+00,1,2019-05-05 11:59:41+00,37,3,3,1
537,38,"",5,6,"Change the order of integration of $\displaystyle \int_{0}^{1}\int_{-\sqrt{1-y^2}}^{1-y}x^2+y^2\, dx dy$. ",Advanced,"$\displaystyle \int_{-1}^{0}\int_{0}^{\sqrt{1-x^2}}x^2+y^2\, dy dx + \int_{0}^{1}\int_{0}^{-x+1}x^2+y^2 \, dy dx$ 
","$\displaystyle \int_{0}^{1}\int_{-\sqrt{1-y^2}}^{1-y}x^2+y^2\, dy dx$ 
","$\displaystyle \int_{-1}^{0}\int_{0}^{\sqrt{1-x^2}}x^2+y^2\, dy dx$
","$\displaystyle \int_{0}^{\sqrt{1-x^2}}\int_{-1}^{0}x^2+y^2\, dy dx + \int_{0}^{-x+1}\int_{0}^{1}x^2+y^2\, dy dx$",,,2019-05-05 10:15:29+00,1,2019-05-05 11:59:57+00,37,5,1,1
556,81,"",25,,"Consider in $\mathbb{R}^2$ the line $r$ which contains points $A=(-1, 3)$ and $B=(1, 0)$. A cartesian equation of $r$ and the slope $m$ of $r$ are, respectively: ",Basic,$3x+2y-3=0$ and $m=-\dfrac{3}{2}$.,$y=-3x+3$ and $m=-3$.,$3x+2y=3$ and $m=3$.,$3x+2y-3=0$ and $m=\dfrac{3}{2}$.,,,2019-05-07 02:19:54+00,1,2019-05-07 09:21:04+00,38,5,1,1
923,42,"",3,39,Determine which of the following functions is injective.,Basic,$f(x)=x^3$,$f(x)=x^2$,$f(x)=1$,$f(x)=\sin x$,,,2019-07-29 09:09:25+00,1,2019-07-31 17:51:24+00,64,1,1,1
538,38,"",5,6,"Change the order of integration of $\displaystyle \int_{0}^{1}\int_{y^2}^{\sqrt{y}}f(x,y)\, dx dy +\int_{2}^{3}\int_{1}^{y}f(x,y)\, dx dy$.",Advanced,"$\displaystyle \int_{0}^{1}\int_{x^2}^{\sqrt{x}}f(x,y)\, dy dx +\int_{1}^{2}\int_{2}^{3}f(x,y)\, dy dx +\int_{2}^{3}\int_{x}^{3}f(x,y)\, dy dx $  ","$\displaystyle \int_{0}^{1}\int_{x^2}^{\sqrt{x}}f(x,y)\, dy dx +\int_{1}^{2}\int_{2}^{3}f(x,y) \, dy dx $
","$\displaystyle \int_{0}^{1}\int_{x^2}^{\sqrt{x}}f(x,y)\, dy dx ++\int_{2}^{3}\int_{1}^{x}f(x,y)\, dy dx $ "," $\displaystyle \int_{0}^{1}\int_{x^2}^{\sqrt{x}}f(x,y)\, dy dx +\int_{1}^{2}\int_{2}^{3}f(x,y), dy dx +\int_{2}^{3}\int_{2}^{x}f(x,y)\, dy dx $",,,2019-05-05 10:24:10+00,1,2019-05-05 12:00:13+00,37,5,1,1
539,38,"",5,6,"Find $\displaystyle\int_{0}^{3}\int_{1}^{(4-y)^\frac{1}{2}}x+y\,dxdy$.",Basic,"$\displaystyle\frac{241}{60}$ 
","$\displaystyle\frac{121}{30}$
","$\displaystyle\frac{214}{60}$
",$\displaystyle\frac{213}{30}$,,,2019-05-05 12:42:43+00,1,2019-05-06 18:10:49+00,38,3,3,1
540,38,"",5,6,Find the value of the region's area bounded by the curves $y = 2x$ and $y = {x}^{2}$.,Basic,"$\displaystyle \frac{4}{3}$ 
","$\displaystyle\frac{2}{3}$
","$\displaystyle\frac{16}{3}$
",$\displaystyle\frac{9}{16}$,,,2019-05-05 14:10:44+00,1,2019-05-06 09:02:51+00,38,3,3,1
541,38,"",5,6,Find  $\displaystyle\iint\limits_D xy^2\operatorname{dA}$ knowing that region $D$ is bounded by  $\displaystyle y=x^2$ and $\displaystyle y=\sqrt{x}$.,Basic,"$\displaystyle\frac{3}{56}$ 
","$\displaystyle\frac{1}{24}$
","$\displaystyle\frac{3}{48}$ 
",$\displaystyle\frac{1}{28}$,,,2019-05-05 14:40:17+00,1,2019-05-06 18:11:00+00,38,3,2,1
542,38,"",5,6,Choose which double integral represents the area of the region bounded by $y=4-x^2$ and $y=x^2-4$.,Basic,"$\displaystyle \int_{-2}^{2}\int_{x^2-4}^{4-x^2}1\,  dy dx$","$\displaystyle \int_{0}^{2}\int_{x^2}^{-x^2}1\,  dy dx$","$\displaystyle \int_{-4}^{4}\int_{x^2-4}^{4-x^2}1\,  dy dx$","$\displaystyle \int_{-2}^{2}\int_{-4}^{4}1\,  dy dx$",,,2019-05-05 14:55:53+00,1,2019-05-06 09:04:08+00,38,2,3,1
543,38,"",5,6,"Reverse the order of integration of $\displaystyle \int_{-2}^{2}\int_{x^2-4}^{4-x^2}1\,  dy dx$.",Advanced,"$\displaystyle \int_{-4}^{0}\int_{-\sqrt{4+y}}^{\sqrt{4+y}}1\,  dxdy + \int_{0}^{4}\int_{-\sqrt{4-y}}^{\sqrt{4-y}}1\,  dxdy$ 
","$\displaystyle \int_{-4}^{0}\int_{\sqrt{4+y}}^{-\sqrt{4+y}}1\,  dxdy + \int_{0}^{4}\int_{\sqrt{4-y}}^{-\sqrt{4-y}}1\,  dxdy$ ","$\displaystyle \int_{-2}^{2}\int_{-\sqrt{4+y}}^{\sqrt{4+y}}1\,  dxdy $ ","$\displaystyle \int_{0}^{4}\int_{-\sqrt{4-y}}^{\sqrt{4-y}}1\,  dxdy$ ",,,2019-05-05 15:07:57+00,1,2019-05-06 18:13:47+00,38,5,1,1
544,38,"",5,6,"Determine $\displaystyle\int_{1}^{4}\int_{0}^{\sqrt{y}}\operatorname{e}^\frac{x}{\sqrt{y}}\,dxdy$.",Advanced," $\displaystyle\frac{14}{3}(\operatorname{e}-1)$ 
","$\displaystyle\frac{7}{21}\operatorname{e}^2$ 
","$\displaystyle\frac{1}{\operatorname{e}}$
",$\displaystyle\ 1$,,,2019-05-05 15:24:35+00,1,2019-05-06 18:12:02+00,38,4,1,1
545,38,"",5,6,Find the value of the region's area bounded by $y=x^2-4$ and $y=-x^2+4$.,Basic,$\dfrac{64}{3}$,$\dfrac{3}{64}$,$\dfrac{4}{63}$,$\dfrac{63}{4}$,,,2019-05-06 18:16:48+00,1,2019-05-06 18:17:32+00,38,2,4,1
546,81,"",25,,"Considering in $\mathbb{R}^3$ the usual scalar product. The orthogonal projection of $v=(1, -1, 2)$ on $u=(2, 1, 1)$ is:",Basic,"$\displaystyle\left(1, \dfrac{1}{2},  \dfrac{1}{2}\right)$.","$\bigg(\sqrt{6}, \dfrac{\sqrt{6}}{2},  \dfrac{\sqrt{6}}{2}\bigg)$.","$(6, 3, 3)$.","$\bigg(1, \dfrac{1}{2},  -\dfrac{1}{2}\bigg)$.",,,2019-05-07 02:01:53+00,1,2019-05-07 08:59:46+00,38,3,3,1
547,81,"",25,,"The angle formed by the vectors $u=(3, -3, 0)$ and $v=(-2, 1, 2)$ is: ",Basic,$\dfrac{3\pi}{4}$.,$\dfrac{\pi}{4}$.,$\dfrac{\pi}{3}$.,$\dfrac{2\pi}{3}$.,,,2019-05-07 02:03:55+00,1,2019-05-07 09:01:12+00,38,1,2,1
548,81,"",25,,"Consider the unusual scalar product of $\mathbb{R}^3$ defined by $(x_1, y_1)\cdot (x_2, y_2)=4x_1x_2+3y_1y_2$ and consider the vectors $u=(1, -4)$ and $v=(3, 2)$.
The scalar product, $u \cdot v$, and the magnitude of $u$, $|u|$, are respectively:",Basic,"$u\cdot v= -12, \quad |u|= 2\sqrt{13}$.","$u\cdot v= -12, \quad |u|= 4\sqrt{13}$.","$u\cdot v= -5, \quad |u|= \sqrt{17}$."," $u\cdot v= -12, \quad |u|= \sqrt{17}$.",,,2019-05-07 02:05:56+00,1,2019-05-07 09:04:33+00,38,1,2,1
549,81,"",25,,"Consider the vectors $u=(-1, 2, 3)$ and $v=(0, 1, 1)$ of $\mathbb{R}^3$. The cross product $u\times v$ is: ",Basic,A vector that is normal to the plane containing $u$ and $v$ with norm $\sqrt{3}$.,A vector parallel to $u$ and $v$ with norm $\sqrt{3}$.,A vector that is perpendicular to both $u$ and $v$ with norm $2\sqrt{7}$ .,A vector parallel to $u$ and $v$ with norm $2\sqrt{7}$.,,,2019-05-07 02:07:23+00,1,2019-05-07 09:06:06+00,38,3,3,1
550,81,"",25,,"Consider the vectors $u=(2, 0, 1)$ and $v=(3, -1, 1)$ of $\mathbb{R}^3$. The vectors of magnitude $6$ that are orthogonal to the vectors $u$ and $v$ are:",Advanced,"$(\sqrt{6}, \sqrt{6}, -2\sqrt{6})$ and $(-\sqrt{6}, - \sqrt{6}, 2\sqrt{6})$.","$(6, -6, -12)$ and $(-6, 6, 12)$.","$(3, 3, -6)$ and $(-3, -3, 6)$.","$(\sqrt{6}, \sqrt{6}, -2\sqrt{6})$.",,,2019-05-07 02:08:59+00,1,2019-05-07 09:08:01+00,38,3,3,1
551,81,"",25,,Consider in $\mathbb{R}^3$ the usual scalar product. Which one of the following set is orthogonal?,Basic,"$\left\{(-1, 0, 3), (0, 5, 0), (3, 0, 1)\right\}$.","$\left\{(-1, 2, 1), (2, 0, 2), (-3, 2, 1)\right\}$.","$\left\{(-1, 2, 1), (2, 0, 2), (2, 3, -2)\right\}$.","$\left\{(-1, 0, 3), (0, 5, 0), (2, 0, 1)\right\}$ .",,,2019-05-07 02:11:16+00,1,2019-05-07 09:09:22+00,38,1,2,1
552,81,"",25,,"Consider the vectors $u=(1, 3, 2)$, $v=(-1, 1, 2)$ and $w=(0, 1, 1)$ of $\mathbb{R}^3$ and the scalar triple product $u\cdot (v\times w)$. 
Choose the correct answer.",Basic,$u\cdot (v\times w) = 0$ and the vector $v \times w$ is normal to the vector $u$.,"$u\cdot (v\times w) = (-1, 1, 1)$ and $u \times v$ and $w$ are coplanar vectors.",$u\cdot (v\times w) = 0$ and $u \times v$ and $w$ are coplanar vectors.,$u\cdot (v\times w) = 1$ and the vector $v \times w$ is normal to vector $u$.,,,2019-05-07 02:13:01+00,1,2019-05-07 09:11:30+00,38,4,1,1
553,81,"",25,,"Consider the usual scalar product of the vectors $u=(-1, 2, 1)$ and $v=(3, -6, -3)$ of $\mathbb{R}^3$. 
Choose the right answer:",Basic,The vectors $u$ and $v$ are collinear and the magnitude of $u$ is $\sqrt{6}$.,"The set $\{ u, v\}$ is orthogonal and the magnitude of $u$ is $\sqrt{6}$.",The vectors $u$ and $v$ are collinear and the magnitude of $u$ is $6$.,"The set $\{ u, v\}$ is orthogonal and the magnitude of $u$ is $6$.",,,2019-05-07 02:15:21+00,1,2019-05-07 09:14:21+00,38,4,1,1
554,81,"",25,,"Consider the usual scalar product in $\mathbb{R}^2$. The distance from the point $P = (-3, 5)$ to the line $r:\quad y=x-2$ is: ",Basic,$5\sqrt{2}$.,$5$.,$10$.,$5\sqrt{10}$.,,,2019-05-07 02:17:07+00,1,2019-05-07 09:17:58+00,38,4,1,1
555,81,"",25,,"A cartesian equation of the perpendicular bisector of the segment with endpoints $A=(2, -3)$ and $B=(-2, 1)$ is:",Basic,$x-y-1=0$.,$-x+y-1=0$.,$x-y=0$.,$2x-3y+1=0$.,,,2019-05-07 02:18:20+00,1,2019-05-07 09:19:02+00,38,4,1,1
557,81,"",25,,"Consider the circumference $\mathcal{C}$ which contains the points $A=(-1, 3)$ and $B=(1, 1)$ and whose string $[AB]$ corresponds to one of its diameters. 
A cartesian equation of $\mathcal{C}$ is: ",Basic,$x^2+ (y-2)^2=2$,$x^2+ (y-2)^2=\sqrt{2}$,$(x+1)^2+ (y-3)^2=2$,$(x+1)^2+ (y-3)^2=\sqrt{2}$,,,2019-05-07 02:21:08+00,1,2019-05-07 09:23:22+00,38,5,1,1
558,81,"",25,,Consider in the three-dimensional cartesian system the plane of equation $\pi: 2x-3y+z-1=0$. Choose the right answer:,Basic,"The plane $\pi$ contains the point $P=(-1, -1, 0)$ and is normal to the vector $n=(-4, 6, -2)$.","The plane $\pi$ contains the point $P=(1, 1, 0)$ and is parallel to the vector $n=(2, 3, 1)$.","The plane $\pi$ contains the point $P=(1, 1, 1)$ and is normal to the vector $n=(2, -3, 1)$.","The plane $\pi$ contains the point $P=(1, -1, 0)$ and is parallel to the vector $n=(2, -3, 1)$.",,,2019-05-07 02:22:51+00,1,2019-05-07 09:25:56+00,38,3,2,1
559,81,"",25,,"Consider the plane $\pi$ of $\mathbb{R}^3$ that contains the points $P = (1, -1, 2), Q = (1, 0, 2)$ e $R = (0, 1, 0)$. 
A cartesian equation of the plane $\pi$ is:",Basic,$z=2x$.,$x+y-z=0$.,$2x+z=0$.,$2y-z=0$.,,,2019-05-07 02:24:12+00,1,2019-05-07 09:27:21+00,38,4,3,1
560,81,"",25,,"The cartesian equation of the perpendicular bisector of the segment with endpoints $A=(1, 2,3)$ and $B=(2, 0, 1)$ is:",Basic,$2x-4y-4z+9=0$.,$x+2y+3z=1$.,$x-2y-2z+3=0$.,$x-2y-2z=0$.,,,2019-05-07 02:26:29+00,1,2019-05-07 09:30:20+00,38,4,3,1
561,81,"",25,,"The conjunction of equations $\dfrac{2x-1}{3}=2-y=\dfrac{z+3}{2}$ determine a straight line $r$. 
Choose the right answer:",Basic,"$r$ has the direction of $v=\bigg(\dfrac{3}{2}, -1, 2\bigg)$ and contains the point $P=\bigg(\dfrac{1}{2}, 2, -3\bigg)$.","$r$ has the direction of $v=(3, 1, 2)$ and contains the point $P=(1, 2, -3)$.","$r$ has the direction of $v=\bigg(\dfrac{3}{2}, 1, 2\bigg)$ and contains the point $P=\bigg(\dfrac{1}{2}, 2, -3\bigg)$.","$r$ has the direction of $v=(3, -1, 2)$ and contains the point $P=(1, 2, -3)$.",,,2019-05-07 02:28:56+00,1,2019-05-07 09:33:05+00,38,5,1,1
562,81,"",25,,"Consider in the three-dimensional cartesian system the points $A=(1, -2, 2)$, $B=(3, 0, 1)$, $C=(2, 1, 2)$ and $D=(3, -2, 0)$. 
The point $P$ of intersection of the line $AB$ with the perpendicular bisector of the line segment $[CD]$ has cartesian coordinates: ",Advanced,"$\bigg(2, -1, \dfrac{3}{2}\bigg)$.","$(4, -2, 3)$.","$\bigg(\dfrac{5}{2}, -\dfrac{1}{2}, 1\bigg)$.","$(2, 2, -1)$.",,,2019-05-07 02:30:47+00,1,2019-05-07 09:44:10+00,38,5,1,1
563,81,"",25,,Consider in the three-dimensional cartesian plane the straight line $r$ defined by $\dfrac{x-1}{2}=2-y=\dfrac{z+1}{3}$ and the $\pi$ plane defined by $2x-y+3z=0$. Choose the right answer:,Basic,$r$ is normal to $\pi$.,$r$ is parallel to $\pi$.,$r\cap \pi =\emptyset$.,$r\cap \pi =r$.,,,2019-05-07 02:32:35+00,1,2019-05-07 09:45:29+00,38,5,1,1
564,81,"",25,,"Let the vectors $u=(2, 4, -2)$, $v=(-1, 2, 0)$ and  $w=(2, k, 4)$  of $\mathbb{R}^3$. 
The vector $w$ is perpendicular to $u$ and $v$ when:",Basic,$k=1$.,$k=-1$.,$k=2$.,$k=-2$.,,,2019-05-07 02:34:13+00,1,2019-05-07 09:46:49+00,38,1,2,1
565,81,"",25,,"Consider in the cartesian plane the square $ABCD$, such that $A =(3, -2)$ and $B = (-1, 1)$. The coordinates of the points $C$ and $D$ can be: ",Basic,"$C=(2, 5)$, $D=(6,2)$.","$C=(-4, -3)$, $D=(6,2)$.","$C=(2,5)$, $D=(0, -6)$.","$C=(6, 2)$, $D=(2,5)$.",,,2019-05-07 02:35:19+00,1,2019-05-07 09:48:00+00,38,3,3,1
566,81,"",25,,"Let $A, B\in \mathbb{R}^2$ be defined by their cartesian coordinates, $A= (-1, 2)$ and $B=(3, 0)$. The locus of points whose distance from $A$ is equal to its distance from $B$ is:",Basic,The equation line $y-2x+1=0$.,"The point $P=(1, 1)$.",The equation line $y=-\dfrac{1}{2}x-\dfrac{3}{2}$.,The circumference of equation $(x-1)^2+ (y-1)^2=5$.,,,2019-05-07 02:37:31+00,1,2019-05-07 10:26:30+00,38,3,3,1
567,81,"",25,,"A cartesian equation of the line which is perpendicular to the line $r: \dfrac{x}{3}+\dfrac{y}{2}=1$ and contains the point $A=(2, 5)$ is:",Basic,$3x-2y+4=0$.,$3x+2y-4=0$.,$y=\dfrac{3}{2}x-5$.,$y=\dfrac{2}{3}x+2$.,,,2019-05-07 02:38:51+00,1,2019-05-07 10:01:45+00,38,2,2,1
568,81,"",25,,"Consider the points $A =(1, 2, 3)$, $B =(2, 3, -1)$ and $C =(3, 4, 0)$ of $\mathbb{R}^3$. 
Choose the correct answer:",Basic,"The $ABC$ plane has equation $x-y+1=0$ and $D=(4, 5, 6)$ belongs to $ABC$.","The $ABC$ plane has equation $x+y+1=0$ and $D=(4, -5, 7)$ belongs to $ABC$.","The $ABC$ plane has equation $2x-y+3=0$ and $D=(2, 7, 6)$ belongs to $ABC$.","The $ABC$ plane has equation $2x+y+3=0$ and $D=(-1, -1, 0)$ belongs to $ABC$.",,,2019-05-07 02:41:01+00,1,2019-05-07 09:59:40+00,38,5,1,1
569,81,"",25,,"Consider in $\mathbb{R}^3$ the usual scalar product. The vectors $u=(-2, a, 4)$ and $v=(1, 1, a)$ are respectively collinear and orthogonal when: ",Basic,$a= -2$ and $a=\dfrac{2}{5}$.,$a=2$ and $a=-2$.,$a=\dfrac{2}{5}$ and $a= -2$.,$a=2$ and $a=-\dfrac{2}{5}$.,,,2019-05-07 02:42:27+00,1,2019-05-07 10:02:56+00,38,2,2,1
570,81,"",25,,"Consider in the three-dimensional cartesian system, the plane $\pi:2x+3y-z+5=0$ and the point $P=(-1, 2, 4)$. The distance from $P$ to $\pi$ is: ",Advanced,$\dfrac{5}{\sqrt{14}}$.,$\dfrac{5}{14}$.,$\dfrac{2}{7}$.,$\dfrac{2}{\sqrt{7}}$.,,,2019-05-07 02:44:20+00,1,2019-05-12 15:35:13+00,38,4,3,1
571,81,"",25,,A vector equation for the line of intersection of the planes $\pi_1: x+y+z-3=0$ and  $\pi_2: x+2y+3z=7$ is: ,Basic,"$(x,y,z)=(0, 2, 1)+k(1, -2, 1), \quad k\in \mathbb{Z}$.","$(x,y,z)=(0, 2, 1)+k(-1, 4, 0), \quad k\in \mathbb{Z}$.","$(x,y,z)=(0, 2, 1)+k(1, 2, 1), \quad k\in \mathbb{Z}$.","$(x,y,z)=(-1, 4, 0)+k(2, -2, 3), \quad k\in \mathbb{Z}$.",,,2019-05-07 02:47:05+00,1,2019-05-07 10:11:43+00,38,4,1,1
572,81,"",25,,"The values of $a$ for which the vector $u=(3, 1, 1)$ is perpendicular to $v=(2, 5a, a^2)$ are: ",Basic,"$a=-2, -3$.","$a=2, -3$.","$a=1, -2$.","$a=-1, 2$.",,,2019-05-07 02:48:48+00,1,2019-05-07 10:12:43+00,38,1,2,1
573,81,"",25,,"The angle between the vectors $u=(3, 1)$ and $v=(-4, 2)$ is:",Basic,$\dfrac{3\pi}{4}$.,$\dfrac{5\pi}{4}$.,$\dfrac{\pi}{4}$.,$-\dfrac{\pi}{4}$.,,,2019-05-07 02:51:56+00,1,2019-05-07 10:13:28+00,38,2,2,1
574,81,"",25,,Consider the plane $\pi$ of equation $x-z-1=0$ and the line $r: \dfrac{-x+1}{2}=\dfrac{y}{2}=z+1$. The angle $\theta$ formed by $\pi$ and $r$ is: ,Advanced, $\theta=\dfrac{\pi}{4}$.,$\theta=\dfrac{3\pi}{4}$.,$\theta= \dfrac{2\pi}{3}$.,$\theta= \dfrac{5\pi}{6}$.,,,2019-05-07 02:53:27+00,1,2019-09-24 05:31:37+00,43,5,3,1
575,81,"",25,,"Consider in $\mathbb{R}^3$ the usual scalar product and the vectors $\overrightarrow{A B}=(3, 2, -1)$ and $\overrightarrow{A C}=(2, 0, 2)$. The orthogonal projection of $\overrightarrow{AB}$ on $\overrightarrow{AC}$ and the area of triangle $ABC$ are, respectively:",Advanced,"$(1, 0, 1)$ and $2\sqrt{6}$.","$(1, 0, 1)$ and $4\sqrt{6}$.","$(2, 0, 2)$ and $2\sqrt{3}$.","$(1, 1, 1)$ and $6\sqrt{2}$.",,,2019-05-07 05:10:35+00,1,2019-05-12 15:35:20+00,38,5,1,1
605,127,"",18,8,"The spectral radius of the matrix $A = \begin{bmatrix}
0 & -1 \\
2 & 3 \end{bmatrix}$ is:",Basic,2,0,3,4,,,2019-05-09 10:33:26+00,1,2019-06-27 10:18:36+00,64,4,3,1
576,81,"",25,,"An equation of the plane containing the point $A=(2, -3, 0)$ and the line of equation $\dfrac{x-2}{2}=\dfrac{-y}{3}=z+2$ is: ",Advanced,$3x+4y+6z+6=0$.,$3x+4y+6z-18=0$.,$3x-4y+6z+6=0$.,$x-y+z+5=0$.,,,2019-05-07 05:16:08+00,1,2019-05-12 15:35:28+00,38,4,3,1
579,39,"",4,3,Differentiate $\displaystyle{y = (x-\cos^2(x))^5}$.,Advanced,$\displaystyle{\frac{dy}{dx}}={5(x−\cos^2(x))^4(2\cos(x)\sin(x)+1)}$,$\displaystyle{\frac{dy}{dx}}={5(x+\cos^2(x))^4(2\cos(x)\sin(x)-1)}$,$\displaystyle{\frac{dy}{dx}}={5(x+\cos^2(x))^5(2\cos(x)\sin(x)-1)}$,$\displaystyle{\frac{dy}{dx}}={5(x-\cos^2(x))^5(2\cos(x)\sin(x)+1)}$,,,2019-05-07 10:32:22+00,1,2019-08-15 10:21:09+00,37,3,3,1
580,39,"",4,3,Differentiate ${y= 2\sec^4(2x)}$.,Advanced,$\displaystyle{\frac{dy}{dx}}={16\sec^4(2x)\tan(2x)}$,$\displaystyle{\frac{dy}{dx}}={8\sec^4(2x)\tan(2x)}$,$\displaystyle{\frac{dy}{dx}}={16\sec^5(2x)}$,$\displaystyle{\frac{dy}{dx}}={8\sec^3(2x)}$,,,2019-05-07 10:47:41+00,1,2019-08-15 10:26:12+00,37,5,2,1
581,64,"",22,,"Knowing that $T$ is a tree, which of the following sentences is false?",Basic,$T$ has $m$ edges and $m-1$ vertices.,$T$ is connected and contains no cycles.,There is precisely one path between any two vertices of $T$.,$T$ is a bipartite graph if it has at least two vertices.,,,2019-05-08 04:19:51+00,1,2019-05-14 03:22:29+00,61,3,2,1
582,64,"",22,,Which of the following is an example of a Hamiltonian family of graphs?,Advanced,$K_n$ with $n \geq 3$.,"$K_{m,n}$ with $m,\;n\geq 1$.",All 3-regular graphs.,All bipartite graphs.,,,2019-05-08 04:21:41+00,1,2019-05-14 03:22:46+00,61,4,4,1
583,64,"",22,,The length of a walk is the number of edges in it. A graph $G$ is bipartite if and only if:,Advanced,"There are two disjoint non-empty vertex subsets, $V_1$ and $V_2$ such that each edge joins a vertex in $V_1$ to a vertex in $V_2$.",There are no cycles of even length.,$G$ admits a partition on the vertex set.,There are no paths of odd length.,,,2019-05-08 04:22:36+00,1,2019-05-14 03:23:30+00,61,3,2,1
584,64,"",22,,"The incidence matrix

$\begin{pmatrix}
1 & 0 & 1 & 0 & 0 & 0 \\
1 & 1 & 0 & 0 & 0 & 0 \\	
0 & 1 & 1 & 1 & 1 & 0 \\ 
0 & 0 & 0 & 0 & 1 & 1 \\
0 & 0 & 0 & 1 & 0 & 1 
\end{pmatrix}$

represents the graph:",Basic,d.,c.,a.,b.,grafo29.jpg,jpg,2019-05-08 04:25:16+00,1,2019-07-30 18:06:05+00,64,1,1,1
589,64,"",22,,"If $G$ is a graph with $n$ vertices and $m$ edges without loops nor multiple edges, how many
edges does the complement of $G$ have?",Advanced,$\frac{n(n-1)}{2}-m$ edges.,$\frac{m(m-1)}{2}-n$ edges.,$24$ edges.,$n(n-1)-m$ edges.,,,2019-05-08 04:34:03+00,1,2019-06-07 02:58:55+00,61,4,4,1
590,39,"",4,3,Differentiate $\displaystyle{2\csc^3(x^2)}$.,Advanced,$\displaystyle \frac{dy}{dx} = -12x\cot\left(x^2\right)\csc^3\left(x^2\right)$,$\displaystyle{\frac{dy}{dx}} = 12x\cot\left(x^2\right)\csc^3\left(x^2\right)$,$\displaystyle{\frac{dy}{dx}} = -12x\cot\left(x^3\right)\csc^2\left(x^2\right)$,$\displaystyle{\frac{dy}{dx}} = -12x\csc^2\left(x^2\right)$,,,2019-05-08 05:24:49+00,1,2019-08-15 10:33:26+00,37,5,2,1
591,39,"",4,3,Differentiate $\displaystyle y=2x e^{\sin(2x)}$.,Advanced,$\displaystyle{\frac{dy}{dx}} = 4xe^{\sin(2x)}\cos(2x)+2e^{\sin(2x)}$,$\displaystyle{\frac{dy}{dx}} = 2xe^{\sin(2x)}\cos(2x)+2e^{\sin(2x)}$,$\displaystyle{\frac{dy}{dx}} = 4xe^{\sin(2x)}\cos(2x)+2e^{\sin(4x)}$,$\displaystyle \frac{dy}{dx} = 2e^{\sin(2x)}\cos(2x)$,,,2019-05-08 05:50:00+00,1,2019-08-15 10:38:33+00,37,4,2,1
592,127,"",18,8,"The trace of the matrix $A = \begin{bmatrix}
-3 & 1 \\
1 & -3 \end{bmatrix}$ is:",Basic,-6,-3,1,2,,,2019-05-09 09:32:34+00,1,2019-05-12 15:05:03+00,38,1,1,1
593,127,"",18,8," The set of eigenvalues of the matrix $A = \begin{bmatrix}
-3 & 1  \\
1 & -3 \\
\end{bmatrix}$ is:",Basic,"$\left\{-4, -2\right\}$","$\left\{4, 2\right\}$","$\left\{-2,  1\right\}$","$\left\{-4,  4\right\}$",,,2019-05-09 09:36:11+00,1,2019-05-12 15:07:25+00,38,3,1,1
594,127,"",18,8,"The spectral radius of the matrix  $A = \begin{bmatrix}
-3 &  1 \\
1 & -3 \end{bmatrix}$ is:",Basic,4,2,-2,6,,,2019-05-09 09:38:44+00,1,2019-05-12 15:08:26+00,38,4,4,1
595,127,"",18,8,"Which of the following vectors is an eigenvector of the matrix $A = \begin{bmatrix}
-3 & 1 \\
1 & -3 \end{bmatrix}$?",Basic,"$\begin{bmatrix}
1 \\
1
\end{bmatrix}$
"," $\begin{bmatrix}
1 \\
2 \end{bmatrix}$"," $\begin{bmatrix}
-1 \\
0 \end{bmatrix}$"," $\begin{bmatrix}
0 \\
-1 \end{bmatrix}$",,,2019-05-09 09:41:58+00,1,2019-07-27 17:39:10+00,64,3,2,1
596,127,"",18,8,"The trace of the matrix  $A = \begin{bmatrix}
0 & -1 \\
2 & 3 \\
\end{bmatrix}$ is:",Basic,3,1,4,6,,,2019-05-09 09:45:33+00,1,2019-05-12 15:11:40+00,38,2,1,1
597,127,"",18,8,"The eigenvalues of the matrix $A = \begin{bmatrix}
0 & -1 \\
2 & 3 \end{bmatrix}$ are given by the set:",Basic,"$\left\{1, 2\right\}$ ","$\left\{2, 3\right\}$ "," $\left\{-1, 2\right\}$","$\left\{0, 3\right\}$",,,2019-05-09 09:47:40+00,1,2019-05-12 15:12:30+00,38,3,1,1
598,38,"",5,6,"Evaluate $\displaystyle\iint\limits_D 4x+2\,dA$, where, D is the region enclosed by $\displaystyle\ y=x^2 $ and $\displaystyle y=2x$.",Basic,$\displaystyle 8  $,$\displaystyle 0  $,$\displaystyle 1  $,$\displaystyle 16  $,,,2019-05-09 09:58:44+00,1,2019-05-09 10:55:01+00,38,1,2,1
599,38,"",5,6,Find $\displaystyle\iint\limits_D  3x+4y^2 dA$ in the upper half of the plane ($\displaystyle y \geq 0$) and between the curves $\displaystyle x^2+y^2=1$ and $\displaystyle x^2+y^2=4$,Advanced,"$\displaystyle \frac{15\pi}{2}$ 
","$\displaystyle \frac{22\pi}{3}$ 
","$\displaystyle \frac{16\pi}{2}$
",$\displaystyle \pi$,,,2019-05-09 10:03:58+00,1,2019-05-09 10:54:40+00,38,4,1,1
600,38,"",5,6,"Find  $\displaystyle\iint\limits_D x(y-1)\,dA$ where D is bounded by $\displaystyle y = 4 - {x}^{2} $and $\displaystyle y =  {x}^{2}-4 $.",Basic,$\displaystyle 0$,$\displaystyle 3$,$\displaystyle\frac{1}{2}(-2-\operatorname{e})$,$\displaystyle\frac{2}{5}$,,,2019-05-09 10:12:02+00,1,2019-05-09 10:54:14+00,38,3,3,1
601,127,"",18,8,"Consider the matrix  $A = \begin{bmatrix}
0 & -1 \\
2 & 3 \end{bmatrix}$. 

Which of the following vectors is an eigenvector of $A$?",Basic,"$\begin{bmatrix}
-1 \\
1 \end{bmatrix}$","$\begin{bmatrix}
-1 \\
0 \end{bmatrix}$","$\begin{bmatrix}
0 \\
1 \end{bmatrix}$","$\begin{bmatrix}
1 \\
2 \end{bmatrix}$",,,2019-05-09 10:22:19+00,1,2019-05-12 15:15:25+00,38,3,2,1
602,127,"",18,8,"A real matrix $A$ of dimension $2 \times 2$, whose set of eigenvalues is $\left\{-2, 3\right\}$, has determinant: ",Basic,-6,-2,1,3,,,2019-05-09 10:24:04+00,1,2019-05-12 15:16:37+00,38,5,2,1
603,127,"",18,8,"The trace of the matrix $A = \begin{bmatrix}
2 & 0 & 0 \\
3 & -1 & 0 \\
0 & 4 & 3 \\
\end{bmatrix}$ is:",Basic,4,1,5,6,,,2019-05-09 10:27:39+00,1,2019-05-12 15:17:54+00,38,1,1,1
604,127,"",18,8,"The set of eigenvalues of the matrix $A = \begin{bmatrix}
2 & 0 & 0 \\
3 & -1 & 0 \\
0 & 4 & 3 \end{bmatrix}$ is:",Basic,"$\left\{-1, 2, 3\right\}$ ","$\left\{-1, 2, 4\right\}$","$\left\{-1, 0, 3\right\}$","$\left\{2, 3, 4\right\}$ ",,,2019-05-09 10:30:17+00,1,2019-05-12 15:18:24+00,38,3,1,1
607,127,"",18,8,"Given the matrix $A = \begin{bmatrix}
2 & 0 & 0 \\
3 & -1 & 0 \\
0 & 4 & 3 \end{bmatrix}$, which of the following vectors is an eigenvector of $A$?",Basic,"$\begin{bmatrix}
0 \\
0 \\
1 \end{bmatrix}$  ","$\begin{bmatrix}
1 \\
0 \\
1 \end{bmatrix}$  ","$\begin{bmatrix}
0 \\
1 \\
0 \end{bmatrix}$  ","$\begin{bmatrix}
1 \\
0 \\
0 \end{bmatrix}$  ",,,2019-05-09 10:39:01+00,1,2019-06-27 10:20:47+00,64,3,3,1
608,127,"",18,8,"The trace of the matrix $A = \begin{bmatrix}
2 & 2 & 3 \\
1 & 2 & 1 \\
2 & -2 & 1 \end{bmatrix}$ is:",Basic,5,-2,1,7,,,2019-05-09 10:39:54+00,1,2019-06-27 10:21:58+00,64,1,1,1
609,38,"",5,6,"Convert to polar form $\displaystyle\iint\limits_D 3-y\, dA$ where, the region $D$ is bounded by a circle with radius 1.",Basic,"$\displaystyle \int_{0}^{2\pi}\int_{0}^{1}3\rho-\rho^2\sin{\theta}\,d\rho d\theta$","$\displaystyle \int_{0}^{2\pi}\int_{0}^{1}3-\rho\sin{\theta}\,d\rho d\theta$ 
","$\displaystyle \int_{0}^{2\pi}\int_{0}^{1}3\rho+\rho^2\sin{\theta}\,d\rho d\theta$ 
","$\displaystyle \int_{0}^{2\pi}\int_{0}^{1}3+\rho\sin{\theta}\,d\rho d\theta$",,,2019-05-09 10:41:46+00,1,2019-05-09 10:53:51+00,38,2,2,1
610,127,"",18,8,"The set of eigenvalues of the matrix $A = \begin{bmatrix}
2 & 2 & 3 \\
1 & 2 & 1 \\
2 & -2 & 1 \end{bmatrix}$ is: ",Advanced,"$\left\{-1, 2, 4\right\}$ "," $\left\{ 1, 0, 5\right\}$"," $\left\{ 1, 2, 3\right\}$"," $\left\{-2, 1, 2\right\}$ ",,,2019-05-09 10:43:00+00,1,2019-07-27 17:40:27+00,64,3,1,1
611,50,"",7,2,"Simplify:

$(x+y) +(3x-y)$


",Basic,$4x$,$4x+y$,$2x-y$,$2x$,,,2019-05-10 04:19:39+00,1,2019-09-08 16:46:48+00,37,1,4,1
612,50,"",7,2,"Simplify:

$(x^2 +3x +5) +(x-2)^2$",Basic,$2x^2 -x+9$,$2x^2-x+1$,$2x^2 +3x +9$,$x^4 +3x+9$,,,2019-05-10 04:22:24+00,1,2019-09-08 16:47:21+00,37,1,4,1
613,50,"",7,2,"Simplify:

$(x+y)(x^2 -xy+y^2)$",Basic,$x^3 +y^3$,$x^3 +2x^2y +xy^2 +y^3$,$x^2 +y^2$,$x-xy+y$,,,2019-05-10 04:25:19+00,1,2019-09-08 16:48:07+00,37,1,4,1
614,50,"",7,2,"Simplify:

$\dfrac{(3x +4x)(5x-x)}{(6x-7x)}$",Basic,$-28x$,$-28$,$-x$,$-13$,,,2019-05-10 04:39:12+00,1,2019-09-08 16:49:26+00,37,1,4,1
615,50,"",7,2,"Simplify:

$\dfrac{(y^4 )(y^{-2})}{y^{-3}}$",Advanced,$y^5$,$y^{-5}$,$y^{-1}$,$y$,,,2019-05-10 04:46:29+00,1,2019-09-08 16:50:35+00,37,2,3,1
616,127,"",18,8,"Knowing that -1 is an eigenvalue of the matrix $A = \begin{bmatrix}
2 & 2 & 3 \\
1 & 2 & 1 \\
2 & -2 & 1 \end{bmatrix}$, which of the following is an eigenvector associated with the eigenvalue -1?",Basic,"$\begin{bmatrix}
1  \\ 
0 \\
-1 \end{bmatrix}$","$\begin{bmatrix}
-1  \\ 
0 \\
-1 \end{bmatrix}$","$\begin{bmatrix}
-1  \\ 
0 \\
1 \end{bmatrix}$","$\begin{bmatrix}
1  \\ 
1 \\
1 \end{bmatrix}$",,,2019-05-10 09:45:01+00,1,2019-07-27 17:41:03+00,64,3,1,1
617,127,"",18,8,"The determinant of a real matrix $A$ of dimension $3 \times 3$, whose eigenvalues are given by the set $\left\{0, 2, 3\right\}$, is:",Basic,$0$,2,3,6,,,2019-05-10 09:48:37+00,1,2019-07-27 17:41:27+00,64,5,4,1
618,127,"",18,8,"Which of the following matrices is similar to $A = \begin{bmatrix}
0 & 2 & 2 \\
2 & 0 & 2 \\
2 & 2 & 0 \end{bmatrix}$? ",Advanced," $\begin{bmatrix}
-2 & 0 & 0 \\
0 & -2 & 0 \\
0 & 0 & 4 \end{bmatrix}$","$\begin{bmatrix}
0 & 0 & 4 \\
0 & -2 & 0 \\
-2 & 0 & 0 \end{bmatrix}$","$\begin{bmatrix}
-2 & 2 & 2 \\
2 & 4 & 2 \\
2 & 2 & -2 \end{bmatrix}$"," $\\begin{bmatrix}
0 & -2 & 0 \\
0 & 0 & -2 \\
4 & 0 & 0 \end{bmatrix}$",,,2019-05-10 09:51:18+00,1,2019-07-27 17:41:59+00,64,5,4,1
619,127,"",18,8,"The spectral radius of the matrix $A = \begin{bmatrix}
2 & 0 & 0 \\
3 & -1 & 0 \\
0 & 4 & 3 \end{bmatrix}$ is:",Basic,3,6,1,2,,,2019-05-10 09:52:27+00,1,2019-06-27 10:26:42+00,64,3,3,1
620,127,"",18,8,"The characteristic polynomial of the matrix $A = \begin{bmatrix}
2 & 0 & 0 \\
3 & -1 & 0 \\
0 & 4 & 3 \end{bmatrix}$ is:",Advanced,$\lambda^3 - 4\lambda^2 + \lambda + 6$ ,$2\lambda^3 - \lambda^2 + 3\lambda$,$2\lambda^2 - \lambda + 3$,$4\lambda^3 - \lambda^2 + 3\lambda + 2$,,,2019-05-10 09:54:40+00,1,2019-07-27 17:43:03+00,64,3,1,1
621,127,"",18,8,"The characteristic polynomial of the matrix $A = \begin{bmatrix}
1 & 2 & -1 \\
1 & 0 & 1 \\
4 & -4 & 5 \end{bmatrix}$ is:",Advanced,$\lambda^3 - 6\lambda^2 + 11\lambda - 6$ ,$\lambda^3 + 6\lambda^2 + 11\lambda + 6$,$\lambda^3 + 5\lambda^2 - \lambda +4$,$\lambda^3 + 5\lambda + 4$ ,,,2019-05-10 09:57:45+00,1,2019-07-27 17:43:49+00,64,2,2,1
622,127,"",18,8,"Knowing that the eigenvalues of the matrix $A$ of dimension $2 \times 2$ are 1 and 2, which of the following sets contain the eigenvalues of $A^{-1}$ (the inverse matrix of $A$)?",Basic,"$\left\{1, \frac{1}{2} \right\}$"," $\left\{-1, 2\right\}$","$\left\{-2, -1\right\}$","$\left\{0, 1\right\}$",,,2019-05-10 10:00:43+00,1,2019-07-27 17:44:38+00,64,3,2,1
623,127,"",18,8,"Knowing that the spectral radius of a real matrix $A$ of dimension $4 \times 4$ is $4$, which is the eigenvalue of $A^{-1}$ (the inverse matrix of $A$) with the smallest magnitude?",Advanced, $\frac{1}{4}$ , $\frac{1}{2}$, $1$,$2$,,,2019-05-10 10:03:53+00,1,2019-06-27 10:31:16+00,64,3,2,1
624,127,"",18,8,"Knowing that the eigenvalue with smallest magnitude of the real matrix $A$ of dimension $3 \times 3$ is $\frac{1}{3}$, which is the  eigenvalue of $A^{-1}$ (the inverse matrix of $A$) with the largest magnitude?",Advanced,$3$ ,$0$ , $1$, $4$,,,2019-05-10 10:05:59+00,1,2019-06-27 10:31:32+00,64,3,2,1
625,127,"",18,8,"Let $-1$, $1$ and $2$ be the eigenvalues of a real $3 \times 3$ matrix, $A$.

Which of the following sets contains the eigenvalues of $A-2I$, where $I$ denotes the identity matrix?",Advanced,"$\left\{-3, -1, 0\right\}$"," $\left\{0, 1, 2\right\}$"," $\left\{1, 3, 4\right\}$","$\left\{-1, 1, 2\right\}$",,,2019-05-10 10:08:55+00,1,2019-07-27 17:45:51+00,64,4,4,1
626,127,"",18,8,"Consider the set $\{-2,~ 2,~ 5\}$ of eigenvalues of the real $3 \times 3$ matrix $A+3I$, where $I$ denotes the identity matrix. 

Indicate the set corresponding to the eigenvalues of $A$.",Advanced," $\{-5, -1, 2\}$","$\{0, 1, 3\}$"," $\{1, 5, 8\}$","$\{-2, 2, 5\}$",,,2019-05-10 10:11:17+00,1,2019-07-27 17:46:41+00,64,4,4,1
627,127,"",18,8,"Knowing that the characteristic polynomial of a real $2 \times 2$ matrix $A$ is $\lambda^2 - 5\lambda + 6$, which of the following sets contains the eigenvalues of $A$?",Advanced," $\left\{2,~ 3\right\}$"," $\left\{-2,~ 5\right\}$","$\left\{-5,~ 6\right\}$"," $\left\{1,~ 6\right\}$",,,2019-05-10 10:13:28+00,1,2019-07-27 17:47:29+00,64,2,2,1
628,127,"",18,8,"Knowing that the characteristic polynomial of a real $3 \times 3$ matrix $A$ is $\lambda^3 -5\lambda^2 + 2\lambda + 8$, indicate the set corresponding to the eigenvalues of $A$.",Advanced," $\{-1, 2, 4\}$","$\{-2, 1, 3 \}$ ","$\{-5, 1, 2\}$"," $\{-5, 2, 8\}$",,,2019-05-10 10:16:54+00,1,2019-07-27 17:48:21+00,64,3,3,1
872,61,"",16,,"Find the solution of the Cauchy problem $y'''-y''=x$ knowing that $y(1)=1, y'(1)=0,$ and $y''(1)=-1$.",Basic,$y=e^{x-1}-\frac{1}{6}(x^3+3x^2-3x-1)$.,$y=\frac{1}{2}+\frac{x^3}{2}-x^4+e^{x-1}$.,$y=2x+e^{x-1}-\frac{1}{2}(x^3+3x^2)$.,$y=\frac{1}{5}-\frac{1}{6}(x^3+3x^2)$.,,,2019-07-14 04:09:04+00,1,2019-09-11 10:02:41+00,38,4,1,1
629,127,"",18,8,Which of the following matrices has a pair of orthogonal eigenvectors?,Basic,"$\begin{bmatrix}
-1 & 1  \\
1 & -3 \end{bmatrix}$ "," $\begin{bmatrix}
-3 & -1  \\
1 & -3 \end{bmatrix}$ "," $\begin{bmatrix}
-3 & 1  \\
0 & -3 \end{bmatrix}$ ","$\begin{bmatrix}
-1 & 1  \\
0 & -3 \end{bmatrix}$ ",,,2019-05-10 10:19:24+00,1,2019-06-27 10:34:49+00,64,4,1,1
630,127,"",18,8,Which of the following matrices has orthogonal eigenvectors?,Basic," $\begin{bmatrix}
1 & 2 & 3 \\
2 & 4 & 4  \\
3 & 4 & 5 \end{bmatrix}$"," $\begin{bmatrix}
3 & 2 & 1 \\
2 & 0 & -3 \\
-1 & -3 & 3 \end{bmatrix}$ "," $\begin{bmatrix}
-3 & -1 & -3 \\
2 & -3 & -1 \\
1 & 2 & -3 \end{bmatrix}$ "," $\begin{bmatrix}
-3 & -1 & -3 \\
1 & -3 & 1 \\
1 & -3 & 1 \end{bmatrix}$ ",,,2019-05-10 10:22:07+00,1,2019-06-27 10:34:55+00,64,4,2,1
631,38,"",5,6,"Convert to polar coordinates $\displaystyle\iint\limits_D xy\, dA$, with  $\displaystyle D= \{(x,y)\in\mathbb{R}^2 | 0\leq x \leq 1\ \land 0 \leq y \leq x \}$.",Advanced,"$\displaystyle \int_{0}^{\frac{\pi}{4}} \int_{0}^{\frac{1}{\cos(\theta)}} \rho^3\sin(\theta)\cos(\theta)\,  d\rho d\theta$
","$\displaystyle \int_{0}^{\frac{\pi}{4}} \int_{0}^{\frac{1}{\cos(\theta)}} \rho^2\sin(\theta)\cos(\theta)\, d\rho d\theta$ 
","$\displaystyle \int_{0}^{\frac{\pi}{4}} \int_{0}^{1} \rho^3\sin(\theta)\cos(\theta)\, d\rho d\theta$ 
","$\displaystyle \int_{0}^{\frac{\pi}{4}} \int_{0}^{1} \rho^2\sin(\theta)\cos(\theta)\, d\rho d\theta$",,,2019-05-10 12:29:35+00,1,2019-05-10 12:42:34+00,38,4,1,1
632,38,"",5,6,"Find $\displaystyle \int_{0}^{\frac{\pi}{4}} \int_{0}^{\frac{1}{\cos(\theta)}} \rho^3\sin(\theta)\cos(\theta)\, d\rho d\theta$.",Basic,"$\displaystyle \frac{1}{8}$
","$\displaystyle \frac{1}{4}$
","$\displaystyle \frac{1}{2}$
",$\displaystyle 1$,,,2019-05-10 12:35:51+00,1,2019-05-10 12:38:47+00,38,1,2,1
633,52,"",18,7,"Find $a$ such that the matrix $\left( \begin{array}{rrr}
1 & 2 & 3 \\ 
4 & 5 & 6 \\ 
3 & 2 & a \end{array}
\right)$ is singular.",Advanced,$1$,$-1$,$0$,$3$,,,2019-05-12 03:13:14+00,1,2019-05-12 03:33:19+00,52,5,4,1
634,52,"",18,7,"Find $x$ and $y$ such that $\left( \begin{array}{rr}
-2 & 1 \\ 
3 & -4 \end{array}
\right)\left( \begin{array}{rr}
x & 2 \\ 
1 & y \end{array}
\right)=\left( \begin{array}{rr}
-3 & 1 \\ 
2 & -14 \end{array}
\right)$. ",Basic,"$x=2,y=5$","$x=5,y=-1$","$x=2,y=0$","$x=1,y=-5$",,,2019-05-12 03:14:52+00,1,2019-05-12 03:33:33+00,52,1,2,1
635,52,"",18,7,"Compute the determinant of $\left( 
  \begin{array}{rrrrrr}
1 & -1 & 2 & 3 & -1 & 2 \\ 
0 & 1 & 3 & -1 & 2 & 3 \\
0 & 0 & 1 & -1 & 2 & 3 \\
0 & 0 & 0 & 1 & -1 & 2 \\
0 & 0 & 0 & 0 & 1 & 3 \\
0 & 0 & 0 & 0 & 0 & 1 \end{array} \right)$.",Basic,$1$,$0$,$3$,undefined,,,2019-05-12 03:16:10+00,1,2019-05-12 03:33:44+00,52,1,2,1
636,52,"",18,7,It is possible to compute $A \cdot B $ if,Basic,"matrices $A$ and $B$ are both diagonal and have the same number of rows
","$A$ and $B$ are both $n\times m$, $n\neq m$ matrices",the number of the rows of $A$ is equal to the columns of $B$,the number of the columns of $A$ is equal to the columns of $B$,,,2019-05-12 03:22:12+00,1,2019-09-27 01:56:01+00,37,3,1,1
637,52,"",18,7,The value of the determinant does not change if,Basic, a multiple of one row is added to another row,two rows are interchanged,a row is multiplied by $k\neq 0$,a matrix is multiplied by $k\neq 0$,,,2019-05-12 03:23:40+00,1,2019-05-12 03:34:12+00,52,4,4,1
638,52,"",18,7,"If $A\cdot B$ exists, then $B^{-1}\cdot A^{-1}$ is equal to",Advanced,${\left(A\cdot B\right)}^{-1}$,$- A\cdot B$,not defined,${\left(B\cdot A\right)}^{-1}$,,,2019-05-12 03:25:14+00,1,2019-05-12 03:34:21+00,52,5,3,1
639,52,"",18,7,"If $A$ is a $5\times 5$ matrix with determinant $3$, then the determinant of $A^{-1}$ is",Basic,$\frac{1}{3}$,$\frac{5}{3}$,$0$,$-3$,,,2019-05-12 03:26:29+00,1,2019-05-12 03:36:40+00,52,4,2,1
640,52,"",18,7,"If $A$ is a $4\times 4\ $matrix with determinant $-5$ and $B$ is a $4\times 4$ matrix with determinant $2$, then the determinant of $B\cdot A$ is  ",Basic,$-10$,$-\frac{1}{10}$,insufficient information to solve,$0$,,,2019-05-12 03:27:40+00,1,2019-05-12 03:36:32+00,52,4,1,1
641,52,"",18,7,"Compute the rank of $A$, $n\times n\ $, $n\neq 0$ a non-singular matrix.",Basic,$n$,insufficient information to solve,it can be any value less than $n$,$n-1$,,,2019-05-12 03:28:37+00,1,2019-05-12 03:36:12+00,52,4,4,1
642,52,"",18,7,It is possible to compute $B \cdot A $ if,Basic,the matrices are both square matrices of the same order,the number of the columns of $A$ is equal to the number of the rows of $B$,the matrices are both symmetric,the matrices are both non-singular,,,2019-05-12 03:29:54+00,1,2019-05-12 03:34:32+00,52,4,4,1
643,52,"",18,7,"Consider $A=\left( \begin{array}{rr}
1 & 1 \\ 
0 & 1 \end{array}
\right)$ and  $B=\left( \begin{array}{rr}
a & b \\ 
c & d \end{array}
\right)$. If $A$ commutes with $B$, (AB = BA) then which of the following statements is correct?",Basic,$c=0$ and $a=d$,"any non-zero values of $a$, $b$, $c$, $d$",$b=c$ and $a=d$,$c=0$,,,2019-05-12 03:38:06+00,1,2019-06-04 04:43:49+00,67,4,3,1
644,52,"",18,7,"Determine the values of a real number $b$ such that the matrix $B=\left( \begin{array}{rrr}
9 & 0 & b \\ 
9 & 1 & 0 \\ 
0 & 4b & b+1 \end{array} \right)$ is singular.",Basic,such value is not possible,$0$,$1$ and $-1$,$9$,,,2019-05-12 03:42:04+00,1,2019-06-23 09:15:46+00,52,3,1,1
645,52,"",18,7,Which matrix has linearly dependent rows?,Basic,"$\left( \begin{array}{rrrr}
3  & 6 & 6 & -12\\ 
2 & 4 & 4 & -8\\
-6  & -18 & -18 & 0\end{array}
\right)$ ","$\left( \begin{array}{rrrr} 
3  & 3 & 3 & -12\\ 
4 & 4 & 4 & -8\\
6  & 4 & 4 & 0\end{array}
\right)$","$\left( \begin{array}{rrrr}  
0  & 1 & 1 & -4\\ 
2 & 0 & 2 & -4\\
1  & 4 & 4 & 0\end{array}
\right)$",identity matrix,,,2019-05-12 03:43:12+00,1,2019-06-04 04:51:19+00,67,2,1,1
646,52,"",18,7,"Suppose that $A=\left( \begin{array}{rrr}  
-2  & -1 & 1 \\ 
0 & 1 & 2\\
2  & 1 & -2\end{array}
\right)$, $B=\left( \begin{array}{rrr}  
4  & 1 & 0\end{array}
\right)$, and $C=\left( \begin{array}{rrr}  
0  & 3 & -1\end{array}
\right)$. Find $X$ if $X\cdot A-B=C$.",Basic,"$\left( \begin{array}{rrr}  
1  & 2 & 3\end{array}
\right)$","$\left( \begin{array}{rrr}  
-2  & 0 & -1\end{array}
\right)$","$\left( \begin{array}{rrr}  
4  & 4 & -1\end{array}
\right)$",given operation is not valid,,,2019-05-12 03:44:11+00,1,2019-06-04 04:51:37+00,67,3,1,1
647,52,"",18,7,Which of the following statements is correct?,Basic, Matrix multiplication is always commutative if both matrices are diagonal matrices,Matrix multiplication is always commutative if both matrices are symmetric matrices,Matrix multiplication is not always commutative if one matrix is the identity matrix,none of the options given are correct,,,2019-05-12 03:45:00+00,1,2019-06-04 04:52:07+00,67,4,4,1
855,127,"",18,8,"The matrix $A = \begin{bmatrix}
   1 &   0  \\
   0 &  2 \end{bmatrix}$ is similar to the matrix:",Advanced,"$\begin{bmatrix}
0 & -1 \\
2 & 3 \end{bmatrix}$","$\begin{bmatrix}
0 & 1 \\
2 & 0 \end{bmatrix}$","$\begin{bmatrix}
-1 & 2 \\
3 & 0 \end{bmatrix}$","$\begin{bmatrix}
1 & 1 \\
2 & 3 \end{bmatrix}$",,,2019-07-10 03:52:34+00,1,2019-07-27 17:52:36+00,64,4,4,1
648,52,"",18,7,"Consider the following statements: 
S1:  If $A$ is a $4 \times 4$ matrix such that $\mathrm{det}=-2$, then $\mathrm{det} \left( 2 A^T A^{-1} \right)=16$; 
S2: Let $A$ be an $m \times n$ matrix. If the equation $A\textbf{x}=\textbf{0}$ has only the trivial solution $x \in \mathbb{R}^n$, then the columns of $A$ are linearly independent.",Advanced,S1 and S2 are both true,"S1 is true, S2 is false","S1 is false, S2 is true",S1 and S2 are both false,,,2019-05-12 03:46:01+00,1,2019-06-04 04:52:21+00,67,5,3,1
650,52,"",18,7,"Let $M=\left( \begin{array}{rrr}  
1  & 0 & 2 \\ 
-1 & 1 & 0\\
0  & 2 & 1\end{array}
\right)$ and $f(x)=x^2-2x+3$. Find $f(M).$",Basic,"$\left( \begin{array}{rrr}  
2  & 4 & 0 \\ 
0 & 2 & -2\\
-2  & 0 & 2\end{array}
\right)$","$\left( \begin{array}{rrr}  
2  & 7 & 3 \\ 
3 & 2 & 1\\
1  & 3 & 2\end{array}
\right)$","$\left( \begin{array}{rrr}  
-1  & 4 & 0 \\ 
0 & -1 & -2\\
-2  & 0 & -1\end{array}
\right)$",none of options given are correct,,,2019-05-12 03:47:04+00,1,2019-06-04 04:52:46+00,67,3,1,1
651,52,"",18,7,"Let $A=\left( \begin{array}{rrr}
1 & -1 & 0 \\ 
0 & 1 & 1 \end{array}
\right)$  and $C=\left( \begin{array}{rr}
1  & 0 \\ 
2 & -1 \\
0  & 1 \end{array}
\right)$. Which of the following statements is correct?",Basic," $\left( A\cdot C\right)\left( A\cdot C\right)^T= \left( \begin{array}{rr}
2 & -2 \\ 
-2 & 4 \end{array}
\right)$ ","$ A^T \left( 2 \; C^T \right)= \left( \begin{array}{rrr}
2 & 4 & 0\\ 
1 & -2 & 0\\ 
0 & -2 & 2\end{array}
\right)$","$2 \left( A \cdot  C \right)^T= \left( \begin{array}{rr}
2 & 4  \\
0 & -2\end{array}
\right)$","$\left( A \cdot  C \right) A= \left( \begin{array}{rr}
-1 & 2  \\
2 & -2  \\
1 & 0\end{array}
\right)$",,,2019-05-12 03:48:25+00,1,2019-06-04 04:55:31+00,67,2,1,1
652,52,"",18,7,"Find the rank of the matrix  $\left( \begin{array}{rrr}  
-1  & z & 2 \\ 
1 & -1 & 1\\
z  & -1 & 1\end{array}
\right)$, where $z$ is a real number.",Basic,the rank depends on the value of $z$,insufficient information to determine the rank,$3$,$2$,,,2019-05-12 03:49:15+00,1,2019-06-04 04:55:13+00,67,3,1,1
653,52,"",18,7,"Find the real values of $m$ for which the following set of vectors $V=\left( \begin{array}{r}  
1\\ 
2 \\
m \end{array}
\right)$, $Z=\left( \begin{array}{r}  
1\\ 
-1 \\
m \end{array}
\right)$, and
$W=\left( \begin{array}{r}  
3\\ 
m+2 \\
1 \end{array}
\right)$ is linearly independent.",Basic,any $m$ except $ -\frac{1}{3}$,any $m$,$0$, $-1$,,,2019-05-12 03:50:39+00,1,2019-06-04 04:55:56+00,67,4,3,1
654,38,"",5,6,Find $\displaystyle\int_{}\int_{D}{y}^{2}+3{x} \: dA$ where $D$ is the region in the 3$^{rd}$  quadrant between $\displaystyle x^2+y^2=1$ and $\displaystyle x^2+y^2=9$.,Advanced,"$5{\pi}-26$
","${\pi}$
",$4$,$0$,,,2019-05-12 14:47:13+00,1,2019-05-12 15:00:39+00,38,5,1,1
655,38,"",5,6,Convert to polar coordinates and find $\displaystyle\int_{0}^{3}\int_{-\sqrt{9-{x}^{2}}}^{\sqrt{9-{x}^{2}}} {x}^{3}+{x}{y}^{2}\:dydx$.,Advanced,"$\dfrac{486}{5}$
","$\dfrac{300}{7}$
","$\dfrac{4}{3}$
",$\dfrac{1}{3}$,,,2019-05-12 14:51:16+00,1,2019-05-12 15:00:16+00,38,5,1,1
656,38,"",5,6,Determine the value of the area of the region bounded by the parabolas $\displaystyle y = 2x^2$ and  $\displaystyle y = 1+x^2$.,Basic,$ \dfrac{4}{3}$,$\displaystyle \frac{5}{3}$,"$\displaystyle 2$
",$\displaystyle \frac{2}{3}$,,,2019-05-12 14:59:08+00,1,2019-05-12 14:59:46+00,38,3,3,1
657,39,"",4,3,Differentiate $\displaystyle{y=x^2\cos(x)\sin(2x)}$.,Basic,$\displaystyle{\frac{dy}{dx}} = {-x^2\sin(x)\sin(2x)+2x\cos(x)\sin(2x)+2x^2\cos(x)\cos(2x)}$,$\displaystyle{\frac{dy}{dx}} = {x^2\sin(x)\sin(2x)+2x\cos(x)\sin(2x)+2x^2\cos(x)\cos(2x)}$,$\displaystyle{\frac{dy}{dx}} = {-x^2\sin(x)\sin(x)+2x\cos(x)\sin(x)+2x^2\cos(x)\cos(2x)}$,$\displaystyle{\frac{dy}{dx}} = {-x^2\sin(x)\sin(2x)+2x\cos(2x)\sin(2x)+2x^2\cos(2x)\cos(2x)}$,,,2019-05-13 04:06:42+00,1,2019-08-16 09:37:00+00,37,3,3,1
658,39,"",4,3,Differentiate $\displaystyle{y=3e^x-2^x+4x^2}$.,Basic,$\displaystyle{\frac{dy}{dx}} = {3e^x-2^x\ln(2)+8x}$,$\displaystyle{\frac{dy}{dx}} = {3e^x+2^x\ln(2)+8x}$,$\displaystyle{\frac{dy}{dx}} = {3e^x-2^x\ln(2)-8x}$,$\displaystyle{\frac{dy}{dx}} = {3e^x-2^x+8x}$,,,2019-05-13 04:19:06+00,1,2019-08-15 10:44:59+00,37,4,4,1
659,39,"",4,3,Differentiate $\displaystyle{y=4e^{\tan(3x)}}$.,Advanced,$\displaystyle{\frac{dy}{dx}} = {12e^{\tan(3x)}\sec^2(3x)}$,$\displaystyle{\frac{dy}{dx}} = {4e^{\tan(3x)}\sec^2(3x)}$,$\displaystyle{\frac{dy}{dx}} = {12e^{\tan(3x)}\sec{3x}}$,$\displaystyle{\frac{dy}{dx}} = {4e^{\tan(3x)}\sec^2(3x)}$,,,2019-05-13 04:43:32+00,1,2019-08-15 10:48:02+00,37,3,3,1
660,39,"",4,3,Differentiate $\displaystyle{y=\frac{4^x}{4^x+2}}$.,Advanced,$\displaystyle{\frac{dy}{dx}} = {2\frac{4^x\ln(4)}{(4^x+2)^2}}$,$\displaystyle{\frac{dy}{dx}} = {\frac{\ln(4) 4^x(4^x+2)-\ln(4) 4^{2x}}{(4^x+2)}}$,$\displaystyle{\frac{dy}{dx}} = {\frac{\ln(4)(4^x+2)-\ln(4) 4^{2x}}{(4^x+2)^2}}$,$\displaystyle{\frac{dy}{dx}} = \frac{\ln(4)4^x}{\ln(4)4^x+2}$,,,2019-05-13 07:02:08+00,1,2019-08-15 11:00:57+00,37,4,2,1
661,39,"",4,3,Differentiate $\displaystyle{e^{3x}\cos(x)}$.,Basic,$\displaystyle{\frac{dy}{dx}} = {3e^{3x}\cos(x)-e^{3x}\sin(x)}$,$\displaystyle{\frac{dy}{dx}} = {3e^{3x}\cos(x)+e^{3x}\sin(x)}$,$\displaystyle{\frac{dy}{dx}} = {3e^{3x}\cos(x)+e^{3x}\cos(x)}$,$\displaystyle{\frac{dy}{dx}} = {3e^{3x}\cos(x)-e^{3x}\cos(x)}$,,,2019-05-13 07:33:43+00,1,2019-08-16 08:59:46+00,37,3,4,1
662,50,"",7,2,"Simplify:

$\dfrac{(7x^{-3})(5x^2)}{5x^{-4}}$",Advanced,$7x^3$,$7x^{-5}$,$7x^{-2}$,$7x^{-3}$,,,2019-05-14 08:56:08+00,1,2019-09-08 16:52:46+00,37,2,3,1
663,50,"",7,2,"Simplify:

$\dfrac{(x^{\frac{1}{2}})(x^{\frac{2}{5}})}{x^{\frac{1}{4}}}$",Advanced,$x^\frac{13}{20}$,$x^\frac{8}{10}$,$x^\frac{11}{20}$,$x^\frac{27}{40}$,,,2019-05-14 09:17:38+00,1,2019-09-08 16:56:23+00,37,3,2,1
664,50,"",7,2,"Simplify:

$\dfrac{(\sqrt{y^3})(\sqrt{y})}{y^{-2}}$",Advanced,$y^4$,$y^2$,$y^{-4}$,$y^{-2}$,,,2019-05-14 09:21:11+00,1,2019-09-08 16:57:56+00,37,3,2,1
665,50,"",7,2,"Consider that $F \neq0$. Solve for $C$:

$F=\dfrac{9}{5}C+32$",Basic,$C= \dfrac{5}{9}(F-32)$,$C= \dfrac{9}{5}(F-32)$,$C= \dfrac{5}{9}(F+32)$,$C= \dfrac{5}{9}(32-F)$,,,2019-05-14 09:24:47+00,1,2019-09-08 16:59:20+00,37,2,4,1
666,50,"",7,2,"Solve for $x$:

$\sqrt{ \dfrac{x}{2}}+3=5$",Basic,$x=8$,$x=32$,$x=5.56$,$x=2$,,,2019-05-14 09:27:32+00,1,2019-09-08 17:00:45+00,37,2,4,1
667,50,"",7,2,"Solve for $x$:

$\dfrac{x}{3}= \dfrac{3}{x}$",Basic,$x= \pm3$,$x=3$,$x=1$,$x=0$,,,2019-05-14 09:34:03+00,1,2019-09-08 17:02:35+00,37,2,4,1
668,50,"",7,2,"Solve for $t$:

$\dfrac {15}{3t^2}= \dfrac{2}{5}$",Basic,$t=\pm3.54$,$t=3.54$,$t=\pm0.71$,$t=0.71$,,,2019-05-14 09:48:55+00,1,2019-09-08 17:04:09+00,37,2,1,1
671,42,"",3,37,"Calculate
\[
\lim_{x\to 0^+} \frac{\sin (x)}{\sqrt{1-\cos (x)}}.
\]",Basic,$\sqrt{2}$.,$0$.,$1/\sqrt{2}$.,The limit does not exist.,,,2019-05-15 06:54:52+00,1,2019-09-26 07:09:27+00,61,3,2,1
674,42,"",3,37,"The function $f\colon\mathbb{R}\to\mathbb{R}$ defined by
\[
f(x)=
\begin{cases}
\frac{x}{e^{1/x}} & \text{if $x<0$}\\
0 & \text{if $x=0$}\\
\frac{\sin (x)}{x}-1& \text{if $x> 0$}
\end{cases}
\]
is continuous in $x_0$ if and only if",Advanced,$x_0 \in \mathbb{R}\setminus\{0\}$.,$x_0 \in \mathbb{R}$. ,"$x_0 \in (0,+\infty)$.",The function is discontinuous at every point in $\mathbb{R}$.,,,2019-05-15 06:57:52+00,1,2019-09-26 07:17:02+00,61,4,2,1
675,42,"",3,39,"Let $f$ be the function defined by
\[
f(x)=
\frac{|\sin (x)|}{\cos (x)}+\frac{\cos (x)}{|\sin (x)|}.
\]
What is the domain of $f$?",Advanced,"$\bigcup\limits_{k\in\mathbb{Z}} \bigl(\frac{\pi}{2}k,\frac{\pi}{2}(k+1)\bigr)$","$\bigcup\limits_{k\in\mathbb{Z}} \bigl(\pi k,\pi(k+1)\bigr)$",$\mathbb{R}$,$\mathbb{R}\setminus\{0\}$,,,2019-05-15 07:00:19+00,1,2019-07-31 17:47:12+00,64,4,3,1
676,42,"",3,39,"Let $f$ be the function defined by
\[
f(x)=
\log(\sin(x)).
\]
What is the domain of $f$?",Advanced,"$\bigcup\limits_{k\in \mathbb{Z}} \bigl(2k\pi ,(2k+1)\pi\bigr)$","$\bigcup\limits_{k\in\mathbb{Z}} \bigl(\pi k,\pi(k+1)\bigr)$ ","$(0,\pi)$ ","$(0,+\infty)$",,,2019-05-15 07:01:17+00,1,2019-07-31 17:47:33+00,64,3,2,1
677,42,"",3,39,"Let $f$ be the function defined by
\[
f(x)=
\frac{1}{\log(\cos (x))}.
\]
What is the domain of $f$?",Advanced,"$\bigcup\limits_{k\in\mathbb{Z}} \bigl(-\frac{\pi}{2} +2k\pi,\frac{\pi}{2} +2k\pi\bigr)\setminus\{2k\pi\}$","$\bigcup\limits_{k\in\mathbb{Z}} \bigl(-\frac{\pi}{2} +2k\pi,\frac{\pi}{2} +2k\pi\bigr)$ ","$\bigcup\limits_{k\in\mathbb{Z}} \bigl(-\frac{\pi}{2} +k\pi,\frac{\pi}{2} +k\pi\bigr)\setminus\{k\pi\}$","$\bigcup\limits_{k\in\mathbb{Z}} \bigl(-\frac{\pi}{2} +k\pi,\frac{\pi}{2} +k\pi\bigr)$",,,2019-05-15 07:02:10+00,1,2019-07-31 17:49:16+00,64,4,1,1
678,42,"",3,37,"Calculate the limit
\[
\lim_{x\to +\infty} (\sin (x) +3)^x.
\]",Basic,$+\infty$.,$0$.,$1$.,The limit does not exist.,,,2019-05-15 07:02:51+00,1,2019-09-26 07:17:14+00,61,1,1,1
679,42,"",3,37,"Calculate the limit
\[
\lim_{x\to +\infty} x^{\sin (x) +2}.
\]",Basic,$+\infty$.,$0$.,$1$.,The limit does not exist.,,,2019-05-15 07:03:29+00,1,2019-09-26 07:17:39+00,61,3,1,1
680,42,"",3,37,"Calculate the limit
\[
\lim_{x\to +\infty} x^{\sin (x) +1}.
\]",Basic,The limit does not exist.,$0$.,$1$.,$+\infty$.,,,2019-05-15 07:04:06+00,1,2019-09-26 07:18:58+00,61,5,2,1
681,42,"",3,37,"Calculate the limit
\[
\lim_{x\to +\infty} (\sin (x) +2)^x.
\]",Basic,The limit does not exist.,$+\infty$.,$0$.,$1$.,,,2019-05-15 07:04:38+00,1,2019-09-26 07:19:11+00,61,5,2,1
682,42,"",3,37,"Calculate the limit
\[
\lim_{x\to +\infty} (\sin (x))^x.
\]",Basic,The limit does not exist.,$-1$.,$0$.,$1$.,,,2019-05-15 07:05:15+00,1,2019-09-26 07:19:27+00,61,4,2,1
683,42,"",3,39,"Let $f\colon\mathbb{R}\to\mathbb{R}$ be the function defined by
\[
f(x)=x^3 + \cos (x).
\]
How many zeros does $f$ have?",Advanced,$1$.,"None, since $f$ is always positive.","None, since $f$ is always negative.",Infinitely many.,,,2019-05-15 07:06:17+00,1,2019-07-31 17:49:33+00,64,4,2,1
684,42,"",3,39,"Let $f\colon\mathbb{R}\to\mathbb{R}$ be the function defined by
\[
f(x)=1+x+x^2+\dots+x^{2019}=\sum_{k=0}^{2019} x^k.
\]
Which of these statements is correct?",Advanced,$f$ has at least one zero.,$f$ is positive everywhere.,$\lim_{x\to +\infty} \frac{f(x)}{e^x}=+\infty$.,$f$ is even or odd.,,,2019-05-15 07:08:02+00,1,2019-07-31 17:49:46+00,64,5,3,1
685,42,"",3,37,"Let $f\colon[-\pi,\pi]\setminus\{0\}\to\mathbb{R}$ be the function defined by
\[
f(x)=\frac{1+\sin(x)}{1-\cos (x)}.
\]
Which of these statements is correct?",Basic,$f$ is continuous.,$f$ is bounded above.,$f(x)>0$ for all $x$ in the domain of $f$.,the $\lim_{x\to 0}f(x)$ does not exist.,,,2019-05-15 07:09:05+00,1,2019-09-26 07:24:56+00,61,4,3,1
686,42,"",3,37,"Let $f\colon\mathbb{R}\to\mathbb{R}$ be the function defined by
\[
f(x)=\frac{1-\sin (x)}{2+\cos (x)}.
\]
Which of these statements is false?",Basic,The $\lim_{x\to 0}f(x)$ does not exist.,$f$ is bounded.,$f$ is continuous.,The $\lim_{x\to +\infty}f(x)$ does not exist.,,,2019-05-15 07:10:01+00,1,2019-09-26 07:26:44+00,61,4,2,1
687,42,"",3,37,Let $f\colon\mathbb{R}\to\mathbb{R}$ be a continuous function. Which of the following statements is false?,Advanced,If $\displaystyle{\lim_{x\to \pm \infty}}f(x)=0$ then $f$ has at least one maximum.,"If $f$ is periodic, then $f$ is bounded.",If $\lim_{x\to \pm \infty}f(x)\in\mathbb{R}$ then $f$ is bounded.,If $f(x)>0$ for every $x\in\mathbb{R}$ then $\displaystyle{\lim_{x\to + \infty}}f(x)\geq 0$.,,,2019-05-15 07:12:11+00,1,2019-09-27 04:59:04+00,61,5,3,1
688,42,"",3,37,Let $f\colon\mathbb{R}\to\mathbb{R}$ be a continuous function. Which of these statements is false?,Advanced,If $\displaystyle{\lim_{x\to \pm \infty}}f(x)\in\mathbb{R}$ then $f$ has at least one maximum.,"If $f$ is nondecreasing and $f(0)=0$, then ${\lim_{x\to + \infty}}f(x)\geq 0$.",If $f$ is monotone and periodic then it is constant.,If $f(x)\geq \frac{x}{100}$ for every $x\geq 100$ then  $\displaystyle{\lim_{x\to + \infty}}f(x)=+\infty$.,,,2019-05-15 07:13:24+00,1,2019-11-26 11:59:43+00,38,5,3,1
689,42,"",3,37,"For $\alpha\in\mathbb{R}$, let $f_\alpha(x)=e^{\frac{\alpha}{x^2}}$. 
For what values of the parameter $\alpha$ can $f_\alpha$ be extended to a continuous function defined on $\mathbb{R}$?",Basic,$\alpha\le 0$ ,$\alpha=0$,$\alpha\in\mathbb{R}$,There is no such value of $\alpha$.,,,2019-05-15 07:14:18+00,1,2019-09-27 06:47:52+00,61,5,3,1
690,42,"",7,2,"Solve the inequality:
\[
|\sin x|< x.
\]",Advanced,$x>0$,$x\in\mathbb{R}$,$x < 0$,$x \neq 0$,,,2019-05-15 07:15:01+00,1,2020-11-18 08:38:47+00,37,2,3,1
691,42,"",7,2,"Solve the inequality
\[
\frac{|\sin (x)|}{x}<1.
\]",Advanced,$x \neq 0$,$x>0$,$x\in\mathbb{R}$ ,$x < 0$ ,,,2019-05-15 07:15:38+00,1,2020-11-18 08:39:34+00,37,2,3,1
692,42,"",3,37,"For $\alpha\in\mathbb{R}$, let $\displaystyle f_\alpha(x)=\frac{|x|^\alpha}{e^\frac{1}{x}}$. For what values of the parameter $\alpha$ can $f_\alpha$ be extended to a continuous function defined on $\mathbb{R}$?",Basic,There is no such values of $\alpha$.,$\alpha>1$.,$\alpha\ge 0$.,$\alpha\le 0$.,,,2019-05-15 07:16:45+00,1,2019-09-27 06:48:59+00,61,5,3,1
693,42,"",3,37,"Calculate the limit
\[
\lim_{x\to +\infty}\,\frac{\log (x)}{\sin (x)}
\]",Advanced,The limit does not exist.,$+\infty$.,$\pm \infty$.,$0$.,,,2019-05-15 07:17:28+00,1,2019-09-27 06:45:52+00,61,4,2,1
694,42,"",3,37,"Calculate the limit
\[
\lim_{x\to +\infty}\,\dfrac{\log (x)}{\sin^2 (x)}
\]",Advanced,$+\infty$.,$\pm \infty$.,$0$.,The limit does not exist.,,,2019-05-15 07:18:23+00,1,2019-09-27 06:46:45+00,61,3,2,1
696,81,"",25,,"In $\mathbb{R}^3$, the point of intersection of the line $r$ that passes through the points $A=(1,0,-1)$ and $B=(3,2,-2)$ with the plane  $\pi: x - y + 2z = 0$ is:",Advanced,"$\left(0, -1, -\dfrac{1}{2}\right)$.","$\left(2, 3, \dfrac{1}{2}\right)$.","$\left(1, -1, 2\right)$.","$\left(3, 2, \dfrac{1}{2}\right)$.",,,2019-05-16 03:51:57+00,1,2019-11-30 15:20:19+00,38,3,3,1
697,81,"",25,,"Consider the vectors $u=(1, -1, 1)$ and $v=(2, -2, 0)$ of $\mathbb{R}^3$. The magnitude of the cross product $v\times u$ is:",Basic,$2\sqrt{2}$ and and represents the area of a parallelogram.,$8$ and represents the area of a square .,$7$ and represents the area of a triangle.,$\sqrt{8}$ and represents the area of a rectangle.,,,2019-05-16 03:54:07+00,1,2019-09-24 05:41:53+00,43,2,2,1
698,81,"",25,,"The distance from the point $P = (0, -2, 1)$ to the line $r: \dfrac{x-1}{2}= \dfrac{y+1}{3}=z$ is",Basic,$\dfrac{\sqrt{91}}{7}$.,$\dfrac{\sqrt{13}}{7}$.,$\dfrac{\sqrt{26}}{14}$.,$\dfrac{26}{\sqrt{14}}$.,,,2019-05-16 03:55:36+00,1,2019-09-24 05:46:12+00,43,4,1,1
699,81,"",25,,Consider the line $r$ which is the intersection of the planes $\pi_1: x-2y+z=1$ and $\pi_2: 2x+3y-z=0$. Choose the right answer.,Basic,"The line $r$ has the direction of the vector $w=(1, -3, -7)$.","The line $r$ has the direction of the vector $v=(1, 3, -1)$.","The line $r$ is perpendicular with $v=(1, -2, 1)$ and is collinear with $u=(2, 3, -1)$.","The line $r$ is collinear with the vectors $v=(1, -2, 1)$ and $u=(2, 3, -1)$.",,,2019-05-16 03:57:49+00,1,2019-09-24 05:48:05+00,43,5,1,1
700,81,"",25,,"Consider in the Cartesian plane the vectors $\overrightarrow{A B}=(2, 1, 0)$ and $\overrightarrow{A C}=(2, 0, 1)$. The area of the triangle $[ABC]$ is:",Basic,$2$.,$\dfrac{5}{4}$.,$\dfrac{5}{2}$.,$\dfrac{2}{5}$.,,,2019-05-16 03:59:24+00,1,2019-11-30 15:20:29+00,38,5,1,1
701,81,"",25,,"A unit vector orthogonal to $u=(3, -1, 2)$ and $v=(0, -2, 1)$ is: ",Basic,"$(\frac{-\sqrt{6}}{6}, \frac{\sqrt{6}}{6}, 2\frac{\sqrt{6}}{6})$.","$(-3, 3, 6)$.","$(\frac{-\sqrt{6}}{6}- \frac{\sqrt{6}}{6}, \frac{2\sqrt{6}}{6})$.","$(-3, -3, 6)$.",,,2019-05-16 04:02:28+00,1,2019-09-24 05:53:47+00,43,2,3,1
702,81,"",25,,"Consider, in $\mathbb{R}^3$, the plane $\pi: x+2y-z=0$ and the lines $r: x-2=-y=2-z$ and $s: \dfrac{x-1}{2}= \dfrac{y-1}{3}=\dfrac{z-3}{2}$. Choose the true statement:",Advanced,$\pi$ does not contain $s$ but contains $r$.,$\pi$ contains $r$ e $s$.,$\pi$ does not contain any of the lines $r$ and $s$.,$\pi$ does not contain $r$ but contains $s$.,,,2019-05-16 04:04:27+00,1,2019-09-24 05:56:02+00,43,4,3,1
703,81,"",25,,"Consider, in $\mathbb{R}^3$, the planes $\pi_1: x+2y-z=0 $ and $\pi_2: y-z+1=0 $. The angle between the planes $\pi_1$ and $\pi_2$ is of:  ",Basic,$\dfrac{\pi}{6}$.,$\dfrac{\pi}{3}$.,$\dfrac{\pi}{4}$.,$\dfrac{\pi}{2}$.,,,2019-05-16 04:05:34+00,1,2019-09-24 05:57:16+00,43,5,1,1
714,38,"",5,5,$\displaystyle \int (2x-3)^3-4\operatorname{e}^{4x-2}+\frac{2x}{x^2+3}\: dx$,Basic,$\displaystyle\frac{1}{8}(2x-3)^4-\operatorname{e}^{4x-2}+\ln|x^2+3|+c$,$\displaystyle\frac{1}{4}(2x-3)^4-\operatorname{e}^{4x-2}+\ln|x^2+3|+c$,$\displaystyle\frac{1}{4}(2x-3)^4-\frac{1}{4}\operatorname{e}^{4x-2}+\ln|x^2+3|+c$,$\displaystyle\frac{1}{8}(2x-3)^4-\operatorname{e}^{4x-2}+2\ln|x+3|+c$,,,2019-05-20 09:19:19+00,1,2019-09-27 06:49:53+00,61,1,1,1
716,38,"",5,6,Integrate $\displaystyle\int_{0}^{1}\int_{0}^{x} \cos({x}^2) \: dydx$,Basic,"$\frac{\sin(1)}{2}$
","$\frac{\pi}{2}$
","$\sin(1)$
",$0$,,,2019-05-31 03:58:18+00,1,2019-06-04 03:42:55+00,38,2,4,1
717,57,"",4,3,Find $y'(x)$ when $ \displaystyle y(x)= \frac{1 + x + x^2}{1 + x^3}$.,Basic,$\displaystyle y'(x)= \frac{-x^4 - 2x^3 - 3x^2 + 2x + 1}{(x^3 + 1)^2}$,$\displaystyle y'(x)=\frac{x^4 + 2x^3 - 3x^2 + 2x + 1}{(x^3 + 1)^2}$,$\displaystyle y'(x)=\frac{-x^4 - 2x^3 - 3x^2 + 2x + 1}{x^6 + 1}$,$\displaystyle y'(x)=\frac{x^4 + 3x^3 + 2x^2 - 2x - 1}{(x^3 + 1)^2}$,,,2019-05-31 08:49:48+00,1,2019-08-16 09:42:45+00,37,2,1,1
718,38,"",5,5,"Find $\displaystyle\int x\arctan \left(\sqrt{x^2-1}\right)\, dx$",Advanced,$\displaystyle \dfrac{1}{2}x^2\arctan \left(\sqrt{x^2-1}\right)-\dfrac{1}{2}\sqrt{x^2-1}+c$,$\displaystyle\dfrac{1}{2}x^2\arctan \left(x\right)+\dfrac{1}{2}\left(-\arctan \left(x\right)+x\right)+c$,$\displaystyle \ln \left|x\right|+\dfrac{3}{2x^2}-\dfrac{2}{3x^3}+c$,$\displaystyle x^2\arctan\left(\sqrt{x^2-1}\right)-\left(-\arctan \left(x\right)+\left(\sqrt{x^2-1}\right)\right)+c$,,,2019-05-31 08:57:22+00,1,2019-06-04 03:44:45+00,38,5,2,1
719,38,"",5,5,"Find $\displaystyle\int x\cdot 2^{x+3}\, dx$",Basic,$\displaystyle \dfrac{1}{\ln ^2\left(2\right)}\left(\ln \left(2\right)\cdot2^{x+3}x-2^{x+3}\right)+c$,"$\displaystyle \dfrac{2^xx}{\ln \left(2\right)}-\dfrac{2^x}{\ln ^2\left(2\right)}+c$
","$\displaystyle -\dfrac{2^{-x}x}{\ln \left(2\right)}-\dfrac{1}{\ln ^2\left(2\right)}\cdot2^{-x}+c$
",$\displaystyle \dfrac{2^{-x}x}{\ln \left(2\right)}+\dfrac{1}{\ln ^2\left(2\right)}\cdot2^{-x}+c$,,,2019-05-31 09:04:02+00,1,2019-06-04 03:44:52+00,38,2,1,1
720,57,"",4,3,Find $y'$ when $y = \dfrac{\sin(3t)}{\cos(t) + t}$.,Basic,$y'=\dfrac{3(\cos(t) + t) \cos(3t) - \sin(3t)(-\sin(t) + 1) }{(\cos(t) + t)^2}$,$y'=\dfrac{(\cos(t) + t) \cos(3t) - \sin(3t)(-\sin(t) + 1) }{(\cos(t) + t)^2}$,$y'=\dfrac{3(\cos(t) + t) \cos(3t) - \sin(3t)(\sin(t) + 1) }{(\cos(t) + t)^2}$,$y'=\dfrac{-3\cos(3t) } {-\sin(t) + 1}$,,,2019-05-31 09:12:30+00,1,2019-08-16 09:52:04+00,37,3,4,1
721,57,"",4,3,Find $y'$ when $y = \dfrac{e^{2t} + t}{e^t - 1}$.,Basic,$y'=\dfrac{(e^t - 1)(2e^{2t} + 1) - (e^{2t} + t) e^t}{(e^t - 1)^2}$,$y'=\dfrac{2e^{2t} + 1}{e^t }$,$y'=\dfrac{(e^t - 1)(2e^{t} + 1) - (e^{2t} + t) e^t}{(e^t - 1)^2}$,$y'=\dfrac{(e^t - 1)(e^{2t} + 1) - (e^{2t} + t) e^t}{(e^t - 1)^2}$,,,2019-05-31 09:47:43+00,1,2019-08-16 13:31:25+00,37,3,4,1
722,38,"",5,5,"Find $\displaystyle\int \left(x^2+1\right)\ln \left(x\right)\, dx$",Basic,$\displaystyle \dfrac{1}{3}x^3\ln \left(x\right)+x\ln \left(x\right)-\dfrac{x^3}{9}-x+c$,"$\displaystyle 2x\ln \left(x\right)+2x+c$
","$\displaystyle -\dfrac{x}{\ln \left(2\right)}-\dfrac{1}{\ln ^2\left(2\right)}\cdot \:2^{-x}+c$
",$\displaystyle \dfrac{2^{-x}x}{\ln \left(2\right)}+\dfrac{1}{\ln ^2\left(2\right)}\cdot \:2^{-x}+c$,,,2019-05-31 10:15:24+00,1,2019-06-04 03:44:59+00,38,3,4,1
723,38,"",5,5,"Find $\displaystyle\int \cos ^4\left(x\right)\sin \left(2x\right)\, dx$",Basic,$\displaystyle -\dfrac{1}{3}\cos ^6\left(x\right)+c$,$\displaystyle -\dfrac{1}{5}\cos ^5\left(x\right)+c$ ,$\displaystyle -\dfrac{2}{5}\cos ^5\left(x\right)\cos(2x)+c$,$\displaystyle-\dfrac{1}{5}\sin ^5\left(x\right)+c$,,,2019-05-31 10:17:54+00,1,2019-06-04 03:45:06+00,38,2,1,1
724,38,"",5,5,"Find $\displaystyle\int \sqrt{-x^2+2x}\, dx$",Advanced,$\displaystyle \dfrac{1}{2}\left(\arcsin \left(x-1\right)+(x-1)\sqrt{2x-x^2}\right)+c$,$\displaystyle \sqrt[3]{-x^2+2x}+c$ ,"$\displaystyle \dfrac{1}{2}\left(x-\sin(x)\cos(x)\right)+c$
",$\displaystyle -\dfrac{1}{2}\ln \left|\sqrt{x+1}\right|+\dfrac{1}{2}\ln \left|x-1\right|+c$,,,2019-05-31 10:25:03+00,1,2019-06-04 03:45:14+00,38,5,2,1
725,38,"",5,6,Find the area of one loop of the rose  $\displaystyle \rho= \cos(3\theta)$ using a double integral.,Advanced,"$\dfrac{\pi}{12}$
   ","$\dfrac{\pi}{2}$
 ","$\dfrac{\pi}{3}$
",$\pi$,,,2019-06-03 12:53:23+00,1,2019-06-04 03:44:00+00,38,5,1,1
726,38,"",5,6,"Find $\displaystyle \int_{0}^{1}\int_{-\sqrt{1-y^2}}^{1-y}x^2+y^2\, dx dy$",Advanced,$\displaystyle \frac{3\pi +4}{24}$,"$\displaystyle \frac{3\pi +4}{12}$
","$\displaystyle \frac{-3\pi +4}{12}$
",$\displaystyle \frac{3\pi -4}{12}$,,,2019-06-04 03:36:27+00,1,2019-06-04 03:43:09+00,38,4,1,1
727,57,"",4,3,Find the derivative of $f(t) = \displaystyle \frac{e^{2t}\operatorname{sin}{t}}{t^2}$.,Advanced,$f'(t)=\displaystyle \frac{e^{2t} (2t \operatorname{sin}{t} + t \operatorname{cos}{t} - 2 \operatorname{sin}{t})}{t^3}$,$f'(t)=\displaystyle \frac{e^{2t} (2t \operatorname{sin}{t} + t \operatorname{cos}{t} - 2t \operatorname{sin}{t})}{t^3}$,$f'(t)=\displaystyle \frac{e^{2t} (t \operatorname{sin}{t} + t \operatorname{cos}{t} - 2 \operatorname{sin}{t})}{t^3}$,$f'(t)=\displaystyle \frac{2e^{2t} (t \operatorname{cos}{t}  -  \operatorname{sin}{t})}{t^3}$,,,2019-06-04 03:38:50+00,1,2019-08-16 09:10:14+00,37,3,3,1
728,38,"",5,6,"Determine $\displaystyle\iint\limits_R 2x - 7y^2\,dA$ with the region $\displaystyle R =\{ (x, y): 0\leq y \leq 2 , -1\leq x \leq 1\}$",Basic,$\displaystyle -\frac{112}{3}$,"$\displaystyle 0$
","$\displaystyle -\frac{61}{3}$
",$\displaystyle -56$,,,2019-06-04 03:42:10+00,1,2019-06-04 03:43:17+00,38,1,2,1
729,57,"",4,3,Differentiate the function $f(t) = \dfrac{t^3 - t^2}{t^2+1}$.,Basic,$f'(t) = \dfrac{t(t^3 + 3t-2)}{(t^2+1)^2}$,$f'(t) =\dfrac{t(t^2 - 3t-2)}{(t^2+1)^2}$,$f'(t) =\dfrac{t(t^3 - 4t^2 + 3t-2)}{(t^2+1)^2}$,$f'(t) =\dfrac{t(-2t^3 +2t^2 - 3t-2)}{t^2+1}$,,,2019-06-04 05:58:47+00,1,2019-08-16 13:35:45+00,37,2,4,1
730,57,"",4,3,Find the derivative of the function $H(r) = 5 \operatorname{sin}(\pi r^2 + 1)$.,Basic,$10 \pi r \operatorname{cos}(\pi r^2 + 1)$,$-10 \pi r \operatorname{cos}(\pi r^2 + 1)$,$5 \operatorname{cos}(2\pi r)$,$5 \operatorname{cos}(\pi r^2 + 1)$,,,2019-06-04 07:45:58+00,1,2019-08-16 13:38:04+00,37,3,4,1
731,38,"",5,5,Find $\displaystyle\int \frac{\sqrt{x^2-9}}{x^3}\: dx$,Advanced,$\displaystyle\frac{1}{6}\operatorname{arcsec}\left({\frac{x}{3}}\right) - \frac{1}{2}\frac{\sqrt{x^2-9}}{x^2}+c$,"$\displaystyle\frac{1}{6} - \frac{1}{2}\frac{\sqrt{x^3-9}}{x}+c$
","$\cos(x)\sqrt{1+\sin^2\left(x\right)}+c$
",$\displaystyle\frac{1}{2}(x+1)\sqrt{x^2-9}-\frac{1}{2}\ln\left|x^2-9\right|+c$,,,2019-06-04 08:26:27+00,1,2019-09-27 07:06:28+00,61,5,2,1
732,38,"",5,5,Find $\displaystyle\int \sqrt{x^2+2x}\: dx$,Advanced,$\displaystyle\frac{1}{2}(x+1)\sqrt{x^2+2x}-\frac{1}{2}\ln\left|{x+1+\sqrt{x^2+2x}}\right|+c$,$\displaystyle\frac{1}{2}\sqrt{x^2+2x}-\ln\left|{x+1+\sqrt{x^2+2x-1}}\right|+c $,$\displaystyle\ln\left|{x+1+\sqrt{x^2+2x-1}}\right|+c $,$\displaystyle x^2+2x+c$,,,2019-06-04 08:47:58+00,1,2019-09-27 07:16:01+00,61,5,2,1
733,38,"",5,5,Find $\displaystyle \int \frac{x}{\sqrt{x^2+4}}\: dx$,Basic,$\sqrt{x^2+4} + c$,"$\displaystyle x^2 +4x+c$
","$\displaystyle x^2 + c$
",$2\sqrt{x^2+4} + c$,,,2019-06-04 09:16:54+00,1,2019-09-27 06:50:04+00,61,2,1,1
734,57,"",4,3,Find $\dfrac{dy}{dt}$ where $\displaystyle y = e^{\sin(2t)}$.,Basic,$\dfrac{dy}{dt}=\displaystyle 2\cos(2t)e^{\sin(2t)}$,$\dfrac{dy}{dt}=\displaystyle \cos(2t)e^{\sin(2t)}$,$\dfrac{dy}{dt}=\displaystyle e^{2\cos(2t)}$,$\dfrac{dy}{dt}=\displaystyle \sin(2t)e^{\sin(2t)}$,,,2019-06-04 09:34:15+00,1,2019-08-16 13:53:39+00,37,3,4,1
735,57,"",4,3,Find $\dfrac{dy}{dx}$ given $y = \operatorname{ln} (e^x + \operatorname{sin}x)$.,Basic,$\dfrac{dy}{dx}=\dfrac{e^x + \operatorname{cos}(x)}{e^x + \operatorname{sin}(x)}$,$\dfrac{dy}{dx}=\frac{1}{e^x + \operatorname{sin}(x)}$,$\dfrac{dy}{dx}=\ln(e^x + \operatorname{cos}(x))$,$\dfrac{dy}{dx}=\dfrac{1}{e^x + \operatorname{cos}(x)}$,,,2019-06-04 09:50:30+00,1,2019-08-16 14:00:04+00,37,5,2,1
736,74,"",12,12,"Ralph Edmund loves steaks and potatoes. Therefore, he has decided to go on a steady diet of only these two foods (plus some liquids and vitamin supplements) for all his meals. Ralph realizes that this isn't the healthiest diet, so he wants to make sure that he eats the right quantities of the two foods to satisfy some key nutritional requirements. He has obtained the following nutritional and cost information:

\[
\begin{array}{|l|c|c|c|}
\hline
%& \multicolumn{2}{c|}{Grams of ingredient per serving} &\\
\text{Ingredient} & \text{Steak (gr. per serving)} & \text{Potatoes (gr. per serving)} & \text{Daily Requirements (gr.)} \\
\hline
\text{Carbohydrates} & 5 & 15 & \geq 50 \\
\text{Protein} & 20 & 5 & \geq 40 \\
\text{Fat} & 15 & 2 & \leq 60 \\
\hline
\text{Cost per serving} & 4 & 2 &  \\
\hline
\end{array}
\]
	
Use a computer (Solver Add-in in Excel) to solve this model by the simplex method to allow planning the Ralph's diet, considering that $x_{i}$ is the number of daily servings of food $i$ ($i=1$, for steak and $i=2$, for potatoes).",Basic," $x_1=1.3,~x_2=2.9$","$x_1=3.7,~x_2=2.1$","$x_1=0,~x_2=30$","$x_1=0,~x_2=8$",,,2019-06-05 02:57:17+00,1,2019-10-04 04:40:12+00,53,3,1,1
737,74,"",12,12,"At the HealthPlus hospital, the nursing staff works in $6$ different shifts. Each shift has a duration of $8$ hours, with its start interval of $4$ hours (the first shift starts at $8:00$ AM, the second at $12:00$ AM, the third at $4:00$ p.m., and so on). The number of nurses required during the day is as follows:

\[
\begin{array}{|l|c|}
\hline
\text{Day period} & \text{Required number of nurses} \\
\hline
\text{8:00 a.m. to 12:00 a.m.} & 140 \\
\text{12:00 a.m. to 4:00 p.m.} & 120 \\
\text{4:00 p.m. to 8:00 p.m.} & 160 \\
\text{8:00 p.m. to 12:00 p.m.} & 90 \\
\text{12:00 p.m. to 4:00 a.m.} & 30 \\
\text{4:00 a.m. to 8:00 a.m.} & 60 \\
\hline
\end{array}
\]

In this situation, what are the decision variables to formalize the Linear Programming (LP) model to allow planning the nursing staff.",Basic,None of the options given are correct,$x$ is the number of nurses working in each shift,"$x_1$, $x_2$, $x_3$ is the number of nurses working in shift $1,~2$ and $3$, respectively","$x_4$, $x_5$, $x_6$ is the number of nurses working in shift $4,~5$ and $6$, respectively",,,2019-06-05 03:09:27+00,1,2019-10-04 04:40:27+00,53,3,3,1
738,74,"",12,12,"Use the graphical method to solve the problem:

\[\begin{array}{ll}
\text{Maximize} & Z= 2x_{1} + x_{2}\\	
\text{subject to} & x_{2}\leq 10\\
& 2x_{1}+5x_{2}\leq 60\\
& x_{1}+x_{2}\leq 18\\
& 3x_{1}+x_{2}\leq 44\\
& x_{1},x_{2}\geq 0\\
\end{array}
\]",Basic,"$x_{1}=13 ,~x_{2}=5$","$x_{1}=10 ,~x_{2}=8$","$x_{1}=5 ,~x_{2}=10$","$x_{1}=14.67 ,~x_{2}=0$",,,2019-06-05 03:11:25+00,1,2019-10-04 02:47:42+00,53,2,3,1
739,74,"",12,12,"Use the graphical method to solve the problem:

\[\begin{array}{ll}
\text{Maximize} & Z= 3x_{1} + 4x_{2}\\	
\text{subject to} & x_{1}\leq 4\\
& 2x_{2}\leq 12\\
& 3x_{1}+2x_{2}\leq 18\\
& 3x_{1}+4x_{2}\geq 50\\	
&  x_{1},x_{2}\geq 0\\ 	
\end{array}
\]",Basic,There is no optimal solution.,"$x_{1}=2 ,~x_{2}=6$.","$x_{1}=4 ,~x_{2}=3$.","$x_{1}=4 ,~x_{2}=9.5$.",,,2019-06-05 03:14:29+00,1,2019-10-04 02:49:38+00,53,3,1,1
749,74,"",12,12,"Consider the following problem:

\[\begin{array}{ll}	
\text{Maximize} & Z= 5x_{1}+4x_{2}-x_{3}+3x_{4}\\
\text{subject to} & 3x_{1}+2x_{2}-3x_{3}+x_{4}\leq 24 \text{ (resource 1)}\\
& 3x_{1}+3x_{2}+x_{3}+3x_{4}\leq 36 \text{ (resource 2)}\\
& x_{1}, x_{2}, x_{3}, x_{4}\geq 0\\ 
\end{array}
\]

Choose the right answer to identify the Reduced Cost for $x_{3}$:",Advanced,$0$ , $-0.667$ ,$-0.333$ ,None of them.,,,2019-06-05 03:43:04+00,1,2019-10-04 03:27:08+00,53,4,1,1
871,61,"",16,,Solve the Cauchy problem $(x+e^{\frac{x}{y}})dx+e^{\frac{x}{y}}(1-\frac{x}{y})dy=0$ knowing that the initial condition is $y(0)=2$.,Basic,$\frac{x^2}{2}+ye^{\frac{x}{y}}=2$.,$e^{\frac{x}{y}}+x+y^2-5=0$.,$ye^{\frac{x}{y}}+x^2=2$.,$x^2+y^2e^{\frac{x}{y}}=4$.,,,2019-07-14 03:56:49+00,1,2019-09-11 09:59:22+00,38,3,2,1
740,74,"",12,12,"At the HealthPlus hospital, the nursing staff works in $6$ different shifts. Each shift has a duration of $8$ hours, with its start interval of $4$ hours (the first shift starts at $8:00$ AM, the second at $12:00$ AM, the third at $4:00$ p.m., and so on). The number of nurses required during the day is in the following table. How does the Linear Programming (LP) model should be formalized to allow planning the nursing staff, considering that $x_{i}$ is the number of nurses working in shift $i~(i = 1~to~6)$?

\[
\begin{array}{|l|c|}
\hline
\text{Day period} & \text{Required number of nurses} \\
\hline
\text{8:00 a.m. to 12:00 a.m.} & 140 \\
\text{12:00 a.m. to 4:00 p.m.} & 120 \\
\text{4:00 p.m. to 8:00 p.m.} & 160 \\
\text{8:00 p.m. to 12:00 p.m.} & 90 \\
\text{12:00 p.m. to 4:00 a.m.} & 30 \\
\text{4:00 a.m. to 8:00 a.m.} & 60 \\
\hline
\end{array}
\]",Advanced,"	\[\begin{array}{ll} 
			\text{Minimize} & Z= \sum_{i=1}^6 x_{i}\\
			\text{subject to} & x_{1}+x_{2}\geq 120\\			
			& x_{1}+x_{6}\geq 140\\			
			& x_{2}+x_{3}\geq 160\\			
			& x_{3}+x_{4}\geq 90\\			
			& x_{4}+x_{5}\geq 30\\			
			& x_{5}+x_{6}\geq 60\\			
		    & x_{i}\geq 0, i=1~to~6 
			\end{array}
			\]","		\[
		\begin{array}{ll}
		\text{Minimize} & Z= \sum_{i=1}^5 x_{i}\\			
		\text{subject to} & x_{1}+x_{2}\geq 120\\			
		& x_{2}+x_{3}\geq 160\\
		&x_{3}+x_{4}\geq 90\\
		&x_{4}+x_{5}\geq 30\\
		&x_{i}\geq 0, i=1~to~5\\ 
		\end{array}
	     \]","		\[\begin{array}{ll}
			\text{Maximize} & Z= \sum_{i=1}^6 x_{i}\\
			\text{subject to} & x_{1}+x_{2}\geq 120\\
			& x_{2}+x_{3}\geq 160\\
			& x_{3}+x_{4}\geq 90\\
			& x_{4}+x_{5}\geq 30\\
			& x_{5}+x_{6}\geq 60\\
			& x_{i}\geq 0, i=1~to~6\\
			\end{array}
			\]","	\[\begin{array}{ll} 
				\text{Minimize} & Z= \sum_{i=1}^6 x_{i}\\			
			\text{subject to} &  x_{1}+x_{6}\geq 140\\			
			& x_{2}+x_{3}\geq 160\\			
			& x_{3}+x_{4}\geq 90\\			
			& x_{4}+x_{5}\geq 30\\			
			& x_{5}+x_{6}\geq 60\\
			\end{array}
			\]",,,2019-06-05 03:19:56+00,1,2019-10-04 04:41:13+00,53,4,2,1
741,74,"",12,12,"Use the graphical method to solve the problem:

\[\begin{array}{ll}
\text{Maximize} & Z= 3x_{1} + 2x_{2}\\
\text{subject to} & x_{1}\leq 4\\
& 2x_{2}\leq 12\\
& 3x_{1}+2x_{2}\leq 18\\
& 3x_{1}+5x_{2}\leq 40\\
&  x_{1},x_{2}\geq 0\\ 
\end{array}
\]",Basic,"All the points on the line segment connecting  $x_{1}=2 ,~x_{2}=6$ and $x_{1}=4 ,~x_{2}=3$ are optimal.","$x_{1}=2 ,~x_{2}=6$ and $x_{1}=4 ,~x_{2}=3$.","$x_{1}=2 ,~x_{2}=6$.","$x_{1}=4 ,~x_{2}=3$.",,,2019-06-05 03:22:25+00,1,2019-10-04 03:30:37+00,53,3,1,1
742,74,"",12,12,"Construct the dual problem for the following problem:

\[\begin{array}{ll}
\text{Maximize} & Z= 2x_{1} + 7x_{2} + 4x_{3}\\
\text{subject to} & x_{1} + 2x_{2} + x_{3}\leq 10\\ 
& 3x_{1}+3x_{2}+2x_{3}\leq 10\\
& x_{1}, x_{2}, x_{3}\geq 0\\ 
\end{array}
\]",Basic,"	\[\begin{array}{ll}
			\text{Minimize} & W=10u_{1}+10u_{2}\\
			\text{subject to} & u_{1}+3u_{2}\geq 2\\
			& 2u_{1}+3u_{2}\geq 7\\
			& u_{1}+2u_{2}\geq 4\\
			& u_{1}, u_{2}\geq 0\\ 	
			\end{array}
			\]	","	\[\begin{array}{ll}
			\text{Minimize} & W=10u_{1}+10u_{2}\\
			\text{subject to} & u_{1}+3u_{2}\leq 2\\
			& 2u_{1}+3u_{2}\leq 7\\
			& u_{1}+2u_{2}\leq 4\\
			&  u_{1}, u_{2}\geq 0\\ 
			\end{array}
			\]","	\[\begin{array}{ll}
			\text{Maximize} & W=10u_{1}+10u_{2}\\
			\text{subject to} &  u_{1}+3u_{2}\geq 2\\
			& 2u_{1}+3u_{2}\geq 7\\
			& u_{1}+2u_{2}\geq 4\\
			& u_{1}, u_{2}\geq 0\\ 
			\end{array}
			\]","\[\begin{array}{ll}
			\text{Minimize} & W=10u_{1}+u_{2}\\
	   	    \text{subject to} & u_{1}+3u_{2}\geq 2\\
			& 2u_{1}+3u_{2}\geq 7\\
			& u_{1}+2u_{2}\geq 4\\
			&  u_{1}, u_{2}\geq 0\\ 	
			\end{array}
			\]",,,2019-06-05 03:24:56+00,1,2019-10-04 02:58:28+00,53,4,2,1
743,74,"",12,12,"Construct the dual problem for the following problem:

\[\begin{array}{ll}
\text{Maximize} & Z= 2x_{1} - 2x_{2} + 3x_{3}\\
\text{subject to} & -x_{1} + x_{2} + x_{3}\leq 4 \\
& 2x_{1}-x_{2}+x_{3}\leq 2 \\
& x_{1}+x_{2}+3x_{3}\leq 12 \\
&  x_{1}, x_{2}, x_{3}\geq 0\\ 
\end{array}
\]",Basic,"	\[\begin{array}{ll}
			\text{Minimize} & W=4u_{1}+2u_{2}+2u_{3}\\
			\text{subject to} & -u_{1}+2u_{2}+u_{3}\geq 2\\
			& u_{1}-u_{2}+u_{3}\geq -2\\
		    & u_{1}+u_{2}+u_{3}\geq 3\\
			& u_{1}, u_{2}, u_{3}\geq 0\\
			\end{array}
			\]","	\[\begin{array}{ll}
			\text{Minimize} & W=4u_{1}+2u_{2}+2u_{3}\\
			\text{subject to} & -u_{1}+2u_{2}+u_{3}\leq 2\\
			& u_{1}-u_{2}+u_{3}\leq -2\\
			& u_{1}+u_{2}+u_{3}\leq 3\\
			& u_{1}, u_{2}, u_{3}\geq 0\\ 
			\end{array}
			\]","	\[\begin{array}{ll}
			\text{Maximize} & W=4u_{1}+2u_{2}+2u_{3}\\
			\text{subject to} & -u_{1}+2u_{2}+u_{3}\leq 2\\
		    & u_{1}-u_{2}+u_{3}\leq -2\\
			& u_{1}+u_{2}+u_{3}\leq 3\\
			& u_{1}, u_{2}, u_{3}\geq 0\\  	
			\end{array}
			\]","\[\begin{array}{ll}
			\text{Minimize} & W=4u_{1}+2u_{2}+2u_{3}\\
			\text{subject to} & u_{1}+u_{2}+u_{3}\geq 3\\
			& -u_{1}+2u_{2}+u_{3}\geq 2\\
			& u_{1}-u_{2}+u_{3}\geq -2\\
			& u_{1}, u_{2}, u_{3}\geq 0\\
			\end{array}
			\]",,,2019-06-05 03:27:40+00,1,2019-10-04 02:59:06+00,53,4,2,1
744,74,"",12,12,"Use the Solver Add-in in Excel to solve the following problem and then choose the right answer:

\[\begin{array}{ll}
\text{Maximize} & Z= 2x_{1} - 2x_{2}+3x_{3}\\
\text{subject to} & -x_{1}+x_{2}+x_{3}\leq 4 \\
& 2x_{1}-x_{2}+x_{3}\leq 2 \\
& x_{1}+x_{2}+3x_{3}\leq 12 \\
&  x_{1}, x_{2}, x_{3}\geq 0\\ 
\end{array}
\]",Basic," $x_{1}=0 ,~x_{2}=1,~x_{3}=3$","$x_{1}=2 ,~x_{2}=6,~x_{3}=2$","$x_{1}=3 ,~x_{2}=1,~x_{3}=0$","$x_{1}=0 ,~x_{2}=2,~x_{3}=3$",,,2019-06-05 03:29:47+00,1,2019-10-04 03:01:08+00,53,3,3,1
745,74,"",12,12,"Consider the following problem:

\[\begin{array}{ll}	
\text{Maximize} & Z= 2x_{1} - 2x_{2}+3x_{3}\\
\text{subject to} & -x_{1}+x_{2}+x_{3}\leq 4 \\
& 2x_{1}-x_{2}+x_{3}\leq 2 \\
& x_{1}+x_{2}+3x_{3}\leq 12 \\
&  x_{1}, x_{2}, x_{3}\geq 0\\ 
\end{array}
\]

Choose the right answer to identify the Reduced Cost for $x_{2}$:",Advanced,$0$,$1$,$2.5$ ,$3$ ,,,2019-06-05 03:32:07+00,1,2019-10-04 03:29:12+00,53,2,3,1
746,74,"",12,12,"Consider the following problem:

\[\begin{array}{ll}	
\text{Maximize} & Z= 2x_{1} - 2x_{2}+3x_{3}\\
\text{subject to} & -x_{1}+x_{2}+x_{3}\leq 4 \text{ (resource 1)}\\
& 2x_{1}-x_{2}+x_{3}\leq 2 \text{ (resource 2)}\\
& x_{1}+x_{2}+3x_{3}\leq 12 \text{ (resource 3)}\\
& x_{1}, x_{2}, x_{3}\geq 0\\ 
\end{array}
\]

Choose the right answer to identify the Shadow Price for resource $2$:",Advanced,$2.5$,$0$,$0.5$ ,$3$ ,,,2019-06-05 03:34:12+00,1,2019-10-04 03:29:33+00,53,2,3,1
747,74,"",12,12,"Consider the following problem:

\[\begin{array}{ll}	
\text{Maximize} & Z= 2x_{1} - 2x_{2}+3x_{3}\\
\text{subject to} & -x_{1}+x_{2}+x_{3}\leq 4 \text{ (resource 1)}\\
& 2x_{1}-x_{2}+x_{3}\leq 2 \text{ (resource 2)}\\
& x_{1}+x_{2}+3x_{3}\leq 12 \text{ (resource 3)}\\
&  x_{1}, x_{2}, x_{3}\geq 0\\ 
\end{array}
\]

Choose the right answer to identify the Allowable range for the resource $1$ to keep the optimal solution:",Advanced,"$[2, 5]$ "," $[0, 4]$","$[1, 2]$ 	","$[10, \infty[$ ",,,2019-06-05 03:37:37+00,1,2019-10-04 03:29:50+00,53,4,2,1
748,74,"",12,12,"Consider the following problem:

\[\begin{array}{ll}	
\text{Maximize} & Z= 2x_{1} - 2x_{2}+3x_{3}\\
\text{subject to} & -x_{1}+x_{2}+x_{3}\leq 4 \\
& 2x_{1}-x_{2}+x_{3}\leq 2 \\
& x_{1}+x_{2}+3x_{3}\leq 12 \\
&  x_{1}, x_{2}, x_{3}\geq 0\\ 
\end{array}
\]

Complete the sentence ''The unit profit for  $x_1$ should stay in the interval ...'' to keep the optimal solution:",Advanced,"$[0, 4.5]$","$[ 1, 1.667]$","$[2 , \infty[$ ",None of them.,,,2019-06-05 03:41:01+00,1,2019-10-04 03:30:23+00,53,5,2,1
969,80,"",15,41,"Which graph represents the domain of the function $f(x,y) = \dfrac{\sqrt{3x+y+2}}{x-1}$?",Basic,$C$.,$B$.,$A$.,$D$.,graphic3.png,png,2019-11-27 11:08:29+00,1,2020-02-08 12:50:05+00,67,1,1,1
750,74,"",12,12,"Consider the following problem:

\[\begin{array}{ll}	
\text{Maximize} & Z= 5x_{1}+4x_{2}-x_{3}+3x_{4}\\
\text{subject to} & 3x_{1}+2x_{2}-3x_{3}+x_{4}\leq 24 \text{ (resource 1)}\\
& 3x_{1}+3x_{2}+x_{3}+3x_{4}\leq 36 \text{ (resource 2)}\\
&  x_{1}, x_{2}, x_{3}, x_{4}\geq 0\\
\end{array}
\]

Choose the right answer to identify the Shadow price for the resource $1$:",Advanced,$0.667$,$1$, $1.667$ ,None of them,,,2019-06-05 03:45:18+00,1,2019-10-04 03:25:14+00,53,5,2,1
751,74,"",12,12,"Consider the following problem:

\[\begin{array}{ll}	
\text{Maximize} & Z= 5x_{1}+4x_{2}-x_{3}+3x_{4}\\
\text{subject to} & 3x_{1}+2x_{2}-3x_{3}+x_{4}\leq 24 \text{ (resource 1)}\\
& 3x_{1}+3x_{2}+x_{3}+3x_{4}\leq 36 \text{ (resource 2)}\\
& x_{1}, x_{2}, x_{3}, x_{4}\geq 0\\ 
\end{array}
\]

Choose the right answer to identify the Allowable range for the unit profit of $x_{1}$ to keep optimal solution:",Advanced,"$[4.6364 , \infty[$","$[0.3656, \infty[$","$[0, 4.6364]$ ", None of them,,,2019-06-05 03:47:23+00,1,2019-10-04 03:13:25+00,53,5,2,1
752,57,"",4,3,Find $\dfrac{dy}{dx}$ given $y = \sqrt{x^2+1}$.,Basic,$\dfrac{dy}{dx}=\dfrac{x}{\sqrt{x^2 + 1}}$,$\dfrac{dy}{dx}=\dfrac{1}{2\sqrt{x^2 + 1}}$,$\dfrac{dy}{dx}=\sqrt{2x }$,$\dfrac{dy}{dx}=x(x^2 + 1)$,,,2019-06-05 05:50:26+00,1,2019-08-16 14:48:16+00,37,2,4,1
753,57,"",4,3,"Given $y = e^{\sqrt x}$, evaluate $\dfrac{dy}{dx}$ when $x = 1$.",Basic,$\dfrac{dy}{dx}(1)=1.3591$,$\dfrac{dy}{dx}(1)=1$,$\dfrac{dy}{dx}(1)=2.7183$,$\dfrac{dy}{dx}(1)=0.5$,,,2019-06-05 09:45:50+00,1,2019-08-16 14:53:33+00,37,3,4,1
754,38,"",5,6,"Find the volume of $\displaystyle B=\{(x,y,z)\in\mathbb{R}^3 | x^2+y^2\leq 1 \land z \geq 0 \land y+z\leq 3 \},$ using double integrals.",Basic,$\displaystyle 3\pi$ ,"$\displaystyle 2\pi-\frac{1}{3}$
","$\displaystyle \frac{3\pi}{2}$
",$\displaystyle 3\pi-\frac{1}{3}$,,,2019-06-06 03:47:55+00,1,2019-06-06 04:19:44+00,38,3,3,1
755,38,"",5,6,"Find the area of region $D$ defined by $D=\displaystyle \{(x,y)\in\mathbb{R}^2 | 1\leq x \leq 2 \land y\geq 0 \land  xy\leq 1 \}$.",Basic,$\displaystyle \ln{(2)}$,"$\displaystyle \ln{(3)}$
","$\displaystyle \ln{(1)}$
",$\displaystyle \ln{(4)}$,,,2019-06-06 03:54:00+00,1,2019-06-06 04:19:34+00,38,3,3,1
756,38,"",5,6,"Change the order of integration of $\displaystyle \int_{0}^{1}\int_{y}^{1}f(x,y)\, dx dy$.",Basic,"$\displaystyle \int_{0}^{1}\int_{0}^{x}f(x,y)\, dy dx$","$\displaystyle \int_{0}^{1}\int_{1}^{x}f(x,y)\, dy dx$
","$\displaystyle \int_{-1}^{1}\int_{0}^{x}f(x,y)\, dy dx$
","$\displaystyle \int_{-1}^{1}\int_{1}^{x}f(x,y)\, dy dx$",,,2019-06-06 03:57:39+00,1,2019-06-06 04:19:02+00,38,3,3,1
757,38,"",5,6,"Determine $\displaystyle\int_{0}^{1}\int_{x^2}^{x} x+3\,dydx$.",Basic,$\displaystyle\frac{7}{12}$,"$\displaystyle\frac{\operatorname{e}^3}{4}$
","$\displaystyle\frac{1}{12}$ 
",$\displaystyle{7}$  ,,,2019-06-06 04:07:01+00,1,2019-06-06 04:18:54+00,38,2,4,1
758,38,"",5,6,"Determine $\displaystyle\iint\limits_{D}2{y}{x}^2+9y^3\,dA$ where D is the region bounded by $\displaystyle y = \frac{2}{3}x$ and $\displaystyle y = 2\sqrt{x}$.",Advanced,$\displaystyle\frac{24057}{5}$ ,"$\displaystyle\frac{24057}{6}$ 
","$\displaystyle\frac{24056}{5}$ 
",$\displaystyle\frac{24055}{5}$ ,,,2019-06-06 04:12:39+00,1,2019-06-06 04:18:42+00,38,4,1,1
759,38,"",5,6,"Find  $\displaystyle\iint\limits_R \frac{\operatorname{e}^{x-y}}{2}\,\operatorname{dA}$ with  $\displaystyle R =\{ (x, y): -1\leq y \leq 1 , -1\leq x \leq 1\}$.",Basic,$\displaystyle\frac{\operatorname{e}^{4}-2\operatorname{e}^{2}+1}{2\operatorname{e}^{2}}$,"$\displaystyle\frac{\operatorname{e}^{2}}{2}+\frac{1}{2\operatorname{e}^{2}}$ 
","$\displaystyle\frac{\operatorname{e}^{2}}{2\operatorname{e}^{2}}$
",$\displaystyle\frac{\sqrt{1+\operatorname{e}^2}}{\operatorname{e}^4}+c$,,,2019-06-06 04:23:01+00,1,2019-06-06 04:23:57+00,38,1,2,1
760,79,"",17,,"If a dice is thrown twice, what is the probability of not getting a one on either throw?",Basic, $\dfrac{25}{36}$ ,$\dfrac{1}{36}$,$\dfrac{5}{36}$,$\dfrac{12}{36}$,,,2019-06-08 12:27:41+00,1,2019-11-19 11:36:31+00,41,1,3,1
761,79,"",17,,"If a dice is thrown twice, what is the probability of getting a different number of dots?",Basic, $\dfrac{5}{6}$,$\dfrac{1}{36}$,$\dfrac{25}{36}$,$\dfrac{12}{36}$,,,2019-06-08 12:29:08+00,1,2019-11-19 11:37:23+00,41,2,3,1
762,79,"",17,,"Consider events $A$ and $B$ from sample space $S$. Given $P(A\cup B)=0.6$, $P(B)=0.4$ and $P(A|B)=0.75$, calculate $P(A)$. ",Advanced,$0.5$,$0.2$,$0.4$,$0.3$,,,2019-06-08 12:30:52+00,1,2019-11-19 11:38:08+00,41,3,2,1
763,79,"",17,,"Consider events $A$ and $B$ from sample space $S$. Given $P(A|B)=0.7$, $P(A)=0.4$, and $P(B)=0.2$, calculate $P(B|A)$.",Advanced,$0.35$,$0.65$,$0.40$,$0.30$,,,2019-06-08 12:32:16+00,1,2019-11-19 11:39:11+00,41,3,2,1
764,79,"",17,,"A problem is given to three students whose chances of solving it are $\dfrac{1}{2}$, $\dfrac{1}{3}$ and $\dfrac{1}{4}$ respectively. What is the probability that the problem won't be solved?",Advanced,$\dfrac{1}{4}$,$\dfrac{3}{4}$,$\dfrac{11}{24}$,$\dfrac{7}{12}$,,,2019-06-08 12:33:47+00,1,2019-11-19 11:40:02+00,41,4,1,1
765,79,"",17,,A man and his wife appear in an interview for two vacancies in the same post. The probability of husband's selection is $\dfrac{1}{7}$ and the probability of wife's selection is $\dfrac{1}{5}$. What is the probability that only one of them is selected?,Basic,$\dfrac{2}{7}$,$\dfrac{4}{7}$,$\dfrac{1}{35}$,$\dfrac{5}{7}$,,,2019-06-08 12:35:39+00,1,2019-11-19 11:41:20+00,41,5,4,1
766,79,"",17,,Four dice are thrown simultaneously. Find the probability that all of them show different faces.,Basic,$\dfrac{60}{216}$ ,$\dfrac{24}{216}$,$\dfrac{120}{216}$,$\dfrac{6}{216}$,,,2019-06-08 12:36:55+00,1,2019-11-19 11:42:01+00,41,2,5,1
767,79,"",17,,Three dice are thrown simultaneously. Find the probability that all of them show different even faces.,Basic,$\dfrac{6}{216}$,$\dfrac{24}{216}$,$\dfrac{120}{216}$,$\dfrac{60}{216}$,,,2019-06-08 12:38:04+00,1,2019-11-19 11:43:00+00,41,2,5,1
768,79,"",17,,"A game consists of $3$ challenges: $C1$, $C2$ and $C3$. The probabilities of overcoming the challenges are $0.7$, $0.5$ and $0.4$, respectively. Challenges are independent. To win the game, you must be successful at, at least, two challenges. What is the probability of winning?",Advanced,$0.55$,$0.14$,$0.26$,$0.49$,,,2019-06-08 12:39:32+00,1,2019-11-19 11:44:48+00,41,5,4,1
769,79,"",17,,"A game consists of $2$ challenges: $C1$ and $C2$. The probability of overcoming $C1$ is $0.6$. If you overcome $C1$, the probability of being successful at $C2$ is $0.8$. If you do not accomplish $C1$, the probability of being successful at $C2$ is $0.3$. To win the game, you must be successful at, at least, one challenge. What is the probability of winning?",Advanced,$0.72$,$0.12$,$0.48$,$0.24$,,,2019-06-08 12:40:45+00,1,2019-11-19 11:46:49+00,41,5,4,1
924,64,"",22,,"Consider a connected planar graph with $8$ vertices, each of degree $3$. Into how many regions (faces) is the plane divided by a planar representation of such graph?",Basic,$6$,$3$,$8$,$1$,,,2019-07-29 09:10:02+00,1,2019-07-31 03:42:44+00,64,3,3,1
770,79,"",17,,"A game consists of $2$ challenges: $C1$ and $C2$. The probability of overcoming $C1$ is $0.6$. If you overcome $C1$, the probability of being successful at $C2$ is $0.8$. If you do not accomplish $C1$, the probability of being successful at $C2$ is $0.3$. To win the game, you must be successful at, at least, one challenge. What is the probability of losing?",Advanced,$0.28$,$0.12$,$0.72$,$0.24$,,,2019-06-08 12:43:12+00,1,2019-11-19 11:47:34+00,41,5,4,1
771,79,"",17,,"There are two sets of letters, and you are going to pick exactly one letter from each set: $S_1=\left\{A, B, C, D, E\right\}$ and $S_2=\left\{K, L, M, N, O, P\right\}$. What is the probability of picking two vowels?",Basic,$\dfrac{1}{15}$,$\dfrac{1}{30}$,$\dfrac{13}{30}$,$\dfrac{1}{2}$,,,2019-06-08 12:44:45+00,1,2019-11-19 11:48:48+00,41,1,3,1
772,79,"",17,,"There are two sets of letters, and you are going to pick exactly one letter from each set: $S_1=\left\{A, B, C, D, E\right\}$ and $S_2=\left\{K, L, M, N, O, P\right\}$. What is the probability of picking two consonants?",Basic,$\dfrac{1}{2}$ ,$\dfrac{1}{30}$,$\dfrac{13}{30}$,$\dfrac{1}{15}$,,,2019-06-08 12:45:58+00,1,2019-11-19 11:49:19+00,41,1,3,1
773,79,"",17,,"There are two sets of letters, and you are going to pick exactly one letter from each set: $S_1=\left\{A, B, C, D, E\right\}$ and $S_2=\left\{K, L, M, N, O, P\right\}$. What is the probability of picking a vowel and a consonant?",Basic,$\dfrac{13}{30}$,$\dfrac{1}{30}$,$\dfrac{1}{2}$,$\dfrac{1}{15}$,,,2019-06-08 12:47:06+00,1,2019-11-19 11:50:02+00,41,2,5,1
774,79,"",17,,"In the diagram the sides of the rectangle have a ratio of $1:2$, and the circle is tangent to three sides of the rectangle. If a point is chosen at random inside the rectangle, what is the probability that it is inside the circle?",Advanced,$\dfrac{\pi}{8}$,$\dfrac{\pi}{4}$,$\dfrac{4+\pi}{4}$,$\dfrac{8+\pi}{8}$,diagram1.png,png,2019-06-08 12:49:44+00,1,2019-11-19 11:51:40+00,41,5,4,1
775,79,"",17,,"In the diagram a triangle is represented inside a square. If a point is chosen at random inside the square, what is the probability that it is not inside the triangle?",Advanced,$\dfrac{1}{2}$,$\dfrac{1}{4}$,$\dfrac{3}{4}$,$\dfrac{1}{8}$,diagram2.png,png,2019-06-08 12:52:57+00,1,2019-11-19 11:52:57+00,41,5,4,1
776,81,"",18,11,"Consider the linear transformation $F:\mathbb{R}^2 \longrightarrow \mathbb{R}^2$, such that $F(x, y)=(x+2y, 2x+3y)$. Choose the right answer: ",Basic,"$F^{-1}$ is a symmetric operator defined by $F^{-1}(x,y)=(-3x+2y, 2x-y)$.",$F^{-1}$ does not exist.,"$F^{-1}$ is defined by $F^{-1}(x,y)=(3x-2y, -2x+y)$ and is not a symmetric operator.","$F^{-1}$ is a symmetric operator defined by $F^{-1}(x,y)=(3x-2y, 2x-y)$.",,,2019-06-21 10:11:25+00,1,2019-07-14 04:19:01+00,61,3,1,1
777,81,"",18,11,"Consider the linear application $T: \mathbb{R}^3\rightarrow \mathbb{R}^2$, defined by matrix 
$A=\left[\begin{array}{rrr}
 0  & -1 & 2\\
 -2 & 2 & 1
  \end{array}\right]$
  when considering the base $B=\left\{(1,0,1),(0,-1,0),(0,0,2)\right\}$ of $\mathbb{R}^3$ and the canonical basis of $\mathbb{R}^2$. 
 Considering the base $B$ in $\mathbb{R}^3$ and the base $D=\left\{(1,2),(-1,3)\right\}$ in $\mathbb{R}^2$, the application $T$ is represented by the matrix: ",Advanced,"$\left[\begin{array}{ccc}
 -\frac{3}{5} & \frac{7}{5} & \frac{2}{5}\\
 \frac{2}{5} & -\frac{3}{5} & \frac{2}{5}
\end{array}\right]$","$\left[\begin{array}{ccc}
  \frac{3}{5} & \frac{7}{5} & \frac{2}{5}\\
 \frac{2}{5} & -\frac{3}{5} & \frac{2}{5} 
\end{array}\right]$","$\left[\begin{array}{ccc}
  -3 & 7 & 2\\
 2 & 3 & 2
\end{array}\right]$","$\left[\begin{array}{ccc}
 -3 & 7 & 2\\
 2 & -3 & 2
\end{array}\right]$",,,2019-06-21 10:15:37+00,1,2019-07-14 04:20:16+00,61,5,4,1
778,81,"",18,11,"Consider the linear application $T: \mathbb{R}^2\rightarrow \mathbb{R}^2$, defined by matrix 
$A=\left[\begin{array}{rr}
 2 & 1\\
 0 & 3
  \end{array}\right]$
  when considering the base $B=\left\{(2,-1),(-3,1)\right\}$ of $\mathbb{R}^2$. When considered the canonical basis of $\mathbb{R}^2$, the application $T$ is defined by the matrix: ",Advanced,"$\left[\begin{array}{cc}
 3 & 2\\
 0 & 2
\end{array}\right]$","$\left[\begin{array}{cc}
 -6 & 4\\
 -3 & 1
\end{array}\right]$","$\left[\begin{array}{cc}
 -\frac{6}{5} & \frac{4}{5}\\
 -\frac{3}{5} & \frac{1}{5}
\end{array}\right]$","$\left[\begin{array}{cc}
 \frac{6}{5} & -\frac{4}{5}\\
 \frac{3}{5} & -\frac{1}{5}
\end{array}\right]$",,,2019-06-21 10:18:47+00,1,2019-10-02 05:23:10+00,58,4,4,1
779,81,"",18,11,"Consider the scalar product of vectors $u$ and $v$, $u\cdot v$. The linear operator $T: \mathbb{R}^2\rightarrow \mathbb{R}^2$, that determines the vector projection of $\mathbb{R}^2$ on the line $r: y=-2x$ is defined by:  ",Advanced,"$f(x,y)=(\dfrac{x-2y}{5}, \dfrac{-2x+4y}{5}).$","$f(x,y)=\dfrac{(x,y)\cdot (-1, -2)}{|(-1,-2)|^2}(-1, -2)$","$f(x,y)=(\dfrac{x+2y}{5}, \dfrac{2x+4y}{5})$","$f(x,y)=\dfrac{x-2y}{5}(1,2)$",,,2019-06-21 10:21:09+00,1,2019-10-04 02:17:51+00,61,5,4,1
780,81,"",18,11,Let $F: \mathbb{R}^5\rightarrow \mathbb{R}^3$ be a linear surjective application and $T: \mathbb{R}^4\rightarrow \mathbb{R}^4$ be an invertible linear operator. Choose the correct answer: ,Basic,"$Ker(F)=\mathbb{R}^2$ and $Ker(T)=\left\{(0,0,0,0)\right\}$",$Ker(F)=\mathbb{R}^2$ and $Ker(T)=\left\{\right\}$,"$Ker(F)=\mathbb{R}^3$ and $Ker(T)=\left\{(0,0,0,0)\right\}$",$Ker(F)=\mathbb{R}^2$ and $Ker(T)=\mathbb{R}^4$,,,2019-06-21 10:22:45+00,1,2019-10-04 02:18:40+00,61,2,1,1
781,81,"",18,11,"$F: M_{22}\rightarrow \mathbb{R}^2$, such that $F\left(\left[\begin{array}{cc}
 x & y\\
 z & w
\end{array}\right]\right)=(x-y, z+w)$ be a linear application. Choose the right answer:",Advanced,"$Ker(T)=\left\{(x,x,z,-z): x, z\in \mathbb{R}\right\}$ and $range(T)=\mathbb{R}^2$","$Ker(T)=\left\{(x,x,x,-x): x\in \mathbb{R}\right\}$ and $range(T)=\mathbb{R}^2$","$Ker(T)=\left\{(0,0,0,0)\right\}$ and $range(T)=\mathbb{R}^4$","$Ker(T)=\left\{(x,-x): x\in \mathbb{R}\right\}$ and $range(T)=\mathbb{R}^2$",,,2019-06-21 10:24:46+00,1,2019-10-04 02:19:12+00,61,5,4,1
782,81,"",18,11,"Consider the linear aplication $F: \mathbb{R}^3\rightarrow \mathbb{R}^2$, such that $F(x, y,z)=(x-2z, y+z)$ . Considering in $\mathbb{R}^2$ the basis $B=\left\{(-2, 1), (-1, 2)\right\}$, the aplication $F$ is defined by the matrix:  ",Advanced,"$\left[\begin{array}{ccc}
 - \frac{2}{3} &- \frac{1}{3} & 1\\
 \frac{1}{3} & \frac{2}{3} & 0 
\end{array}\right]$","$\left[\begin{array}{ccc}
  \frac{2}{3} & \frac{1}{3} & 1\\
- \frac{1}{3} & -\frac{2}{3} & 2 
\end{array}\right]$","$\left[\begin{array}{ccc}
 - 2 &- 1 & 3\\
1 & 2 & 0 
\end{array}\right]$","$\left[\begin{array}{ccc}
 - \frac{2}{3} & \frac{1}{3} & \frac{2}{3}\\
 \frac{1}{3} & \frac{2}{3} & \frac{1}{3}
\end{array}\right]$",,,2019-06-21 10:28:54+00,1,2020-02-19 04:46:15+00,61,5,4,1
783,81,"",18,11,Choose the true statement.,Advanced,"If $T:\mathbb{R}^2\longrightarrow \mathbb{R}^3$ is a linear transformation, then $T$ can be an injection.","If $T:\mathbb{R}^3\longrightarrow \mathbb{R}^2$ is a linear transformation, then $T$ can be an injection.","If $T:\mathbb{R}^2\longrightarrow \mathbb{R}^3$ is a linear transformation, then $T$ can be a sobrejection.","If $T:\mathbb{R}^3\longrightarrow \mathbb{R}^3$ is a linear transformation and $ker(T)\neq \left\{(0,0,0\right\}$, then $T$ can be a sobrejection.",,,2019-06-21 10:39:58+00,1,2019-09-22 10:03:42+00,163,5,4,1
784,81,"",18,11,Indicate which of the following applications is not linear.,Basic,$T: M_{2\times 2}\longrightarrow\mathbb{R}:T(M)=det(M)$ ,"$T: \mathbb{R}^2\longrightarrow\mathbb{R}^3:T(x,y)=(x+y,x,x-y)$","$T: \mathbb{R}^3\longrightarrow\mathbb{R}^2:T(x,y,z)=(x-2y-z,-y+2z)$","$T:\mathbb{R}^3\longrightarrow\mathbb{R}^3:T(x,y,z)=(x-2y,x-y,x-y+2z)$",,,2019-06-21 10:42:13+00,1,2019-09-22 10:04:11+00,163,2,2,1
785,81,"",18,11,"Being $T: \mathbb{R}^3\longrightarrow\mathbb{R}^2$ a linear application such that $T(x,y,z)=(x+k,z+k)$, with $k\in \mathbb{R}$. Indicate for which values of $k$ that application is linear.",Basic,$k=0$,$k=1$,$k=2$,$k=\dfrac{1}{2}$,,,2019-06-21 10:44:11+00,1,2019-09-22 10:04:58+00,163,1,2,1
786,50,"",7,2,"Solve for $x$:

$x^4-10=6$",Basic,$x=\pm2$,$x=\pm1$,$x=\dfrac{6}{10}$,$x=15$,,,2019-06-26 13:49:04+00,1,2019-09-08 17:08:52+00,37,3,4,1
787,50,"",7,2,"Solve for $x$:

$5= 4 e^{3x}$",Basic,$x=0.0744$,$x=0.924$,$x=0.6694$,$x=-0.6694$,,,2019-06-26 13:52:21+00,1,2019-10-02 04:28:37+00,58,4,2,1
788,50,"",7,2,"Solve for $x$:

$5^{x+1}=2^{3x-2}$",Basic,$x=6.38$,$x=0.16$,$x=0.48$,$x=0.81$,,,2019-06-26 13:54:10+00,1,2019-10-02 04:37:14+00,58,4,2,1
789,50,"",7,2,"Solve for $x$:

$3^x=5$",Basic,$x=1.47$,$x=0.6$,$x=-1.47$,$x=0.06$,,,2019-06-26 13:55:56+00,1,2019-09-26 23:38:34+00,61,3,1,1
790,50,"",7,2,"Solve for $x$:

$\log_{10}{(x+3)} +\log_{10}{(x-1)}= 2\log_{10}{(x+2)}$",Advanced,$x=-\dfrac{7}{2}$,$x=\dfrac{7}{2}$,$x=-\dfrac{1}{6}$,$x=\dfrac{1}{2}$,,,2019-06-26 15:54:24+00,1,2019-09-08 17:13:15+00,37,5,5,1
791,50,"",7,2,"Evaluate:

$\dfrac{\log_{10}{16}-\log_{10}{32}+\dfrac{1}{3}\log_{10}{64}}{2\log_{10}{2}}$",Advanced,$\dfrac{1}{2}$,$\dfrac{1}{4}$,$1$,$2$,,,2019-06-26 15:58:42+00,1,2019-09-26 23:39:30+00,61,5,5,1
792,50,"",7,2,"Solve for $x$:

$\log_{3}{x}=5$",Advanced,$x=243$,$x=125$,$x=\pm 243$,$x=\pm 125$,,,2019-06-26 16:25:50+00,1,2019-09-26 23:40:15+00,61,3,2,1
793,50,"",7,2,"Solve for $x$:

$\frac{3}{7} x^2-1=5$",Basic,$x=\pm 3.74$,$x=3.74$,$x=\pm 1.6$,$x=- 1.6$,,,2019-06-26 16:28:45+00,1,2019-09-26 23:41:10+00,61,2,4,1
794,50,"",7,2,"Solve for $x$:

$\frac{x}{3} +2=6x$",Basic,$x=0.35$,$x=4.34$,$x=0$,$x=2.83$,,,2019-06-26 16:30:59+00,1,2019-09-26 23:41:48+00,61,1,4,1
795,50,"",7,2,"Solve for $x$:

$\frac{2x}{4}=3x^3$",Basic,"$x\in\{0,\pm 0.17\}$",$x=\pm 1.23$,$x=\pm 1.5$,$x=0$,,,2019-06-26 16:33:18+00,1,2019-09-26 23:45:20+00,61,2,1,1
796,50,"",7,2,"Solve for $x$:

$3^{x^2-1}=27$",Basic,$x=\pm 2$,$x=\pm 0.5$,$x=3$,$x=0.3$,,,2019-06-26 16:35:48+00,1,2019-09-26 23:45:37+00,61,4,1,1
797,50,"",7,2,"Simplify: 

$(p^\frac{1}{2}q^2r^{-2})(p^\frac{1}{6}q^\frac{1}{2}r)$",Advanced,$p^\frac{2}{3}q^\frac{5}{2}r^{-1}$,$p^\frac{3}{2}q^\frac{2}{5}r^{-1}$,$p^\frac{1}{12}qr^{-2}$,$p^\frac{4}{6}q^\frac{2}{5}r^{-1}$,,,2019-06-26 16:56:35+00,1,2019-09-26 23:46:30+00,61,3,2,1
798,50,"",7,2,"Simplify:

$(x^2)^\frac{1}{2} (y^2)^3(z^\frac{1}{2})^3$",Basic,$xy^6z^\frac{3}{2}$,$xy^5z^\frac{3}{2}$,$xy^5z^\frac{2}{3}$,$x^\frac{5}{2}y^8z^\frac{3}{2}$,,,2019-06-26 17:00:19+00,1,2019-09-08 17:19:03+00,37,3,1,1
799,50,"",7,2,"Simplify:

$\frac{a^3b^2}{ab^2-a^2b}$",Advanced,$\frac{a^2b}{b-a}$,$a^2b$,$ab^4$,$\frac{ab^5}{ab}$,,,2019-06-26 17:04:59+00,1,2019-09-26 23:47:00+00,61,4,6,1
800,50,"",7,2,"Simplify:

$(p^3)^\frac{1}{2}(q^2)^4$",Advanced,$p^\frac{3}{2}q^8$,$p^\frac{2}{3}q^2$,$p^2q^{16}$,$p^\frac{3}{2}q^6$,,,2019-06-26 17:07:59+00,1,2019-09-26 23:47:10+00,61,3,2,1
801,50,"",7,2,"Simplify:

$\frac{(ab^2)^3}{(a^\frac{1}{2}b^\frac{1}{4})^4}$",Advanced,$ab^5$,$\frac{a^3b^9}{a^2b}$,$\frac{ab}{a^2b}$,$\frac{a^3b^6}{a^2b}$,,,2019-06-26 17:16:50+00,1,2019-09-26 23:47:29+00,61,4,6,1
802,50,"",7,2,"Simplify 

$\frac{(p^3x^\frac{1}{2}y^{-\frac{1}{2}})(px)^\frac{1}{3}}{(\sqrt{p^3}\sqrt{x} y)}$

 expressing the answer with positive indices only.

",Advanced,$\frac{\sqrt[6]{p^{11}}\sqrt[3]{x}}{{\sqrt{y^3}}}$,$\frac{p^\frac{10}{3}x^\frac{5}{6}y-{^\frac{1}{2}}}{p^\frac{3}{2}x^\frac{1}{2}y}$,$\frac{\sqrt[6]{p^{11}}\sqrt[3]{x}}{{\sqrt{y}}}$,"$\frac{\sqrt[3]{p^{10}}\sqrt[6]{x^5}\sqrt[2]{y^{-1}}}{\sqrt[2]{p^3}\sqrt[2]{x}{y}}$
",,,2019-06-26 17:49:53+00,1,2019-09-26 23:50:26+00,61,5,5,1
803,50,"",7,2,"Simplify

$\frac{{a^2b^2c^\frac{1}{2}}}{{({a^\frac{3}{2}}bc^\frac{5}{2}})^2}$

expressing the answer with positive indices only.",Advanced,$\frac{1}{ac^\frac{9}{2}}$,$\frac{1}{a^\frac{3}{2}c^\frac{8}{2}}$,$\frac{{a^2b^2c^\frac{1}{2}}}{a^2b^2c^5}$,$\frac{{a^2b^2\sqrt[2]{c}}}{a^2b^2c^5}$,,,2019-06-26 18:05:19+00,1,2019-09-26 23:51:01+00,61,4,6,1
804,74,"",12,12,"Consider the following problem:

\[\begin{array}{ll}	
\text{Maximize} & Z= 3x_{1}+x_{2}+4x_{3}\\
\text{subject to} & 6x_{1}+3x_{2}+5x_{3}\leq 25 \text{ (resource 1)}\\
& 3x_{1}+4x_{2}+5x_{3}\leq 20 \text{ (resource 2)}\\
& x_{1}, x_{2}, x_{3}\geq 0\\ 
\end{array}
\]

Use the Solver Add-in in Excel to solve the problem. Choose the right answer to identify the allowable range for resource 1 to keep the optimal solution:",Advanced," $[20, 40]$","$[0, 40]$","$[20, \infty[$","$[5, 15]$   ",,,2019-06-30 07:52:04+00,1,2019-10-04 03:05:27+00,53,5,2,1
805,74,"",12,12,"Consider the following problem:

\[\begin{array}{ll}	
\text{Maximize} & Z= 3x_{1}+x_{2}+4x_{3}\\
\text{subject to} & 6x_{1}+3x_{2}+5x_{3}\leq 25 \text{ (resource 1)}\\
& 3x_{1}+4x_{2}+5x_{3}\leq 20 \text{ (resource 2)}\\
& x_{1}, x_{2}, x_{3}\geq 0\\ 
\end{array}
\]

Use the Solver Add-in in Excel to solve the problem. Complete the sentence ''The  quantity for  resource $2$ should stay in the interval...'' to keep the optimal solution:",Advanced,"$[12.5, 25]$","$[0, 25]$","$[5, \infty[$","$[5, 7.5]$",,,2019-06-30 07:56:38+00,1,2019-10-04 03:06:14+00,53,5,2,1
806,74,"",12,12,"Consider the following problem:

\[\begin{array}{ll}	
\text{Maximize} & Z= 3x_{1}+x_{2}+4x_{3}\\
\text{subject to} & 6x_{1}+3x_{2}+5x_{3}\leq 25 \text{ (resource 1)}\\
& 3x_{1}+4x_{2}+5x_{3}\leq 20 \text{ (resource 2)}\\
& x_{1}, x_{2}, x_{3}\geq 0\\ 
\end{array}
\]

Suppose that the only change in the original problem is that resource $1$ was decreased by $10$ units. Use the Solver Add-in in Excel to solve the new problem.

Choose the right answer:",Advanced,"$x_{1}=0, x_{2}=0, x_{3}=3$ ","$x_{1}=0, x_{2}=1, x_{3}=2$","$x_{1}=3, x_{2}=1, x_{3}=0$ ", None of them.,,,2019-06-30 07:59:15+00,1,2019-10-04 03:14:41+00,53,4,2,1
808,74,"",12,12,"Consider the following problem:

\[\begin{array}{ll}	
\text{Maximize} & Z= 3x_{1}+x_{2}+4x_{3}\\
\text{subject to} & 6x_{1}+3x_{2}+5x_{3}\leq 25 \text{ (resource 1)}\\
& 3x_{1}+4x_{2}+5x_{3}\leq 20 \text{ (resource 2)}\\
& x_{1}, x_{2}, x_{3}\geq 0\\ 
\end{array}
\]

Suppose that the only change in the original problem is that resource $2$ was increased by $10$ units. Use the Solver Add-in in Excel to solve the new problem. Choose the right answer:",Advanced," $x_{1}=0, x_{2}=0, x_{3}=5$","$x_{1}=2, x_{2}=1, x_{3}=3$"," $x_{1}=4, x_{2}=2, x_{3}=0$      ",None of them    ,,,2019-06-30 08:04:01+00,1,2019-10-04 03:15:16+00,53,4,2,1
809,74,"",12,12,"Consider the following problem:

\[\begin{array}{ll}	
\text{Maximize} & Z= 3x_{1}+x_{2}+4x_{3}\\
\text{subject to} & 6x_{1}+3x_{2}+5x_{3}\leq 25 \text{ (resource 1)}\\
& 3x_{1}+4x_{2}+5x_{3}\leq 20 \text{ (resource 2)}\\
& x_{1}, x_{2}, x_{3}\geq 0\\ 
\end{array}
\]

Suppose that the only change in the original problem is that new variable $x_{new}$ has been introduced into the model as follows:

\[\begin{array}{ll}	
\text{Maximize} & Z= 3x_{1}+x_{2}+4x_{3}+2x_{new}\\
\text{subject to} & 6x_{1}+3x_{2}+5x_{3}+3x_{new} \leq 25 \text{ (resource 1)}\\
& 3x_{1}+4x_{2}+5x_{3}+2x_{new} \leq 20 \text{ (resource 2)}\\
& x_{1}, x_{2}, x_{3}, x_{new} \geq 0\\ 
\end{array}
\]

Use the Solver Add-in in Excel to solve the new problem. Choose the right answer:",Advanced,"$x_{1}=0, x_{2}=0, x_{3}=2, x_{new}=5$ ","$x_{1}=0, x_{2}=1, x_{3}=2, x_{new}=5$ ","$x_{1}=3, x_{2}=1, x_{3}=0, x_{new}=5$","$x_{1}=3, x_{2}=1, x_{3}=0, x_{new}=3$",,,2019-06-30 08:06:52+00,1,2019-10-04 03:19:44+00,53,5,2,1
810,74,"",12,12,"Consider the following problem:

\[\begin{array}{ll}	
\text{Maximize} & Z= 3x_{1}+x_{2}+4x_{3}\\
\text{subject to} & 6x_{1}+3x_{2}+5x_{3}\leq 25 \text{ (resource 1)}\\
& 3x_{1}+4x_{2}+5x_{3}\leq 20 \text{ (resource 2)}\\
& x_{1}, x_{2}, x_{3}\geq 0\\ 
\end{array}
\]

Suppose that the only change in the original problem is that new  restriction has been introduced in the model as follows:

\[\begin{array}{ll}	
\text{Maximize} & Z= 3x_{1}+x_{2}+4x_{3}\\
\text{subject to} & 6x_{1}+3x_{2}+5x_{3} \leq 25 \text{ (resource 1)}\\
& 3x_{1}+4x_{2}+5x_{3} \leq 20 \text{ (resource 2)}\\
& 2x_{1}+3x_{2}+4x_{3} \leq 8 \text{ (resource 3)}\\
& x_{1}, x_{2}, x_{3} \geq 0\\ 
\end{array}
\]

Use the Solver Add-in in Excel to solve the new problem. Choose the right answer:",Advanced,"$x_{1}=4, x_{2}=0, x_{3}=0$","$x_{1}=3, x_{2}=1, x_{3}=1$"," $x_{1}=2, x_{2}=0, x_{3}=1$"," $x_{1}=0, x_{2}=1, x_{3}=2$  ",,,2019-06-30 08:09:49+00,1,2019-10-04 03:23:09+00,53,5,2,1
811,74,"",12,12,"Consider the following problem:

\[\begin{array}{ll}	
\text{Maximize} & Z= 3x_{1}+x_{2}+4x_{3}\\
\text{subject to} & 6x_{1}+3x_{2}+5x_{3}\leq 25 \text{ (resource 1)}\\
& 3x_{1}+4x_{2}+5x_{3}\leq 20 \text{ (resource 2)}\\
& x_{1}, x_{2}, x_{3}\geq 0\\ 
\end{array}
\]

Suppose that the only change in the original problem is that new variable $x_{new}$ has been introduced into the model as follows:

\[\begin{array}{ll}	
\text{Maximize} & Z= 3x_{1}+x_{2}+4x_{3}+2x_{new}\\
\text{subject to} & 6x_{1}+3x_{2}+5x_{3}+3x_{new} \leq 25 \text{ (resource 1)}\\
& 3x_{1}+4x_{2}+5x_{3}+2x_{new} \leq 20 \text{ (resource 2)}\\
& x_{1}, x_{2}, x_{3}, x_{new} \geq 0\\ 
\end{array}
\]

Use the Solver Add-in in Excel to solve the new problem. Choose the right answer:",Advanced,$Z=18$ ,$Z=22$,$Z=17$, $Z=14$  ,,,2019-06-30 08:16:53+00,1,2019-10-04 03:20:37+00,53,5,2,1
812,74,"",12,12,"Consider the following problem:

\[\begin{array}{ll}	
\text{Maximize} & Z= 3x_{1}+x_{2}+4x_{3}\\
\text{subject to} & 6x_{1}+3x_{2}+5x_{3}\leq 25 \text{ (resource 1)}\\
& 3x_{1}+4x_{2}+5x_{3}\leq 20 \text{ (resource 2)}\\
& x_{1}, x_{2}, x_{3}\geq 0\\ 
\end{array}
\]

Suppose that the only change in the original problem is that new  restriction has been introduced in the model as follows:

\[\begin{array}{ll}	
\text{Maximize} & Z= 3x_{1}+x_{2}+4x_{3}\\
\text{subject to} & 6x_{1}+3x_{2}+5x_{3} \leq 25 \text{ (resource 1)}\\
& 3x_{1}+4x_{2}+5x_{3} \leq 20 \text{ (resource 2)}\\
& 3x_{1}+x_{2}+2x_{3} \leq 8 \text{ (resource 3)}\\
& x_{1}, x_{2}, x_{3} \geq 0\\ 
\end{array}
\]

Use the Solver Add-in in Excel to solve the new problem. Choose the right answer:",Advanced,$Z=16$,$Z=20$,$Z=12$,$Z=10$  ,,,2019-06-30 08:20:27+00,1,2019-10-04 03:23:44+00,53,5,2,1
818,53,"",12,13,"The local extrema of the function
\[
f:\mathbb{R}^{2}\rightarrow\mathbb{R},\text{ }f(x,y)=6x^{2}y+2y^{3}-45x-51y+7
\]
is:",Basic,"$\left(  \frac{3}{2},\frac{5}{2}\right)  $ is a local minimizer and $\left(  -\frac{3}{2},-\frac{5}{2}\right)  $ is a local maximizer.","$\left(  \frac{3}{2},\frac{5}{2}\right) , \left(\frac{5}{2},\frac{3}{2}\right)  ,\left(  -\frac{5}{2},-\frac{3}{2}\right)  $ are local minimizers.","$\left(  \frac{3}{2},\frac{5}{2}\right) , \left(\frac{5}{2},\frac{3}{2}\right) ,\left(  -\frac{5}{2},-\frac{3}{2}\right),\left(  -\frac{3}{2},-\frac{5}{2}\right)  $ are local maximizers.","$\left(  \frac{3}{2},\frac{5}{2}\right)  $ is a local maximizer and $\left(  -\frac{3}{2},-\frac{5}{2}\right)  $ is a local minimizer.",,,2019-07-04 04:45:40+00,1,2019-10-02 05:28:42+00,58,1,2,1
819,53,"",12,13,"Maximize $f:\mathbb{R}^{3}\rightarrow\mathbb{R}$ given by $f(x_{1},x_{2},x_{3})=x_{1}x_{2}x_{3}$ under the restrictions $x_{1},x_{2},x_{3}\geq0$ and $2x_{1}+2x_{2}+4x_{3}\leq6$.",Advanced,$\dfrac{1}{2}$,$1$,$2$,$6$,,,2019-07-04 04:50:56+00,1,2019-10-02 05:28:58+00,58,4,5,1
820,53,"",12,13,"Study the local minima of the function
\[
f:\mathbb{R}^{2}\rightarrow\mathbb{R},\text{ }f(x,y)=x^{4}+y^{4}%
\]",Basic,"$(0,0)$ is a minimizer.","$(0,0)$ and $(-1,1)$ are minimizers.","$(1,1)$ is a minimizer.","$(2,-1)$ is a minimizer.",,,2019-07-04 04:57:28+00,1,2019-09-26 23:53:32+00,61,3,4,1
821,53,"",12,13,"Study the local extrema of the following function
\[
f:\mathbb{R}^{2}\rightarrow\mathbb{R},\text{ }f(x,y)=x^{2}+y^{3}%
\].",Basic,It doesn't exist.,"$(0,0)$.","$(1,1)$.","$(0,0), (1,1)$.",,,2019-07-04 05:04:23+00,1,2019-10-09 17:15:08+00,37,3,3,1
822,53,"",12,13,"Let $f:\mathbb{R}^{2}\rightarrow\mathbb{R},$ $f(x,y)=3x^{4}-4x^{2}y+y^{2}.$ 

Find the minimizers of the function $f$.",Advanced,It doesn't exist.,"$(0,0)$","$(0,1)$","$(1,1)$",,,2019-07-04 05:08:23+00,1,2019-10-19 05:10:56+00,38,3,1,1
823,53,"",12,13,"Consider the Rosenbrock function $f:\mathbb{R}^{2}\rightarrow\mathbb{R}$ given by $f(x,y)=(1-x)^{2}+100(y-x^{2})^{2}.$ 

Find the function minimizers.",Advanced,"$(1,1)$","$(0,0)$","$(0,0), (1,1)$",It doesn't exist.,,,2019-07-04 05:12:15+00,1,2019-10-19 05:12:03+00,38,3,1,1
824,53,"",12,13,"The set of all the closest points to the origin on the surface:
\[
x_{1}x_{2}+x_{1}x_{3}+x_{2}x_{3}=1
\]
is:",Advanced,"$\left\{  \left(  \frac{1}{\sqrt{3}},\frac{1}{\sqrt{3}},\frac{1}{\sqrt{3}%
}\right)  ,\left(  -\frac{1}{\sqrt{3}},-\frac{1}{\sqrt{3}},-\frac{1}{\sqrt{3}%
}\right)  \right\}  $","$\left\{  \left(  \frac{1}{\sqrt{3}},\frac{1}{\sqrt{3}},\frac{1}{\sqrt{3}%
}\right)   \right\}  $","$\left\{ \left(  -\frac{1}{\sqrt{3}},-\frac{1}{\sqrt{3}},-\frac{1}{\sqrt{3}%
}\right)  \right\}  $","$\left\{ (1,1,0) \right\}  $",,,2019-07-04 05:16:49+00,1,2019-10-02 05:29:17+00,58,4,5,1
825,53,"",12,13,"Let $A$ be a symmetric square matrix of dimension $p$ which has the eigenvalues $1,2,3,...,p.$ We consider the function
\[ f:\mathbb{R}^{p}\rightarrow\mathbb{R}, f(x)=\left\langle Ax,x\right\rangle . \] Find the minimum value of this function on the unit sphere of $\mathbb{R}^{p}.$",Advanced,$1$,$2$,$0$,$p$,,,2019-07-04 05:29:00+00,1,2019-10-02 05:29:36+00,58,5,5,1
826,53,"",12,13,"Let $A$ be a symmetric square matrix of dimension $p$ which has the eigenvalues $1,2,3,...,p.$ We consider the function
\[ f:\mathbb{R}^{p}\rightarrow\mathbb{R}, f(x)=\left\langle Ax,x\right\rangle . \] Find the maximum value of this function on the unit sphere of $\mathbb{R}^{p}.$",Advanced,$p$,$3$,$2$,$1$,,,2019-07-04 05:36:28+00,1,2019-10-02 05:29:56+00,58,5,5,1
827,53,"",12,13,"Solve the problem to minimize and to maximize the objective function 
\[f:\mathbb{R}^{3}\rightarrow\mathbb{R}, f(x_{1},x_{2},x_{3})=x_{1}x_{2}x_{3} \]under the constraint 
\[x_{1}x_{2}+x_{1}x_{3}+x_{2}x_{3}-8=0.\]",Advanced,"$f\left(  -\frac{2\sqrt{6}}{3},-\frac{2\sqrt{6}}{3},-\frac{2\sqrt{6}}{3}\right)$ is the minimum.
$f\left(  \frac{2\sqrt{6}}{3},\frac{2\sqrt{6}}{3},\frac{2\sqrt{6}}{3}\right)  \ $ is the maximum.","$f\left(  -\frac{2\sqrt{6}}{3},-\frac{2\sqrt{6}}{3},-\frac{2\sqrt{6}}{3}\right)$ is the maximum.
 $f\left(  \frac{2\sqrt{6}}{3},\frac{2\sqrt{6}}{3},\frac{2\sqrt{6}}{3}\right)  \ $ is the minimum.",The fuction has no extremum points.,"$f(0,0,0)$ is the minimum.
$f(1,1,1)$ is the maximum.",,,2019-07-04 05:39:31+00,1,2019-10-02 05:30:07+00,58,5,5,1
828,53,"",16,,"The general solution of the differential equation 
$$x''-5x'+4x=0$$ 
with initial conditions $x(0)=0 \text{ and } x'(0)=3$, where $x=x(t)$ is the unknown function is:",Basic,$x(t)=-\e^t+\e^{4t}$.,$x(t)=\e^t+\e^{4t}$.,$x(t)=-\e^t-\e^{4t}$.,$x(t)=\cos(t)+\sin(4t)$.,,,2019-07-04 05:51:02+00,1,2019-07-24 08:19:14+00,38,2,2,1
829,53,"",16,,"The general solution of the differential equation
$$x''-2x'+2x = \cos(t)$$
where $x=x(t)$ is the unknown function is:",Basic,"$x(t) = C_{1}e^t\cos(t) + C_{2}e^t\sin(t) + \dfrac{1}{5}\cos(t)-\dfrac{2}{5}\sin(t), \text{where } C_{1},C_{2} \in \mathbb{R}$.","$x(t) = C_{1}e^t\cos(t) - C_{2}e^t\sin(t), \text{where } C_{1},C_{2} \in \mathbb{R}$.",$x(t) = \dfrac{1}{5}\cos(t) - \dfrac{2}{5}\sin(t)$.,"$x(t) = C_{1}e^t - C_{2}te^t + \dfrac{1}{5}\cos(t) - \dfrac{2}{5}\sin(t), \text{where } C_{1},C_{2} \in \mathbb{R}$.",,,2019-07-04 23:34:01+00,1,2019-07-24 08:27:57+00,38,3,2,1
830,53,"",16,,"The general solution of the differential equation
$$x'''+x' = \dfrac{\sin(t)}{\cos^{2}(t)}$$
where $x=x(t)$ is the unknown function, and $t\in\left(0,\dfrac{\pi}{2}\right)$ is:",Advanced,"$x(t)=C_{1}+C_{2}\cos( t)+C_{3}\sin (t)+\dfrac{1}{\cos (t)}+\cos (t)\cdot\ln\left(  \cos
(t)\right)  +(-\tan (t)+t)\cdot\sin (t),\quad C_{1},C_{2},C_{3}\in\mathbb{R}$.","$x(t)=C_{1}+C_{2}\cos (t)+C_{3}\sin (t),\quad C_{1},C_{2},C_{3}\in\mathbb{R}$.",$x(t)=\dfrac{1}{\cos (t)}+\cos (t)\cdot\ln\left(\cos(t)\right)  +(-\tan (t)+t)\cdot\sin (t)$.,"$x(t) = C_{1}\cos(t) + C_{2}\sin(t) + \dfrac{1}{\sin (t)} + (-\tan (t)+t)\cdot\sin(t), \text{where } C_{1},C_{2} \in \mathbb{R}$.",,,2019-07-04 23:53:35+00,1,2019-09-11 06:53:09+00,38,5,3,1
831,53,"",16,,"The general solution of the following differential equation
\[
x'+x\cdot\tan( t)=\dfrac{1}{\cos (t)},
\] where $x=x(t)$ is the unknown function, and $t\in\left(  0,\dfrac{\pi}{2}\right)  ,$ is:",Basic,"$x(t)=\sin (t)+C\cos (t),\quad C\in\mathbb{R}$","$x(t)=\dfrac{t+C}{\cos (t)},\quad C\in\mathbb{R}$","$x(t)=\dfrac{\tan (t)+C}{\cos (t)},\quad C\in\mathbb{R}$","$x(t)=C\cos (t),\quad C\in\mathbb{R}$",,,2019-07-05 00:08:00+00,1,2019-09-11 07:10:12+00,38,5,3,1
832,53,"",16,,"The general solution of the following differential equation
$$x'=2t\cdot\left(1+x^{2}\right)$$
where $x=x(t)$ is the unknown function is:",Basic,"$x(t) = \tan\left(t^2+C\right), \text{where } C \in \mathbb{R}$.",$x(t) = \tan(t^2)$.,"$x(t) = \arctan\left(t^2+C\right), \text{where } C \in \mathbb{R}$.",$x(t) = \arctan\left(t^2\right)$.,,,2019-07-05 00:13:25+00,1,2019-09-11 07:13:27+00,38,1,1,1
833,59,"",16,,"Find the general solution of the equation $y^2\,dx-(2xy+3)\,dy=0$.",Advanced,"$x = Cy^2-y^{-1}, \text{where } C\in\mathbb{R}$.","$x = Cy^3-y^{-1}, \text{where } C\in\mathbb{R}$.","$x = Cy^2+y^{-1}, \text{where } C\in\mathbb{R}$.","$x = Cy^3+y^{-1}, \text{where } C\in\mathbb{R}$.",,,2019-07-09 03:18:48+00,1,2019-09-11 07:23:40+00,38,3,2,1
834,59,"",16,,"Solve the following differential equation 
$$tx'+x-t^2\sin (t) = 0$$
with initial condition $x\left(\frac{\pi}{2}\right) = 4$, and $t>0$.",Basic,$x=\displaystyle{\frac{1}{t}\left(2\cos (t)+2t\sin (t)-t^2\cos (t)+\pi\right)}$.,$x=\displaystyle{\frac{1}{t}\left(2\cos^2 (t)+2t\sin (t)-t^2\cos (t)+\pi\right)}$.,$x=\displaystyle{\frac{1}{t}\left(3\cos (t)+2t\sin (t)-t^3\cos (t)+\pi\right)}$.,$x=\displaystyle{\frac{1}{t}\left(3\cos^2 (t)+2t\sin (t)+t^2\cos (t)+\pi\right)}$.,,,2019-07-09 03:22:34+00,1,2019-09-11 09:27:26+00,38,2,2,1
835,59,"",16,,"Find the general solution of the equation
$$\displaystyle{\left(x^3+2xy^2+\frac{1}{x}\right)\,dx+\left(y^4+2x^2y+\frac{1}{y}\right)\,dy=0,\ x\neq 0,\ y\neq 0}$$",Basic,"$\displaystyle{5x^4+4y^5+20x^2y^2+20\ln |xy|=C, \text{where} C \in \mathbb{R}}$.","$\displaystyle{4x^4+5y^5+20x^2y^2+20\ln |xy|=C, \text{where} C \in \mathbb{R}}$.","$\displaystyle{5x^5+4y^4+20x^2y^2+20\ln |xy|=C, \text{where} C \in \mathbb{R}}$.","$\displaystyle{4x^5+5y^4+20x^2y^2+20\ln |xy|=C, \text{where} C \in \mathbb{R}}$.",,,2019-07-09 03:24:43+00,1,2019-09-11 07:36:43+00,38,2,2,1
836,59,"",16,,"Find the general solution of the equation
$$\displaystyle{x''-4x=e^{2t}(11\cos (t)-7\sin (t))}.$$",Basic,"$\displaystyle{x=C_1e^{-2t}+C_2e^{2t}+e^{2t}(\cos (t)+3\sin  (t)),\ C_1, C_2\in \mathbb{R}}.$","$\displaystyle{x=C_1e^{-2t}+C_2e^{2t}+e^{2t}(2\cos  (t)-3\sin (t)),\ C_1, C_2\in \mathbb{R}}.$","$\displaystyle{x=C_1e^{-2t}+C_2e^{2t}+e^{2t}(3\cos (t)+2\sin (t)),\ C_1, C_2\in \mathbb{R}}.$","$\displaystyle{x=C_1e^{-2t}+C_2e^{2t}+e^{2t}(2\cos (t)+\sin (t)),\ C_1, C_2\in \mathbb{R}}.$",,,2019-07-09 03:26:30+00,1,2019-09-11 07:39:50+00,38,4,1,1
837,59,"",16,,"Using the variation of constants method find the general solution of the equation
$$\displaystyle{x''-3x'+2x=\frac{e^{3t}}{1+e^{2t}}}.$$",Basic,"$\displaystyle{x=C_1e^{t}+C_2e^{2t}+e^{2t}\arctan (e^t)-\frac{1}{2}\,e^t\ln(1+e^{2t}),\ C_1, C_2\in \mathbb{R}}.$","$\displaystyle{x=C_1e^{t}+C_2e^{2t}+e^{t}\arctan (e^t)-\frac{1}{2}\,e^t\ln(1+e^{2t}),\ C_1, C_2\in \mathbb{R}}.$","$\displaystyle{x=C_1e^{t}+C_2e^{2t}+e^{2t}\arctan (e^t)+\frac{1}{2}\,e^t\ln(1+e^{2t}),\ C_1, C_2\in \mathbb{R}}.$","$\displaystyle{x=C_1e^{t}+C_2e^{2t}+e^{t}\arctan (e^t)+\frac{1}{2}\,e^t\ln(1+e^{2t}),\ C_1, C_2\in \mathbb{R}}.$",,,2019-07-09 03:29:23+00,1,2019-09-11 09:20:35+00,38,5,3,1
838,59,"",15,41,"Find $\ell_1 = \lim\limits_{x \to 0}(\lim\limits_{y \to 0}f(x,y)),\, \ell_2=\lim\limits_{y \to 0}(\lim\limits_{x \to 0}f(x,y)),$ and $\ell = \lim\limits_{(x,y) \to (0,0)}f(x,y),$ where $$f(x,y)=\frac{x^2y^2}{x^2y^2+(x-y)^4}$$
and $(x,y) \in \mathbb{R}^2 \setminus (0,0)$.",Basic,"$\ell_1=\ell_2=0$, and $\ell$ doesn't exist.",$\ell_1=\ell_2=\ell=0$.,"$\ell_1=\ell_2=1$, and $\ell$ doesn't exist.",$\ell_1=\ell_2=\ell=1$.,,,2019-07-09 03:32:24+00,1,2019-09-22 07:12:55+00,67,2,4,1
839,59,"",15,41,"Find $\ell_1 = \lim\limits_{x \to 0}(\lim\limits_{y \to 0}f(x,y)),\, \ell_2 = \lim\limits_{y \to 0}(\lim\limits_{x \to 0}f(x,y)),$ and $\ell = \lim\limits_{(x,y) \to (0,0)}f(x,y),$ where
$$f(x,y)=(x^2+y^4)\cdot\sin\frac{1}{x^2}\cdot\cos\frac{1}{y^4}$$
and $x \neq 0,\, y \neq 0$.",Basic,"$\ell_1$ and $\ell_2$ don't exist, and $\ell=0$.",$\ell_1=\ell_2=\ell=0$.,"$\ell_1$ and $\ell_2$ don't exist, and $\ell=2$.",$\ell_1=\ell_2=\ell=1$.,,,2019-07-09 03:34:36+00,1,2019-10-02 04:49:11+00,58,4,5,1
854,127,"",18,8,"Which of the following matrices is similar to $ A = \begin{bmatrix}
1 & 1 \\
-2 & 4 \end{bmatrix}$? ",Advanced,"$\begin{bmatrix}
2 & 0 \\
0 & 3 \end{bmatrix}$","$\begin{bmatrix}
2 & 1 \\
-2 & 3 \end{bmatrix}$","$\begin{bmatrix}
1 & 0 \\
0 & 4 \end{bmatrix}$","$\begin{bmatrix}
0 & 1 \\
-2 & 0 \end{bmatrix}$",,,2019-07-10 03:50:27+00,1,2019-07-27 17:52:24+00,64,4,3,1
840,59,"",15,41,"Find $\ell_1 = \lim\limits_{x \to 0}(\lim\limits_{y \to 0}f(x,y)),\, \ell_2 = \lim\limits_{y \to 0}(\lim\limits_{x \to 0}f(x,y)),$ and $\ell=\lim\limits_{(x,y)\to (0,0)}f(x,y),$ where
$$f(x,y) = \frac{x\cdot\sin\displaystyle\frac{1}{x}+y}{x+y}$$
and $x+y \neq 0$.",Basic,"$\ell_1$ and $\ell$ don't exist, and $\ell_2=1$.","$\ell_1$ and $\ell_2$ don't exist, and $\ell=1$.","$\ell_2$ and $\ell$ don't exist, and $\ell_1=1$.",$\ell_1=\ell_2=\ell=1$.,,,2019-07-09 03:38:25+00,1,2019-10-02 04:52:09+00,58,4,1,1
841,59,"",15,41,"Find the domain of the function
$$f(x,y)=\arcsin \left(\dfrac{x}{y^2}\right) + \arccos \left(1-y\right)$$",Basic,"$\left\{(x,y)\in \mathbb{R}^2\mid\ -y^2\leq x\leq y^2,\ 0< y\leq 2\right\}$.","$\left\{ (x,y)\in \mathbb{R}^2\mid\ -y^2\leq x\leq y^2,\ 0\leq y\leq 1\right\}$.","$\left\{(x,y)\in \mathbb{R}^2\mid\ -y^2\leq x\leq y^2,\ 0< y\leq 1\right\}$.","$\left\{(x,y)\in \mathbb{R}^2\mid\ -y^2\leq x\leq y^2,\ 0< y< 2\right\}$.",,,2019-07-09 03:43:40+00,1,2019-10-02 04:53:38+00,58,1,1,1
842,59,"",15,41,"Find the domain and the image of the function

$$f(x,y,z)=\sqrt{(x^2+y^2+z^2-1)(4-x^2-y^2-z^2)}$$",Advanced,"The domain is $\left\{(x,y,z)\in \mathbb{R}^3\mid\ 1\leq x^2+y^2+z^2\leq 4\right\}$ and the image is the interval $\left[0,\displaystyle\frac{3}{2}\right]$.","The domain is $\left\{(x,y,z)\in \mathbb{R}^3\mid\ 1\leq x^2+y^2+z^2\leq 4\right\}$ and the image is the interval $\left[0,\displaystyle\frac{1}{2}\right]$.","The domain is $\left\{(x,y,z)\in \mathbb{R}^3\mid\ 1\leq x^2+y^2+z^2\leq 4\right\}$ and the image is the interval $\left[0,\displaystyle\frac{5}{2}\right]$.","The domain is $\left\{(x,y,z)\in \mathbb{R}^3\mid\ 1\leq x^2+y^2+z^2\leq 4\right\}$ and the image is the interval $\left[\displaystyle\frac{1}{2},\displaystyle\frac{3}{2}\right]$.",,,2019-07-09 03:52:11+00,1,2019-10-02 05:07:18+00,58,2,3,1
843,59,"",15,41,"Find the domain, the image and the continuity points set of the function
$$f(x,y)=\begin{cases}
\frac{2-\sqrt{4-x^2-y^2}}{x^2+y^2} & \text{if } (x,y) \neq (0,0) \\
\frac{1}{4} & \text{if } (x,y) = (0,0)
\end{cases}$$ ",Basic,"The domain is $D=\left\{(x,y)\in \mathbb{R}^2 \mid x^2+ y^2 \leq 4\right\}$, the image is $\left[\displaystyle\frac{1}{4},\displaystyle\frac{1}{2}\right]$ and $f$ is continuous on $D$.","The domain is $D=\left\{(x,y)\in \mathbb{R}^2 \mid  x^2+ y^2 \leq 4\right\}$, the image is $\left[\displaystyle\frac{1}{4},2\right]$ and $f$ is continuous on $D$.","The domain is $D=\left\{(x,y)\in \mathbb{R}^2 \mid  x^2+ y^2 \leq 4\right\}$, the image is $\left[\displaystyle\frac{1}{4},\displaystyle\frac{1}{2}\right]$ and $f$ is continuous on $D\setminus\{(0,0)\}$.","The domain is $D=\left\{(x,y)\in \mathbb{R}^2 \mid  x^2+ y^2 \leq 4\right\}$, the image is $\left[\displaystyle\frac{1}{4},2\right]$ and $f$ is continuous on $D\setminus\{(0,0)\}$.",,,2019-07-09 04:01:17+00,1,2019-12-01 11:41:53+00,67,3,4,1
844,59,"",15,41,"Find $\ell_1=\lim\limits_{x \to 0}(\lim\limits_{y \to 0}f(x,y)),\, \ell_2=\lim\limits_{y \to 0}(\lim\limits_{x \to 0}f(x,y)),$ and $\ell = \lim\limits_{(x,y) \to (0,0)}f(x,y),$ where
$$f(x,y)= x^2\sin^2\left(\frac{1}{y^2}\right) + y^2\cos^2\left(\frac{1}{x^2}\right)$$",Basic,"$\ell_1$ and $\ell_2$ don't exist, and $\ell=0$.","$\ell_1=\ell_2=1$, and $\ell=2$.",$\ell_1=\ell_2=\ell=0$.,$\ell_1=\ell_2=\ell=1$.,,,2019-07-09 04:07:35+00,1,2019-12-01 11:42:06+00,67,4,2,1
845,59,"",15,41,"Find $\ell_1 = \lim\limits_{x \to +\infty}(\lim\limits_{y \to +\infty}f(x,y)),\, \ell_2 = \lim\limits_{y \to +\infty}(\lim\limits_{x \to +\infty}f(x,y)),$ and $\ell = \lim\limits_{(x,y) \to (+\infty,+\infty)}f(x,y),$ where
$$f(x,y)=\left(\frac{xy}{x^2+y^2}\right)^{y^2}$$",Advanced,$\ell_1=\ell_2=\ell=0$.,$\ell_1=\ell_2=\ell=1$.,$\ell_1=\ell_2=\ell=e$.,"$\ell_1=0$, $\ell_2$ 'doesn't exist, and $\ell=e$",,,2019-07-09 04:11:09+00,1,2019-12-01 11:42:23+00,67,4,5,1
846,59,"",15,41,"Find the continuity points set of the function
$$f(x,y,z) = \begin{cases}
\left(1+\frac{1}{x^2+y^2}\right)^{-(x^2+y^2+z^2)} & \text{if } (x,y,z) \in \left(\mathbb{R}^2\setminus\{(0,0)\}\right)\times\mathbb{R} \\
\lambda & \text{if } (x,y,z) \in \{(0,0)\}\times\mathbb{R}
\end{cases}$$
where $\lambda \in \mathbb{R}$.",Advanced,"If $\lambda=0$, then $f$ is continuous on $\mathbb{R}^3 \setminus \{(0,0,0)\}$. 
If $\lambda \neq 0$, then $f$ is continuous on $\left(\mathbb{R}^2 \setminus \{(0,0)\}\right)\times\mathbb{R}$.","If $\lambda=e$, then $f$ is continuous on $\mathbb{R}^3 \setminus \{(0,0,0)\}$.
If $\lambda\neq e$, then $f$ is continuous on $\left(\mathbb{R}^2 \setminus \{(0,0)\}\right)\times\mathbb{R}$.","If $\lambda=1$, then $f$ is continuous on $\mathbb{R}^3\setminus\{(0,0,0)\}$.
If $\lambda \neq 1$, then $f$ is continuous on $\left(\mathbb{R}^2\setminus\{(0,0)\}\right)\times\mathbb{R}$.","For each $\lambda\in\mathbb{R}$, $f$ is continuous on $\mathbb{R}^3\setminus\{(0,0,0)\}$.",,,2019-07-09 04:14:46+00,1,2019-12-01 11:42:41+00,67,5,2,1
847,59,"",15,41,"Find the continuity points set of the function
$$f(x,y,z) = \begin{cases}
\left(1+ \frac{x^2+y^2}{z^2}\right)^{\frac{x^2}{x^2+y^2+z^2}} & \text{if } (x,y,z) \in \mathbb{R}^2\times\left(\mathbb{R}\setminus\{0\}\right) \\
\lambda & \text{if } (x,y,z) \in \mathbb{R}^2\times \{0\}
\end{cases}$$
where $\lambda\in\mathbb{R}$.",Advanced,"For each $\lambda\in\mathbb{R}$, the function $f$ is continuous on $\mathbb{R}^2\times\left(\mathbb{R}\setminus\{0\}\right)$.","If $\lambda=0$ then $f$ is continuous on $\mathbb{R}^3\setminus\{(0,0,0)\}$.","If $\lambda=0$ then $f$ is continuous on $\left(\mathbb{R}^2\setminus\{(0,0)\}\right)\times \mathbb{R}$.",If $\lambda=0$ then $f$ is continuous on $\mathbb{R}^3$.,,,2019-07-09 04:20:42+00,1,2019-12-01 11:43:01+00,67,5,2,1
848,127,"",18,8,"The eigenvalues of the matrix $A$ are $\{1, 3\}$. 

Which of the following sets contains the eigenvalues of $A^2$?",Basic,"$\{1, 9\}$ "," $\{-1, -3\}$","$\{2, 9\}$"," $\{-1, 9\}$ ",,,2019-07-10 03:35:57+00,1,2019-07-27 17:48:50+00,64,4,3,1
849,127,"",18,8,"The eigenvalues of the matrix $A$ are $\{1, 3\}$. 

Which of the following sets contains the eigenvalues of $A^{-1}$?",Basic,"$\{1, \frac{1}{3}\}$.  ","$\{1, 9\}$.","$\{-1, -9\}$.","$\{1, 3\}$.",,,2019-07-10 03:38:11+00,1,2019-07-27 17:49:19+00,64,3,3,1
850,127,"",18,8,"The set of eigenvalues of the matrix $A$ is $\{-2, 2\}$. 

Which of the following sets contains the eigenvalues of $A+4I$, where $I$ denotes the identity matrix?",Basic,"$\{2, 6\}$","$\{-2, 2\}$","$\{2, 0\}$","$\{-\frac{1}{2}, \frac{1}{2}\}$",,,2019-07-10 03:39:51+00,1,2019-07-27 17:49:46+00,64,4,2,1
851,127,"",18,8,"The eigenvalues of the matrix $A$ are $\{-2, 2\}$. 

Which of the following sets contains the eigenvalues of $A^3$?",Basic,"$\{-8, 8\}$ ","$\{8, 8\}$","$\{0, 2\}$","$\{1, 1\}$ ",,,2019-07-10 03:42:20+00,1,2019-07-27 17:50:17+00,64,4,4,1
852,127,"",18,8,"The set of eigenvalues of the matrix $A$ is $\{0, 1\}$. 

Which of the following sets contains the eigenvalues of $A-3I$, where $I$ denotes the identity matrix?",Basic,"$\{-3, -2\}$","$\{0, 1\}$","$\{1, 3\}$"," $\{3, 2\}$",,,2019-07-10 03:45:14+00,1,2019-07-27 17:50:56+00,64,4,4,1
853,127,"",18,8,"The set of eigenvalues of the $3 \times 3$ real matrix $A$ is $\{0, 1, 2\}$. 

The rank of $A$ is:",Basic,$2$, $0$, $1$,$3$,,,2019-07-10 03:48:18+00,1,2019-07-27 17:51:53+00,64,5,4,1
856,127,"",18,8,"The matrix  $A = \begin{bmatrix}
1 & 0 \\
-2 & 1 \end{bmatrix}$ is similar to the matrix:",Advanced," $\begin{bmatrix}
1 & 0 \\
0 & 1 \end{bmatrix}$","$\begin{bmatrix}
0 & 1 \\
1 & 0 \end{bmatrix}$","$\begin{bmatrix}
-1 & -2 \\
0 & 1 \end{bmatrix}$","$\begin{bmatrix}
1 & 1 \\
-2 & 0 \end{bmatrix}$",,,2019-07-10 03:54:24+00,1,2019-07-27 17:52:43+00,64,4,4,1
857,127,"",18,8,"The matrix $A = \begin{bmatrix}
1 & 4 \\
1 & -2 \end{bmatrix}$ is similar to the matrix:",Advanced,"$\begin{bmatrix}
2 & 0 \\
0 & -3 \end{bmatrix}$","$\begin{bmatrix}
2 & 4 \\
1 & -3 \end{bmatrix}$","$\begin{bmatrix}
-1 & 0 \\
0 & 1 \end{bmatrix}$"," $\begin{bmatrix}
1 & 0 \\
0 & 0 \end{bmatrix}$",,,2019-07-10 03:56:28+00,1,2019-07-27 17:52:52+00,64,4,4,1
858,61,"",12,13,"Find the local extrema for the function $f:{\mathbb R}\longrightarrow {\mathbb R}$ given by $f(x,y)=(x+1)(y+1)(x+y).$",Basic,"M($-\frac{1}{3},-\frac{1}{3}$) is the minimizer, and $f_{minimizer}=-\frac{8}{27}$.","M($\frac{1}{3},\frac{1}{3}$) is the maximizer, and $f_{maximizer}=\frac{8}{27}$.","M($2,3$) is the minimizer, and $f_{minimizer}=60$.","M($-\frac{1}{3},-\frac{1}{3}$) is the minimizer, N($\frac{1}{3},\frac{1}{3}$) is the maximizer, $f_{minimizer}(M)=-\frac{8}{27}$, and $f_{maximizer}(N)=\frac{8}{27}$.",,,2019-07-14 01:14:58+00,1,2019-09-27 00:01:17+00,61,4,1,1
859,61,"",12,13,"Find relative extrema of the function $f:{\mathbb R}^3\rightarrow {\mathbb R}$ given by $f(x,y,z)=x^2+y^2+z^2-xy+x-2z.$ ",Basic,"$M(-\frac{2}{3},-\frac{1}{3},1)$ is the minimizer.","$M(2,3,1)$ is the maximizer.","$M(-\frac{2}{3},-\frac{1}{3},1)$ is the minimizer and $N(\frac{2}{3},\frac{1}{3},1)$ is the maximizer.","$M(-2,-3,1)$ is the minimizer and $N(2,3,1)$ is the maximizer.",,,2019-07-14 01:24:24+00,1,2019-09-27 00:01:52+00,61,4,4,1
860,61,"",12,13,"Find the relative extrema of the function $f:(0,\infty)\times(0,\infty)\times(0,\infty) \longrightarrow {\mathbb R}$ which is given by $f(x,y,z)=x+\displaystyle \frac{y^2}{4x}+\frac{z^2}{y}+\frac{2}{z}.$",Basic,"$M(\frac{1}{2},1,1)$ is the minimizer.","$M(\frac{2}{3},\frac{1}{3},1)$ is the minimizer and $N(\frac{2}{3},\frac{1}{3},1)$ is the maximizer.","$M(\frac{1}{2},1,1)$ is the minimizer and $N(\frac{1}{2},1,1)$ is the maximizer.","$M(\frac{2}{3},\frac{1}{3},1)$ is the maximizer.",,,2019-07-14 01:34:47+00,1,2019-09-27 00:02:32+00,61,4,1,1
861,61,"",12,13,"Find the relative extrema and optimal value of the function $f:(0,\infty)\times(0,\infty)\rightarrow {\mathbb R}$ given by $f(x,y)=xy+\displaystyle \frac{50}{x}+\frac{20}{y}$.",Basic,"$M(5,2)$ minimizer, $f_{min}(M)=30.$","$M(3,2)$ minimizer, $f_{min}(M)=\frac{98}{3}.$","$M(1,1)$ maximizer, $f_{max}(M)=71.$","$M(3,2)$ minimizer, $f_{min}(M)=\frac{98}{3}$ and $N(1,1)$ maximizer, $f_{max}(N)=71.$",,,2019-07-14 01:51:10+00,1,2019-09-27 00:03:32+00,61,3,4,1
862,61,"",12,13,"Find the relative extrema of the function $f:{\mathbb R}^2\rightarrow {\mathbb R}$ given by $f(x,y)=3xy^2-x^3-15x-36y+9$.",Basic,The function $f$ has no extrema points.,"M$(2,3)$ and N$(-2,-3)$ are minimizers. ","M$(2,3)$ is a minimizer and N$(-2,-3)$ is a maximizer for function $f$.","M$(2,3)$ is a maximizer and N$(-2,-3)$ is a minimizer for function $f$.",,,2019-07-14 02:01:03+00,1,2019-09-27 00:04:29+00,61,3,2,1
863,61,"",12,13,"Determine the relative extrema for the function $f:{\mathbb R}^2\setminus \{(0,0)\}\rightarrow {\mathbb R}$,  $f(x,y)=xy\ln (x^2+y^2)$.",Basic,"$M_{1}(\dfrac{1}{\sqrt {2e}},\dfrac{1}{\sqrt {2e}})$ and $M_{2}(-\dfrac{1}{\sqrt {2e}},-\dfrac{1}{\sqrt {2e}})$ minimizers, $M_{3}(-\dfrac{1}{\sqrt {2e}},\dfrac{1}{\sqrt {2e}})$ and $M_{4}(\dfrac{1}{\sqrt {2e}},-\dfrac{1}{\sqrt {2e}})$ maximizers.","$M_{1}(\dfrac{1}{\sqrt {2e}},\dfrac{1}{\sqrt {2e}})$ and $M_{2}(-\dfrac{1}{\sqrt {2e}},-\dfrac{1}{\sqrt {2e}})$ maximizers, ","$M_{1}(-\dfrac{1}{\sqrt {2e}},\dfrac{1}{\sqrt {2e}})$ and $M_{2}(\dfrac{1}{\sqrt {2e}},-\dfrac{1}{\sqrt {2e}})$ minimizers.",The function $f$ has no extrema points.,,,2019-07-14 02:11:05+00,1,2019-09-27 00:05:54+00,61,4,5,1
864,61,"",12,13,"Determine the relative extrema of the function $f:{\mathbb R}^3\rightarrow {\mathbb R}$ given by $f(x,y,z)=xyz$ having the constraints $x+y+z-5=0$ and $xy+yz+zx-8=0$.",Basic,"$M_1(\frac{4}{3},\frac{4}{3},\frac{7}{3}), M_2(\frac{4}{3},\frac{7}{3},\frac{4}{3}), M_3(\frac{7}{3},\frac{4}{3},\frac{4}{3})$ are maximizers and $M_4(2,2,1), M_5(2,1,2), M_6(1,2,2)$ are minimizers.","$M_1(-\frac{4}{3},-\frac{4}{3},\frac{7}{3}), M_2(-\frac{4}{3},\frac{7}{3},-\frac{4}{3}), M_3(\frac{7}{3},-\frac{4}{3},-\frac{4}{3})$ are maximizers and $M_4(2,2,-1), M_5(2,-1,2), M_6(-1,2,2)$ are minimizers.","$M_1(\frac{4}{3},\frac{4}{3},-\frac{7}{3}), M_2(\frac{4}{3},-\frac{7}{3},\frac{4}{3}), M_3(-\frac{7}{3},\frac{4}{3},\frac{4}{3})$ are minimizers and $M_4(2,2,-1), M_5(2,-1,2), M_6(-1,2,2)$ are maximizers.",The function $f$ has no extrema with these constraints.,,,2019-07-14 02:24:13+00,1,2019-09-27 00:10:36+00,61,3,4,1
865,61,"",12,13,"Determine the relative extrema of the function $f:{(0,\infty)}^3\rightarrow {\mathbb R},$  $f(x,y,z)=x^3+y^3+z^3$ having the constraint $x^2+y^2+z^2=3.$",Basic,"$M(1,1,1) $ is minimizer.","$M(1,1,2) $ is minimizer.","$M(\frac{1}{2},\frac{1}{2},\frac{1}{2}) $ is minimizer.","$M(\frac{1}{2},\frac{1}{2},\frac{1}{2}) $ is maximizer.",,,2019-07-14 02:44:18+00,1,2019-09-27 00:11:02+00,61,2,2,1
866,61,"",12,13,"Determine the relative extrema of the function $f:(0,\infty)\times(0,\infty)\times (0,\infty)\rightarrow{\mathbb R}$ given by $f(x,y,z)=\displaystyle \frac{1}{x}+\frac{x}{y}+\frac{y}{z}+\frac{z}{16}.$",Basic,"$M(2,4,8)$ minimizer.","$M(1,2,4)$ and $N(2,4,8)$ minimizers.","$M(1,2,4)$ maximizer and $N(2,4,8)$ minimizer.","$M(1,2,4)$ minimizer and $N(2,4,8)$ maximizer.",,,2019-07-14 02:51:16+00,1,2019-09-27 00:11:39+00,61,3,4,1
867,61,"",12,13,"Find the relative extrema of the function $f:{\mathbb R}^2\rightarrow {\mathbb R},$  $ f(x,y)=x^4+y^4-2x^2+4xy-2y^2.$",Basic,"$M_1(-\sqrt{2},\sqrt 2), M_2(\sqrt{2},-\sqrt 2)$ minimizers and $M_3(0,0)$ maximizer.","$M_1(-\sqrt{2},\sqrt 2), M_2(\sqrt{2},-\sqrt 2)$ maximizers and $M_3(0,0,0)$ minimizer.","$M_1(\sqrt{2},\sqrt 2), M_2(-\sqrt{2},-\sqrt 2)$ minimizers.","$M_1(\sqrt{2},\sqrt 2)$ and $M_2(0,0,0)$ maximizers.",,,2019-07-14 03:20:06+00,1,2019-09-27 00:12:57+00,61,4,5,1
868,61,"",16,,Solve the differential equation $\displaystyle \frac{dx}{1+x^2}+\frac{dy}{1+y^2}=0$.,Basic,"$y+x={\cal C}(1-xy), \text{where} {\cal C}\in\mathbb{R}$.","$\arctan( x)-\arctan (y)=\cal C, \text{where} {\cal C}\in\mathbb{R}$.","$y=x+{\cal C}e^{-xy}, \text{where} {\cal C}\in\mathbb{R}$.","$\frac{\arctan (x)}{1-\arctan (y)}=\cal C, \text{where} {\cal C}\in\mathbb{R}$.",,,2019-07-14 03:30:15+00,1,2019-09-11 06:46:24+00,38,1,1,1
869,61,"",16,,Solve the Cauchy problem $(y^2+xy^2)dx+(x^2-yx^2)dy=0$ knowing that the initial condition is $y(2)=2$.,Basic,$\displaystyle \ln \left(\frac{x}{y}\right)-\frac{x+y}{xy}+1=0$.,$\displaystyle \ln \left(\frac{x+y}{xy}\right)-\frac{x}{y}=-1$.,$\displaystyle \ln\left( \frac{x}{y}\right)+\frac{x+y}{xy}+1=0$.,$\displaystyle \frac{x+y}{xy}+1=0$.,,,2019-07-14 03:39:31+00,1,2019-09-11 09:26:40+00,38,2,2,1
870,61,"",16,,Solve the Cauchy problem $y'=\frac{-x+2y-5}{2x-y+4}$ knowing that the initial condition is $y(1)=2$.,Basic,$(x+y-1)^3=4(x-y+3)$.,$(x-y+3)^2-(3x+2y-3)=0$.,$(x-2y+5)^2=2x-y+4$.,$y^4=3x-2y+17$.,,,2019-07-14 03:49:13+00,1,2019-09-27 00:27:46+00,61,4,1,1
873,155,"",4,4,"Consider the differentiable function $f:\mathbb{R}^{2}\rightarrow \mathbb{R}$, $f(x,y)=x^{3}+3xy$ and the point $a=\left( 1,-1\right)$ .

Find $\dfrac{\partial f}{\partial x}(a)$ and $\dfrac{\partial f}{\partial y}(a).$",Basic,"$\dfrac{\partial f}{\partial x}(a)=0,\dfrac{\partial f}{\partial y}(a)=3$","$\dfrac{\partial f}{\partial x}(a)=3,\dfrac{\partial f}{\partial y}(a)=0$","$\dfrac{\partial f}{\partial x}(a)=0,\dfrac{\partial f}{\partial y}(a)=-3$
","$\dfrac{\partial f}{\partial x}(a)=6,\dfrac{\partial f}{\partial y}(a)=3$",,,2019-07-14 10:10:07+00,1,2019-11-26 11:18:09+00,38,1,4,1
874,155,"",4,4,"Consider the differentiable function $f:\mathbb{R}^{3}\rightarrow \mathbb{R}$, $f(x,y,z)=x^{2}+3yz^{2}+xe^{yz}$ and the point $a=\left( 1,-1,1\right) .$ 

Find $\dfrac{\partial f}{\partial x}(a),\dfrac{\partial f}{\partial y}(a)$ and $\dfrac{\partial f}{\partial z}(a).$",Basic,"$\dfrac{\partial f}{\partial x}(a)=2+e^{-1},\dfrac{\partial f}{\partial y}%
(a)=3+e^{-1},\dfrac{\partial f}{\partial z}(a)=-6-e^{-1}$","$\dfrac{\partial f}{\partial x}(a)=2+e^{-1},\dfrac{\partial f}{\partial y}%
(a)=3+e^{-1},\dfrac{\partial f}{\partial z}(a)=-6+e^{-1}$","$\dfrac{\partial f}{\partial x}(a)=2+e^{-1},\dfrac{\partial f}{\partial y}%
(a)=3-e^{-1},\dfrac{\partial f}{\partial z}(a)=-6-e^{-1}$","$\dfrac{\partial f}{\partial x}(a)=2-e^{-1},\dfrac{\partial f}{\partial y}%
(a)=-3+e^{-1},\dfrac{\partial f}{\partial z}(a)=-6-e^{-1}$",,,2019-07-14 10:14:10+00,1,2019-08-19 17:34:08+00,37,3,2,1
875,155,"",4,4,"Consider the differentiable function $f:\mathbb{R}^{3}\rightarrow \mathbb{R}$, $f(x,y,z)=x^{2}yz-\cos \left( xyz\right) +xe^{yz}.$ Find $\dfrac{\partial f}{\partial x},\dfrac{\partial f}{\partial y},\dfrac{\partial f}{\partial z}.$",Basic,"$\dfrac{\partial f}{\partial x}(x,y,z)=2xyz+yz\sin \left( xyz\right) +e^{yz}$

$\dfrac{\partial f}{\partial y}(x,y,z)=x^{2}z+xz\sin \left( xyz\right) +xze^{yz}$

$\dfrac{\partial f}{\partial z}(x,y,z)=x^{2}y+xy\sin \left( xyz\right) +xye^{yz}$
","$\dfrac{\partial f}{\partial x}(x,y,z)=2xyz-yz\sin \left( xyz\right) +e^{yz}$

$\dfrac{\partial f}{\partial y}(x,y,z)=x^{2}z-xz\sin \left( xyz\right) +xyze^{yz}$

$\dfrac{\partial f}{\partial z}(x,y,z)=x^{2}y-xy\sin \left( xyz\right) +xye^{yz}$","$\dfrac{\partial f}{\partial x}(x,y,z)=xyz+yz\sin \left( xyz\right) +e^{yz}$

$\dfrac{\partial f}{\partial y}(x,y,z)=x^{2}z+xz\sin \left( xyz\right) +xe^{yz}$

$\dfrac{\partial f}{\partial z}(x,y,z)=x^{2}y+xy\sin \left( xyz\right) +xye^{yz}$","$\dfrac{\partial f}{\partial x}(x,y,z)=xyz-yz\sin \left( xyz\right) +e^{yz}$

$\dfrac{\partial f}{\partial y}(x,y,z)=x^{2}z-xz\sin \left( xyz\right) +xze^{yz}$

$\dfrac{\partial f}{\partial z}(x,y,z)=x^{2}y-xy\sin \left( xyz\right) +xyze^{yz}$",,,2019-07-14 10:24:44+00,1,2019-08-19 17:40:49+00,37,3,5,1
876,155,"",4,4,"Consider the differentiable function $f:\left( \mathbb{R\setminus }\left\{
0\right\} \right) \times \left( \mathbb{R\setminus }\left\{ 0\right\}
\right) \rightarrow \mathbb{R},$ $f(x,y)=\sin \left(\dfrac{x}{y}\right)+\sin \left(\dfrac{y}{x}\right).$

Find $df.$",Basic,$df=\dfrac{1}{y} \cos\left( \dfrac{x}{y} \right) \left( dx-\dfrac{xdy}{y} \right) +\dfrac{1}{x}\cos\left(\dfrac{y}{x}\right) \left(dy-\dfrac{ydx}{x} \right)$,"$df=\dfrac{1}{y} \cos \left( \dfrac{x}{y} \right) \left( dx+\dfrac{dy}{y} \right) +\dfrac{1}{x}%
\cos \left( \dfrac{y}{x} \right) \left( dy+\dfrac{ydx}{x}\right) $","$df=\dfrac{1}{y} \cos \left( \dfrac{x}{y} \right) \left( dx-\dfrac{xdy}{y}\right) +\dfrac{1}{x}%
\cos \left( \dfrac{y}{x} \right) \left( dy-\dfrac{dx}{x}\right) $","$df=\left( \dfrac{1}{y} \cos \left(\dfrac{x}{y}\right)-\dfrac{1}{x^{2}}\cos \left(\dfrac{y}{x}\right)%
\right) dx+\left( -\dfrac{1}{y^{2}}\cos \left(\dfrac{x}{y}\right)+\dfrac{1}{x}\cos \left(\dfrac{y}{x%
}\right)\right) dy$",,,2019-07-14 10:32:49+00,1,2019-08-19 18:07:14+00,37,2,5,1
877,155,"",4,4,"Find the value of $C\in \mathbb{R}$ so that function $%
f(x,y)=x^{3}-3xy^{2}+Cx^{2}+y^{2}$ satisfies the equation $\dfrac{\partial
^{2}f}{\partial x^{2}}+\dfrac{\partial ^{2}f}{\partial y^{2}}=0$.",Basic,$C=-1$,$C=\pm 2$,$C=0$,$C\in \mathbb{R}$,,,2019-07-14 10:41:32+00,1,2019-08-19 18:09:15+00,37,3,5,1
878,155,"",4,4,"Consider the function $f(x,y)=e^{-4y}\sin \left( Cx\right) $. The value of $C\in \mathbb{R}$ that satisfies the equation $\dfrac{\partial f}{\partial y}=%
\dfrac{\partial ^{2}f}{\partial x^{2}},\forall x,y\in \mathbb{R},$ is:",Basic,$C=\pm 2$,$C=\pm 1$,$C=0$,$C=4$,,,2019-07-14 10:44:53+00,1,2019-08-19 18:14:18+00,37,3,5,1
879,155,"",4,4,"Consider the function  $f(x,y)=\cos \left(
ax+y\right) $. The value of $a\in \mathbb{R}$ that is a solution of equation $\dfrac{\partial ^{2}f}{\partial x^{2}}=9\dfrac{\partial ^{2}f}{\partial y^{2}},\forall x,y\in \mathbb{R}$, is:",Basic,$a=\pm 3$,$a=0$,$a=2$,$a\in \mathbb{R}$,,,2019-07-14 10:50:21+00,1,2019-08-19 18:22:28+00,37,3,2,1
880,155,"",4,4,"Consider the differentiable function $f:\mathbb{R}^{2}\backslash \left\{\left( 0,0\right) \right\} \rightarrow \mathbb{R},$ $f(x,y)=\dfrac{1}{2}\ln\left( x^{2}+y^{2}\right) .$ 

Find $df \left( 1,2\right) $ and $d^{2}f\left(1,2\right)$.",Advanced,"$df\left( 1,2\right) =\dfrac{1}{5}dx+\dfrac{2}{5}dy$

$d^{2}f\left( 1,2\right) =\dfrac{3}{25}dx^{2}-\dfrac{8}{25}dxdy-\dfrac{3}{25}dy^{2}$","$df\left( 1,2\right) =\dfrac{2}{5}dx+\dfrac{4}{5}dy$

$d^{2}f\left( 1,2\right) =\dfrac{6}{25}dx^{2}-\dfrac{16}{25}dxdy-\dfrac{6}{25}%
dy^{2}$
","$df\left( 1,2\right) =\dfrac{1}{5}dx+\dfrac{2}{5}dy$

$d^{2}f\left( 1,2\right) =\dfrac{3}{25}dx^{2}+\dfrac{8}{25}dxdy-\dfrac{3}{25}%
dy^{2}$","$df\left( 1,2\right) =\dfrac{1}{5}dx+\dfrac{2}{5}dy$

$d^{2}f\left( 1,2\right) =\dfrac{3}{25}dx^{2}-\dfrac{8}{25}dxdy+\dfrac{3}{25}%
dy^{2}$",,,2019-07-14 10:53:49+00,1,2019-12-06 11:33:10+00,38,4,1,1
881,155,"",4,4,"Consider the differentiable function $f:\mathbb{R}^{3}\rightarrow \mathbb{R},$ $f(x,y,z)=e^{xyz}.$ 

Find $df\left( 1,2,0\right) $ and $d^{2}f\left(1,2,0\right)$.",Advanced,"$df\left( 1,2,0\right) =2dz$

$d^{2}f\left( 1,2,0\right) =4dz^{2}+4dxdz+2dydz$","$df\left( 1,2,0\right) =2dx+dy+2dz$

$d^{2}f\left( 1,2,0\right) =4dz^{2}+4dxdz+2dydz$","$df\left( 1,2,0\right) =2dz$

$d^{2}f\left( 1,2,0\right) =4dx^{2}+4dz^{2}+4dxdz+2dydz$","$df\left( 1,2,0\right) =2dz$

$d^{2}f\left( 1,2,0\right) =4dz^{2}+4dxdz+2dydz+dxdy$",,,2019-07-14 10:59:14+00,1,2019-08-20 17:35:02+00,37,3,2,1
882,155,"",4,4,"Consider the function $f(x,y)=xe^{y}+\sin \left( xy\right) .$ Find the directional derivative of $f$ at the point $\left( 1,0\right) $ in the direction $u=\left( 1,1\right)$.",Advanced,"$D_{u}f\left( 1,0\right) =\dfrac{3}{\sqrt{2}}$.","$D_{u}f\left( 1,0\right) =3$.","$D_{u}f\left( 1,0\right) =\dfrac{1}{\sqrt{2}}$.","$D_{u}f\left( 1,0\right) =\sqrt{2}$.",,,2019-07-14 11:03:21+00,1,2019-08-20 17:41:47+00,37,5,1,1
883,155,"",4,4,"Consider the function $f(x,y,z)=xy+yz+xz.$ Find the directional derivative of $f$ at the point $\left( 1,-1,2\right) $ in the direction $u=\left( 1,2,2\right) $.",Basic,"$D_{u}f\left( 1,-1,2\right) =1$","$D_{u}f\left( 1,-1,2\right) =\dfrac{1}{3}$","$D_{u}f\left( 1,-1,2\right) =\dfrac{2}{3}$","$D_{u}f\left( 1,-1,2\right) =0$",,,2019-07-14 11:16:39+00,1,2019-10-09 17:10:01+00,37,5,1,1
925,42,"",3,39,Determine which of the following functions  $f\colon \mathbb{R}\to\mathbb{R}$ is surjective.,Basic,$f(x)=x^3$,$f(x)=x^2$,$f(x)=1$,$f(x)=\sin (x)$,,,2019-07-29 09:10:48+00,1,2019-10-20 10:24:28+00,37,1,1,1
885,155,"",4,4,"Consider the differentiable function $f:\mathbb{R}^{2}\rightarrow \mathbb{R},$ $%
f(x,y)=e^{ax^{2}+by^{2}}$. It satisfies the equations:",Basic,"$\dfrac{\partial f}{\partial x}\left( x,y\right) =2axf(x,y),
\dfrac{\partial^{2}f}{\partial x^{2}}\left( x,y\right) =\left( 2a+4a^{2}x^{2}\right) f(x,y),%
\dfrac{\partial ^{2}f}{\partial x\partial y}(x,y)=4abxyf(x,y).$","$\dfrac{\partial f}{\partial x}\left( x,y\right) =2af(x,y),\dfrac{\partial
^{2}f}{\partial x^{2}}\left( x,y\right) =\left( 2a+4a^{2}x^{2}\right) f(x,y),%
\dfrac{\partial ^{2}f}{\partial x\partial y}(x,y)=4abxyf(x,y).$","$\dfrac{\partial f}{\partial x}\left( x,y\right) =2axf(x,y),\dfrac{\partial
^{2}f}{\partial x^{2}}\left( x,y\right) =\left( 2a+4a^{2}x\right) f(x,y),%
\dfrac{\partial ^{2}f}{\partial x\partial y}(x,y)=4abf(x,y).$","$\dfrac{\partial f}{\partial x}\left( x,y\right) =2axf(x,y),\dfrac{\partial
^{2}f}{\partial x^{2}}\left( x,y\right) =\left( 2a+4a^{2}x^{2}\right) f(x,y),%
\dfrac{\partial ^{2}f}{\partial x\partial y}(x,y)=4bxyf(x,y).$",,,2019-07-14 11:25:25+00,1,2019-11-26 11:24:36+00,38,4,2,1
886,155,"",4,4,"Consider the differentiable functions $f$ and $h,$ such that $%
h(x,y)=f(\sin (x)+\cos (y)).$ The function $h$ satisfies the equation",Advanced,"$\dfrac{\partial h}{\partial x}\left( x,y\right) \sin(y)+\dfrac{\partial h}{%
\partial y}\left( x,y\right) \cos(x)=0$","$\dfrac{\partial h}{\partial x}\left( x,y\right) \sin(y)-\dfrac{\partial h}{%
\partial y}\left( x,y\right) \cos(x)=0$","$\dfrac{\partial h}{\partial x}\left( x,y\right) \cos(y)+\dfrac{\partial h}{%
\partial y}\left( x,y\right) \sin(x)=0$","$\dfrac{\partial h}{\partial x}\left( x,y\right) \sin(y)-\dfrac{\partial h}{%
\partial y}\left( x,y\right) \cos(x)=0$",,,2019-07-14 11:29:20+00,1,2019-12-06 11:25:04+00,38,5,1,1
887,155,"",4,4,"The differentiable function $f:\mathbb{R}^{2}\backslash \left\{ \left(
0,0\right) \right\} \rightarrow \mathbb{R},$ $f(x,y)=xy\ln \left(
x^{2}+y^{2}\right) $ satisfies the equation",Advanced,"$x\dfrac{\partial f}{\partial x}\left( x,y\right) +y\dfrac{\partial f}{%
\partial y}\left( x,y\right) =2\left( f(x,y)+xy\right) $","$x\dfrac{\partial f}{\partial x}\left( x,y\right) +y\dfrac{\partial f}{%
\partial y}\left( x,y\right) =2\left( f(x,y)-xy\right) $","$x^{2}\dfrac{\partial f}{\partial x}\left( x,y\right) +y\dfrac{\partial f}{%
\partial y}\left( x,y\right) =f(x,y)+xy$","$x\dfrac{\partial f}{\partial x}\left( x,y\right) +y^{2}\dfrac{\partial f}{%
\partial y}\left( x,y\right) =2\left( f(x,y)+y\right) $",,,2019-07-14 11:38:11+00,1,2019-10-09 16:59:29+00,37,3,2,1
888,155,"",16,,The complete solution of the differential equation $x''(t)+4x'(t) +4x(t) =e^{-2t}$ is,Basic,"$x\left(t\right) = C_{1}e^{-2t}+C_{2}te^{-2t}+\frac{1}{2}t^{2}e^{-2t},$ where $C_{1}, C_{2} \in \mathbb{R}$.","$x\left(t\right) = C_{1}e^{-2t}+C_{2}te^{-2t}$,where $C_{1}, C_{2} \in \mathbb{R}$.","$x\left(t\right) = C_{1}e^{-2t}+C_{2}te^{-2t}+\frac{1}{2}e^{-2t}$, where $C_{1}, C_{2} \in \mathbb{R}$.","$x\left(t,C_{1},C_{2}\right) = C_{1}e^{-2t}+C_{2}te^{-2t}+\frac{1}{2}t^{2}e^{2t}$, where $C_{1}, C_{2} \in \mathbb{R}$.",,,2019-07-14 13:52:33+00,1,2019-09-27 01:17:36+00,61,4,2,1
889,155,"",16,,The complete solution of the differential equation $x''(t) +4x'(t) +4x(t) =e^{2t}$ is,Basic,"$x\left(t, C_1, C_2\right) = \frac{1}{16}e^{2t}+C_{1}e^{-2t}+C_{2}te^{-2t}$, where $C_1, C_2 \in \mathbb{R}$.","$x\left(t, C_1, C_2\right) = \frac{1}{8}e^{2t}+C_1e^{-2t}+C_2te^{-2t}$, where $C_1, C_2 \in \mathbb{R}$.","$x\left(t, C_1, C_2\right) = C_1e^{-2t}+C_2te^{-2t}$, where $C_1, C_2 \in \mathbb{R}$.","$x\left(t, C_1, C_2\right) = \frac{1}{16}e^{2t}+C_1e^{-2t}+C_2t^{2}e^{-2t}$, where $C_1, C_2 \in \mathbb{R}$.",,,2019-07-14 13:57:07+00,1,2019-09-27 01:18:37+00,61,4,2,1
890,155,"",16,,The complete solution of the differential equation $x''(t)+4x'(t)+4x(t) = \sin(2t)$ is,Basic,"$x(t) = C_1e^{-2t}+C_2te^{-2t}-\frac{1}{8}\cos(2t),$ where $C_1, C_2 \in \mathbb{R}$.","$x(t, C_1, C_2) = C_1e^{-2t}+C_2te^{-2t}+\frac{1}{8}\cos(2t),$ where $C_1, C_2 \in \mathbb{R}$.","$x(t, C_1, C_2) = C_1e^{-2t}+C_2te^{-2t},$ where $C_1, C_2 \in \mathbb{R}$.","$x(t, C_1, C_2) = C_1e^{-2t}+C_2te^{-2t}-\frac{1}{8}\sin(2t),$ where $C_1, C_2 \in \mathbb{R}$.",,,2019-07-14 14:00:29+00,1,2019-09-27 01:20:04+00,61,4,1,1
891,155,"",16,,"Find the complete solution of the following system of differential equations:

$\begin{cases}
x'(t) = x(t)+y(t) \\
y'(t) = -2y(t)
\end{cases}$",Basic,"$\begin{cases}
x(t) = c_1e^{t}-\frac{c_2}{3}e^{-2t} \\
y(t) = c_2e^{-2t}
\end{cases}$, where $c_1, c_2 \in \mathbb{R}$.","$\begin{cases}
x(t) = c_1e^{t}-\frac{c_2}{3}e^{-2t} \\
y(t) = c_1e^{t}+c_2e^{-2t}
\end{cases}$, where $c_1, c_2 \in \mathbb{R}$.","$\begin{cases}
x(t) = c_1e^{t}-\frac{c_2}{3}e^{-3t} \\
y(t) = c_2e^{-2t}
\end{cases}$, where $c_1, c_2 \in \mathbb{R}$.","$\begin{cases}
x(t) = c_1e^{-t}-\frac{c_2}{3}e^{2t} \\
y(t) = c_2e^{2t}
\end{cases}$, where $c_1, c_2 \in \mathbb{R}$.",,,2019-07-14 14:07:56+00,1,2019-11-28 02:56:49+00,38,3,2,1
892,155,"",16,,"Find the complete solution of the following system of the differential equations:

$\begin{cases}
x'(t) = \frac{3}{2}x(t)-y(t)-\frac{1}{2}z(t) \\
y'(t) = -\frac{1}{2}x(t)+2y(t)+\frac{1}{2}z(t) \\
z'(t) = \frac{1}{2}x(t)+y(t)+\frac{5}{2}z(t)
\end{cases}$",Basic,"$\begin{cases}
x(t) = C_1e^{t}+C_2e^{2t}-C_3e^{3t} \\
y(t) = C_1e^{t}-C_2e^{2t}+C_3e^{3t} \\
z(t) = -C_1e^{t}+C_2e^{2t}+C_3e^{3t}
\end{cases}$, where $C_1, C_2, C_3 \in \mathbb{R}$.","$\begin{cases}
x(t) = C_1e^{t}+C_2e^{-2t}-C_3e^{3t} \\
y(t) = C_1e^{t}-C_2e^{-2t}+C_3e^{3t} \\
z((t) = -C_1e^{t}+C_2e^{-2t}+C_3e^{3t}
\end{cases}$, where $C_1, C_2, C_3 \in \mathbb{R}$.","$\begin{cases}
x(t) = C_1e^{t}+C_2e^{2t}-C_3e^{3t} \\
y(t) = C_1e^{t}-C_2e^{2t}+C_3e^{-3t} \\
z(t) = -C_1e^{t}+C_2e^{2t}+C_3e^{-3t}
\end{cases}$, where $C_1, C_2, C_3 \in \mathbb{R}$.","$\begin{cases}
x(t) = C_1e^{t}+C_2e^{2t}-C_3e^{-3t} \\
y(t) = C_1e^{t}-C_2e^{2t}+C_3e^{3t} \\
z(t) = -C_1e^{-t}+C_2e^{2t}+C_3e^{3t}
\end{cases}$, where $C_1, C_2, C_3 \in \mathbb{R}$.",,,2019-07-14 14:17:34+00,1,2019-11-27 05:03:56+00,38,3,2,1
893,58,"",15,41,"Find the domain and the image of the function $f(x,y)=-\displaystyle \frac{1}{\sqrt{9x^{2}-y^{2}}}$.",Basic,"The domain of $f$ consists of all pairs $(x,y)$  for which the geometric image lies between the graphs $y=-3|x|$ and $y=3|x|$.
The image of $f$ is the interval $(\,-\infty, 0\,)$.","The domain of $f$ consists of all pairs $(x,y)$  for which the geometric image is given by the graphs $y=-3x$ and $y=3x$.
The image of $f$ is the interval $(\,-\infty, 0\,)$.","The domain of $f$ consists of all pairs $(x,y)$  for which the geometric image lies between the graphs $y=-3x$ and $y=3x$.
The image of $f$ is the interval $(\,-\infty, 0\,)$.","The domain of $f$ consists of all pairs $(x,y)$  for which the geometric image is given by the graphs $y=-3|x|$ and $y=3|x|$.
The image of $f$ is the interval $(\,-\infty, 0\,]$.",,,2019-07-14 23:11:35+00,1,2019-10-20 10:11:34+00,37,3,4,1
906,58,"",16,,Find the general solution of the differential equation $x''+2x'-3x=2te^{-3t}+(t+1)e^t$.,Basic,"$x(t) = C_1e^{-3t}+C_2e^{t}-\frac{1}{8}(2t^{2}+t)e^{-3t}+\frac{1}{16}(2t^{2}+3t)e^{t}$, where $C_1, C_2 \in \mathbb{R}$.","$x(t) = C_1e^{3t}+C_2e^{-t}-\frac{1}{8}(2t^{2}+t)e^{3t}+\frac{1}{16}(2t^2+3t)e^{-t}$, where $C_1, C_2 \in \mathbb{R}$.","$x(t) = C_1e^{-3t}-C_2e^t+\frac{1}{8}(t^2+2t)e^{-3t}-\frac{1}{16}(2t^2+3t)e^t$, where $C_1, C_2 \in \mathbb{R}$.","$x(t) = C_1e^{-3t}+C_2e^t-\frac{1}{2}(2t^2+t)e^{-3t}+\frac{1}{4}(2t^2+3t)e^t$, where $C_1, C_2 \in \mathbb{R}$.",,,2019-07-14 23:54:56+00,1,2019-09-27 03:05:51+00,61,4,2,1
894,58,"",15,41,"Find the domain and the image of the function $f(x,y,z) = \frac{x+y+z}{|x+y+z|}$.",Basic,"The domain of $f$ consists of all points $(x,y,z)$ in space but not on the plane $x+y+z=0$.
The image of $f$ is the set $\{-1,1\}$.","The domain of $f$ consists of all points $(x,y,z)$ in space but not on the plane $x+y+z=0$.
The image of $f$ is the interval $[\,-1,1]$.","The domain of $f$ consists of all points $(x,y,z)\in \mathbb{R}^{3}\setminus \{(0,0,0) \}$.
The image of $f$ is the interval $[\,-1,1]$.","The domain of $f$ consists of all points $(x,y,z)\in \mathbb{R}^{3}\setminus \{(0,0,0) \}$.
The image of $f$ is the set $\{-1,1\}$.",,,2019-07-14 23:14:11+00,1,2019-12-01 11:43:25+00,67,2,3,1
895,58,"",15,41,"Consider the function $f(x,y)=\dfrac{y^{2}+3x}{y^{2}-3x},\,\,y^{2}\neq3x$.

Study the limits
$\lim\limits_{x\rightarrow 0}\Big [\lim\limits_{y\rightarrow 0}f(x,y)\Big]$, $\lim\limits_{y\rightarrow 0}\Big [\lim\limits_{x\rightarrow 0}f(x,y)\Big]$, and $\lim\limits_{ (x,y)\rightarrow (0,0)}f(x,y).$",Advanced,"$\lim\limits_{x\rightarrow 0}\Big [\lim\limits_{y\rightarrow 0}f(x,y)\Big]=-1$, $\lim\limits_{y\rightarrow 0}\Big [\lim\limits_{x\rightarrow 0}f(x,y)\Big]=1$, but the limit
$\lim\limits_{ (x,y)\rightarrow (0,0)}f(x,y)$ does not exist.","$\lim\limits_{x\rightarrow 0}\Big [\lim\limits_{y\rightarrow 0}f(x,y)\Big]=-1$, $\lim\limits_{y\rightarrow 0}\Big [\lim\limits_{x\rightarrow 0}f(x,y)\Big]=-1$  and
$\lim\limits_{ (x,y)\rightarrow (0,0)}f(x,y)=-1$.","$\lim\limits_{x\rightarrow 0}\Big [\lim\limits_{y\rightarrow 0}f(x,y)\Big]=1$, $\lim\limits_{y\rightarrow 0}\Big [\lim\limits_{x\rightarrow 0}f(x,y)\Big]=-1$, but the limit
$\lim\limits_{ (x,y)\rightarrow (0,0)}f(x,y)$ does not exist.","$\lim\limits_{x\rightarrow 0}\Big [\lim\limits_{y\rightarrow 0}f(x,y)\Big]=1$, $\lim\limits_{y\rightarrow 0}\Big [\lim\limits_{x\rightarrow 0}f(x,y)\Big]=1$, but the limit
$\lim\limits_{ (x,y)\rightarrow (0,0)}f(x,y)$ does not exist.",,,2019-07-14 23:17:45+00,1,2019-10-20 10:16:04+00,37,1,1,1
896,58,"",15,41,"Find the $\lim\limits_{(x,y)\rightarrow (0,0)}(x+y) \cdot \sin\bigg(\dfrac{1}{x^{2}}\bigg)\cdot\sin \bigg(\dfrac{1}{y^{3}}\bigg)$.",Basic,$0$.,$+\infty$.,$1$.,The limit does not exist.,,,2019-07-14 23:22:28+00,1,2019-10-20 10:20:02+00,37,5,5,1
897,58,"",15,41,"Find the $\lim\limits_{(x,y)\rightarrow (0,0)}\dfrac{1-\cos(x^{2}+y^{2})}{(x^{2}+y^{2})^{2}}$.",Advanced,$\dfrac{1}{2}$.,$0$.,$1$.,$+\infty$.,,,2019-07-14 23:25:09+00,1,2019-10-20 10:20:46+00,37,2,3,1
898,58,"",15,41,"Find the $\lim\limits_{(x,y)\rightarrow (+\infty,+\infty)}\dfrac{2x+3y}{x^{2}+5y^{2}}.$",Basic,$0$.,$+\infty$.,$\dfrac{3}{5}$.,The limit does not exist.,,,2019-07-14 23:27:59+00,1,2019-10-20 10:21:30+00,37,2,4,1
899,58,"",15,41,"Study the continuity of the function
$f(x,y) = \begin{cases}
\frac{\sin(3xy)}{x^2+4y^2} & \text{if } (x,y) \neq (0,0) \\
0 & \text{if } (x,y)=(0,0)
\end{cases}$.",Advanced,"$f$ is continuous on $\mathbb{R}^{2}\setminus \{(0,0)\}$ as a function of two variables.",$f$ is continuous on $\mathbb{R}^{2}$ as a function of two variables.,"$f$ is continuous with respect to $x$ on $\mathbb{R}^{2}$ and it is continuous with respect to $y$ on $\mathbb{R}^{2}\setminus \{(0,0)\}$.","$f$ is continuous with respect to $x$ on $\mathbb{R}^{2}\setminus \{(0,0)\}$ and it is continuous with respect to $y$ on $\mathbb{R}^{2}$.",,,2019-07-14 23:34:34+00,1,2019-09-27 01:58:32+00,61,2,3,1
900,58,"",15,41,"Study the continuity of the function $f(x,y)=\begin{cases}
xy\cdot\frac{x^2-y^2}{x^2+y^2} & \text{if } (x,y)\neq (0,0) \\
\alpha & \text{if } (x,y) = (0,0)
\end{cases}$, where $\alpha\in \mathbb{R}$.",Advanced,$f$ is continuous on $\mathbb{R}^{2}$ if and only if $\alpha=0$.,$f$ is continuous on $\mathbb{R}^{2}$ for each $\alpha\in \mathbb{R}$.,$f$ is continuous on $\mathbb{R}^{2}$ if $\alpha=1$.,"$f$ is continuous on $\mathbb{R}^{2}\setminus \{(0,0)\}$ if and only if $\alpha=1$.",,,2019-07-14 23:36:29+00,1,2019-09-27 02:01:38+00,61,3,4,1
901,58,"",15,41,"Study the continuity of the function $f(x,y) = \begin{cases}
\frac{xy+x^2y\cdot \ln |x+y|}{x^2+y^2} & \text{if } (x,y) \neq (0,0) \\
0 & \text{if } (x,y)=(0,0)
\end{cases}$.",Advanced,"$f$ is continuous on $\mathbb{R}^{2}\setminus \{(0,0)\}$.",$f$ is continuous on $\mathbb{R}^{2}$.,"$f$ is continuous with respect to $x$ on $\mathbb{R}^{2}$ and it is continuous with respect to $y$ on $\mathbb{R}^{2}\setminus \{(0,0)\}$.","$f$ is continuous with respect to $x$ on $\mathbb{R}^{2}\setminus \{(0,0)\}$ and it is continuous with respect to $y$ on $\mathbb{R}^{2}$.",,,2019-07-14 23:38:57+00,1,2019-09-27 01:59:59+00,61,3,4,1
902,58,"",15,41,"Consider the function $f(x,y)=\dfrac{x-y^{4}}{x^{3}-y^{4}}$, where $y^{4} \neq x^{3}$.

Study the limits
$\lim\limits_{x\rightarrow 1}\Big [\lim\limits_{y\rightarrow 1}f(x,y)\Big]$, $\lim\limits_{y\rightarrow 1}\Big [\lim\limits_{x\rightarrow 1}f(x,y)\Big]$ and $\lim\limits_{ (x,y)\rightarrow (1,1)}f(x,y).$",Advanced,"$\lim\limits_{x\rightarrow 1}\Big [\lim\limits_{y\rightarrow 1}f(x,y)\Big]=\frac{1}{3}$, $\lim\limits_{y\rightarrow 1}\Big [\lim\limits_{x\rightarrow 1}f(x,y)\Big]=1$, but the limit
$\lim\limits_{ (x,y)\rightarrow (1,1)}f(x,y)$ does not exist.","$\lim\limits_{x\rightarrow 1}\Big [\lim\limits_{y\rightarrow 1}f(x,y)\Big]=\lim\limits_{y\rightarrow 1}\Big [\lim\limits_{x\rightarrow 1}f(x,y)\Big]=1$, but the limit
$\lim\limits_{ (x,y)\rightarrow (1,1)}f(x,y)$ does not exist.","$\lim\limits_{x\rightarrow 1}\Big [\lim\limits_{y\rightarrow 1}f(x,y)\Big]=\lim\limits_{y\rightarrow 1}\Big [\lim\limits_{x\rightarrow 1}f(x,y)\Big]=\lim\limits_{ (x,y)\rightarrow (1,1)}f(x,y)=1.$"," $\lim\limits_{x\rightarrow 1}\Big [\lim\limits_{y\rightarrow 1}f(x,y)\Big]=\frac{1}{3}$, $\lim\limits_{y\rightarrow 1}\Big [\lim\limits_{x\rightarrow 1}f(x,y)\Big]=\lim\limits_{ (x,y)\rightarrow (1,1)}f(x,y)=1.$",,,2019-07-14 23:46:09+00,1,2019-10-20 10:22:08+00,37,1,1,1
903,58,"",16,,Find the integral curve which satisfies the equation $x+xx'=tx-x'$ with initial condition $x(2)=1$.,Basic,The integral curve that satisfies the initial condition is the curve $t-\frac{1}{2}t^{2}+x+\ln|x|=1$.,The integral curve that satisfies the initial condition is the curve $t-\frac{1}{2}t^{2}+x+\ln|x|=0$.,The integral curve that satisfies the initial condition is the curve $t-t^{2}+x+\ln|x|=1$.,The integral curve that satisfies the initial condition is the curve $t+\frac{1}{2}t^{2}+x-\ln|x|=0$.,,,2019-07-14 23:48:18+00,1,2019-09-27 02:11:10+00,61,4,2,1
904,58,"",16,,Find the integral curve which satisfies the equation $tx'-x=-2t^2x^2$ with initial condition $x(1)=1$.,Basic,The integral curve that satisfies the initial condition is the curve $x(2t^3+1)-3t=0$.,The integral curve that satisfies the initial condition is the curve $x(2t^3+3)-t=0$.,The integral curve that satisfies the initial condition is the curve $\frac{x}{2t^3+1}-3t=0$.,The integral curve that satisfies the initial condition is the curve $x=\frac{2t^3+1}{3t}$.,,,2019-07-14 23:49:59+00,1,2019-09-27 02:57:02+00,61,1,1,1
905,58,"",16,,Find the integral curve which satisfies the equation $x^2dt-(2tx+3)dx=0$ with initial condition $x(1)=2$.,Advanced,$t = \frac{3}{8}x^2-x^{-1}$.,$t = \frac{3}{8}x^2+x$.,$t = \frac{1}{8}x^2-x^{-1}$.,$t = \frac{3}{2}x^2+x^{-1}$.,,,2019-07-14 23:53:23+00,1,2019-09-27 03:02:05+00,61,4,1,1
907,58,"",16,,Find the general solution of the differential equation $x''+x=2t\cdot\cos(t)\cos(2t)$.,Advanced,"$x(t) = C_1\cos(t)+C_2\sin (t)+\frac{1}{4}t\cos(t)+\frac{1}{4}t^2\sin(t)-\frac{1}{8}t\cos(3t)+\frac{3}{32}\sin(3t)$, where $C_1, C_2 \in \mathbb{R}$.","$x(t) = C_1\cos (t)+C_2\sin(t)+\frac{1}{4}t^2\cos(t)+\frac{1}{4}t\sin(t)-\frac{1}{8}t\cos(3t)+\frac{3}{32}\sin(3t)$, where $C_1, C_2 \in \mathbb{R}$.","$x(t) = C_1\cos(t)+C_2\sin(t)+\frac{1}{2}t\cos(t)+\frac{1}{2}t^2\sin(t)-\frac{1}{4}t\cos(3t)+\frac{3}{8}\sin(3t)$, where $C_1, C_2 \in \mathbb{R}$.","$x(t) = C_1\cos(t)+C_2\sin(t)+\frac{1}{4}t\cos(t)+\frac{1}{4}t^2\sin(t)-t\cos(3t)+\sin(3t)$, where $C_1, C_2 \in \mathbb{R}$.",,,2019-07-15 00:16:15+00,1,2019-09-27 03:07:24+00,61,4,1,1
908,155,"",4,4,"The gradient $\nabla f$ for $f(x,y)=\sqrt{1-x²-y²}$ is:",Basic,"$\nabla
f(x,y)=\displaystyle \left[ -  \dfrac{x}{\sqrt{1-x^2-y^2}}, -\dfrac{y}{\sqrt{1-x^2-y^2}}  \right] $","$\nabla f(x,y)=\displaystyle \left[ -  \dfrac{x}{\sqrt{1-x^2-y^2}}, \dfrac{x}{\sqrt{1-x^2-y^2}}  \right]$","$\nabla f(x,y)=\displaystyle \left[ -  \dfrac{2x}{\sqrt{1-x^2-y^2}}, -\dfrac{2x}{\sqrt{1-x^2-y^2}}  \right]$","$\nabla f(x,y)=\displaystyle \left[ -  \dfrac{x}{{1-x^2-y^2}}, -\dfrac{x}{{1-x^2-y^2}} \right$",,,2019-07-23 03:06:13+00,1,2019-11-26 11:20:26+00,38,2,5,1
909,155,"",4,4,"The differentiable function $f(x,y,z)=\ln(x³+y³+z³-3xyz)$ satisfies the equation",Basic,$\dfrac{∂f}{∂x}+\dfrac{∂f}{∂y}+\dfrac{∂f}{∂z}=\dfrac{3}{x+y+z}$,"$\frac{\partial f}{\partial x}+\frac{\partial f}{\partial y}-\frac{\partial f%
}{\partial z}=\frac{3}{x+y+z}$","$\frac{\partial f}{\partial x}+\frac{\partial f}{\partial y}+\frac{\partial f%
}{\partial z}=\frac{1}{x+y+z}$","$\frac{\partial f}{\partial x}+\frac{\partial f}{\partial y}+\frac{\partial f%
}{\partial z}=\frac{2}{x+y+z}$",,,2019-07-23 03:13:00+00,1,2019-11-20 09:14:37+00,155,3,2,1
910,155,"",12,13,"The point $P=(x,y,z)$ on the plane $2x+y-z-5=0$ closest to the origin is:",Basic,"$\left( \dfrac{5}{3},\dfrac{5}{6},-\dfrac{5}{6}\right)$.","$\left(- \dfrac{5}{3},\dfrac{5}{6},-\dfrac{1}{2}\right)$.","$\left( \dfrac{5}{3},\dfrac{5}{6},\dfrac{1}{2}\right)$.",No solution.,,,2019-07-23 03:20:33+00,1,2020-06-17 02:54:52+00,37,4,3,1
911,155,"",12,13," Let be $f:\mathbb{R}^{2}\rightarrow \mathbb{R}$, $%
f(x,y)=x^{3}+3xy^{2}+ax+by+c.$ Find the real parameters $a,b,c$ such $%
f(-2,-1)=30$ is a local maximum.",Basic,"$a=-15,\, b=-12,\, c=2$","$a=15,\, b=12,\, c=-2$","$a=-15,\, b=-12,\, c=-2$",no solution,,,2019-07-23 03:23:55+00,1,2019-12-06 12:05:35+00,38,3,3,1
912,155,"",4,4,"Find $\dfrac{\partial F}{\partial x},$ $\dfrac{\partial F}{\partial
y}$ and $dF$ for $F(x,y)=f(u(x,y),v(x,y))$, where $f(u,v)=\arctan \left(\dfrac{u}{v}\right),$ $%
u(x,y)=x\sin (y)$ and $v(x,y)=x\cos (y)$.",Basic,"$\dfrac{\partial F}{\partial x}=0,\dfrac{\partial F}{\partial y}=1,dF=dy$","$\dfrac{\partial F}{\partial x}=1,\dfrac{\partial F}{\partial y}=0,dF=dx$","$\dfrac{\partial F}{\partial x}=1,\dfrac{\partial F}{\partial y}=1,dF=dx+dy$","$\dfrac{\partial F}{\partial x}=x,\dfrac{\partial F}{\partial y}=0,dF=xdx$",,,2019-07-23 03:46:07+00,1,2019-12-06 11:18:21+00,38,5,1,1
913,43,"",18,9,"For which values of $m\in\mathbb{R}$ does the following linear system has a solution?
$$\begin{cases}
x & - & my & + & m^{2}z & = & m \\
mx & - & m^{2}y & + & mz & = & 1 \\
mx & + & y & - & m^{3}z & = & -1
\end{cases}$$",Advanced,"For $m \in \mathbb{R} \setminus \{-1,\,0,\,1\}$.",For $m \neq 0$.,"For $m \in \mathbb{R} \setminus \{-1,\,1\}$.","For $m \in \{-1,\,0,\,1\}$.",,,2019-07-26 01:56:28+00,1,2019-07-31 17:44:26+00,64,4,1,1
914,43,"",18,9,"For which $\left(a,\,b\right) \in \mathbb{R}^2$ does the following linear system has infinitely many solutions?
$$\begin{cases}
x & + & by & + & az & = & 1 \\
x & + & aby & + & z & = & b \\
ax & + & by & + & z & = & 1
\end{cases}$$",Advanced,"For $(a,b)=(1,1)$ and for $(a,b)=(-2,-2)$.","For $(a,b)=(1,1)$.","For $(a,b)=(-2,-2)$.","There is no pair $(a,b)\in\mathbb{R}^{2}$ for which the linear system has infinitely many solutions.",,,2019-07-26 03:28:47+00,1,2019-07-31 17:44:36+00,64,4,1,1
915,43,"",18,9,"For each $m\in\mathbb{R}$, describe the solutions of the linear system
$$\begin{cases}
3x & + & y & - & z & = & 1 \\
x & - & 2y & - & z & = & m \\
x & + & y & - & z & = & 1
\end{cases}$$
",Advanced,"For $m=-2$, the linear system has infinitely many solutions, which are of the form $\left(0,\,y,\,y-1\right)$ for every $y\in\mathbb{R}$.
For $m \neq -2$, the linear system has no solutions.",The linear system has no solution for every $m\in\mathbb{R}$.,"For $m \in \{-2,\,0\}$, the linear system has infinitely many solutions, which are of the form $\left(0,\,y,\,y-1\right)$ for every $y\in\mathbb{R}$.
For $m=0$, the linear system has a unique solution, which is $\left(0,\,1,\,1\right)$.
For $m \not\in \{-2,\,0\}$, the linear system has no solutions.","The linear system has a unique solution for each $m\in\mathbb{R}$, which is $\left(0,\,m,\,m-1\right)$.",,,2019-07-26 03:35:23+00,1,2019-07-31 17:44:41+00,64,5,2,1
916,43,"",18,9,"For every $m\in\mathbb{R}$, consider the line $r$ of equation $x+my=-3$ and the line $s$ of equation $mx+4y=6$.
Describe the mutual position of $r$ and $s$ with respect to the value of $m$.",Basic,"The lines $r$ and $s$ are equal if $m=-2$, parallel if $m=2$, and secant otherwise.","The lines $r$ and $s$ are equal if $m=2$, parallel if $m=-2$, and secant otherwise.",The lines $r$ and $s$ are secant for every $m$.,The lines $r$ and $s$ are parallel for every $m$.,,,2019-07-26 03:40:11+00,1,2019-07-31 17:45:21+00,64,4,1,1
917,43,"",18,9,"Describe the solutions of the following linear system:
$$\begin{cases}
x & + & 2y & - & 3z & = & 4 \\
x & + & 3y & - & z & = & 11 \\
2x & + & 5y & - & 5z & = & 13 \\
x & + & 4y & + & z & = & 18
\end{cases}$$",Basic,"The linear system has $\left(4,\,3,\,2\right)$ as its unique solution.","The linear system has $\left(4,\,2,\,3\right)$ as its unique solution.",The linear system has no solutions.,"The linear system has infinitely many solutions, which are of the form $\left(2z,\,z+1,\,z\right)$ for each $z\in\mathbb{R}$.",,,2019-07-26 03:46:02+00,1,2019-07-31 17:45:38+00,64,1,5,1
918,42,"",3,39,What is the domain of the function $f$ defined by $f(x)=\log(\log x)$?,Basic,"$(1,+\infty)$","$[1,+\infty)$","$[0,+\infty)$","$(0,+\infty)$",,,2019-07-29 08:42:36+00,1,2019-07-31 17:50:00+00,64,3,1,1
919,42,"",3,39,Determine which of the following functions is not periodic.,Basic,$f(x)=\sin(x^2)$,$f(x)=1$,$f(x)=\cos^2(x)$,$f(x)=\log(2+\sin x)$,,,2019-07-29 08:45:30+00,1,2019-07-31 17:50:17+00,64,5,3,1
920,42,"",3,39,Determine which of the following functions is nondecreasing.,Basic,$f(x)=x^3$,$f(x)=x^2$,$f(x)=x^{-2}$,$f(x)=x^{-3}$,,,2019-07-29 08:51:39+00,1,2019-07-31 17:50:59+00,64,1,1,1
921,42,"",3,39,Determine which of the following functions is nonincreasing.,Basic,$f(x)=2^{-x}$,$f(x)=2^{x}$,$f(x)=x^{-2}$,$f(x)=x^{2}$,,,2019-07-29 08:53:03+00,1,2019-07-31 17:51:07+00,64,1,1,1
922,42,"",3,39,Determine which of the following functions is well-defined on the whole real line.,Basic,$f(x)=\log(1+x^2)$,$f(x)=\log(x^2)$,$f(x)=\log(1-x^2)$,$f(x)=(\log x)^2$,,,2019-07-29 08:55:06+00,1,2019-07-31 17:51:16+00,64,2,1,1
926,42,"",3,39,Determine which of the following functions is injective.,Advanced,$f(x)=\sin \left(\arcsin (x) \right)$,$f(x)=\arcsin \left(\sin (x) \right)$,$f(x)=\arcsin \left(\cos (x) \right)$,$f(x)=\cos \left(\arcsin (x) \right)$,,,2019-07-29 09:13:52+00,1,2019-07-31 17:51:48+00,64,5,3,1
927,42,"",3,39,Determine which of the following real-valued functions is surjective.,Advanced,$f(x)=\tan(x^2)$,$f(x)=(\tan x)^2$,$f(x)=3^x-2^x$,$f(x)=3^{x}+2^{-x}$,,,2019-07-29 09:17:36+00,1,2019-07-31 17:52:13+00,64,4,2,1
928,42,"",3,39,"Let $f\colon\mathbb{R}\to\mathbb{R}$ be the function defined by
\[
f(x)=\arcsin(\sin x),\qquad x\in\mathbb{R}.
\]
Determine which of the following statements is false.",Advanced,$f(x)=x$ for every $x\in \mathbb R$.,$f$ is bounded.,$f$ is periodic.,$f$ is continuous.,,,2019-07-29 09:21:03+00,1,2019-10-20 10:25:06+00,37,3,2,1
929,64,"",22,,"The number of vertices, $|V|$, edges, $|E|$, and faces, $|F|$, of the attached graph is",Basic,"$|V|=5$, $|E|=7$ and $|F|=4$.","$|V|=5$, $|E|=6$ and $|F|=7$.","$|V|=5$, $|E|=5$ and $|F|=5$.","$|V|=5$, $|E|=5$ and $|F|=3$.",SNA929.jpg,jpg,2019-07-31 03:26:11+00,1,2019-07-31 03:42:53+00,64,1,1,1
930,64,"",22,,Which of the attached graphs are planar?,Basic,"$G_1$, $G_2$ and $G_3$.",All graphs.,$G_1$ and $G_3$.,$G_2$ and $G_4$.,SNA930.jpg,jpg,2019-07-31 03:35:16+00,1,2019-07-31 03:43:00+00,64,3,2,1
933,75,"",22,,"For which $m$ and $n$ the graph $K_{m,n}$ is not planar?",Basic,$n \geq 3$ and $m \geq 3$.,$n=m$.,$n \geq 3$.,$m \geq 3$.,,,2019-08-01 05:57:47+00,1,2019-09-19 07:56:28+00,64,3,2,1
934,75,"",22,,"Consider the graphs in the image. About the chromatic number, we can say that:",Basic,$\chi(G_1)=\chi(G_3)=3$ and $\chi(G_2)=\chi(G_4)=4$.,$\chi(G_1)=\chi(G_3)=4$ and $\chi(G_2)=\chi(G_4)=3$.,All graphs have chromatic number $3$.,All graphs have chromatic number $4$.,graph35.JPG,JPG,2019-08-01 06:13:22+00,1,2019-10-04 05:20:49+00,61,4,4,1
935,75,"",22,,The chromatic number of the graph $K_n$ is:,Basic,$n$.,$n-1$.,$\frac{n(n-1)}{2}$.,$2$.,,,2019-08-01 06:17:56+00,1,2019-10-04 05:21:02+00,61,4,4,1
936,75,"",22,,"The chromatic number of the graph $K_{m,n}$ is:",Basic,$2$.,$n \times m$.,$n+m$.,$m$.,,,2019-08-01 06:19:02+00,1,2019-10-04 05:21:10+00,61,4,4,1
937,75,"",22,,Consider the following statements about graph $G$:,Advanced,The statement $i.$ is true and the statement $ii.$ is false.,The statement $i.$ is false and the statement $ii.$ is true.,The statements are both true.,The statements are both false.,statements38.JPG,JPG,2019-08-01 06:20:49+00,1,2019-10-04 05:21:45+00,61,5,4,1
938,75,"",22,,Which of the following sentences is true?,Advanced,A planar graph with chromatic number $2$ must be Hamiltonian.,A Hamiltonian graph with chromatic number $2$ must be planar.,A graph which is both Hamiltonian and Eulerian and has chromatic number $2$ must be planar.,A graph which is both Hamiltonian and Eulerian must have chromatic number less than $6$.,,,2019-08-01 06:25:18+00,1,2019-10-04 05:22:03+00,61,5,4,1
939,75,"",22,,The graph $T$ is a tree. Consider the following statements:,Basic,All statements are true.,Only statements $i.$ and $ii.$ are true.,Only statements $ii.$ and $iii.$ are true.,All statements are false.,statements40.JPG,JPG,2019-08-01 06:30:00+00,1,2019-10-04 05:22:36+00,61,4,4,1
940,75,"",22,,Consider the following weighted graph. We can say that:,Basic,The path $af$ is shorter than $ag$.,The path $cf$ is shorter than $bg$.,The path $cz$ is shorter than $bz$.,The path $dg$ is shorter than $ef$.,graph41.JPG,JPG,2019-08-01 06:34:39+00,1,2019-10-04 05:24:24+00,61,1,1,1
941,75,"",22,,Consider the following weighted graph and indicate the shortest path between $a$ and $z$.,Basic,$acdgz$.,$acegz$.,$abdfz$.,$abdegz$.,graph42.JPG,JPG,2019-08-01 06:39:28+00,1,2019-10-04 05:25:32+00,61,2,3,1
942,75,"",22,,How many spanning trees has the following graph?,Basic,$8$.,$7$.,$2$.,$1$.,graph43.JPG,JPG,2019-08-01 06:40:46+00,1,2019-10-04 05:25:55+00,61,3,3,1
943,75,"",22,,A spanning tree of the the following connected graph is the set of edges and terminal vertices:,Basic,"$v_1v_5$, $v_2v_5$, $v_3v_5$, $v_4v_5$ and $v_6v_5$.","$v_1v_2$, $v_2v_3$, $v_3v_4$, $v_4v_5$, $v_5v_6$ and $v_6v_1$.","$v_1v_2$, $v_1v_5$, $v_1v_6$, $v_4v_3$ and $v_4v_5$.","$v_3v_2$, $v_3v_5$, $v_3v_4$ and $v_4v_5$.",graph44.JPG,JPG,2019-08-01 06:43:10+00,1,2019-10-04 05:26:28+00,61,3,3,1
944,75,"",22,,"Consider the following weighted graph. Applying the Kruskal algorithm to find the minimum spanning tree starting at vertex $a$, the order in which edges are added to form a tree is:",Basic,"$\{d,\;f\}$, $\{a,\;c\}$, $\{a,\;b\}$, $\{c,\;d\}$, $\{d,\;e\}$.","$\{a,\;c\}$, $\{a,\;b\}$, $\{c,\;d\}$, $\{d,\;f\}$, $\{d,\;e\}$.","$\{a,\;b\}$, $\{b,\;c\}$, $\{c,\;d\}$, $\{d,\;e\}$, $\{e,\;f\}$.","$\{a,\;c\}$, $\{b,\;c\}$, $\{a,\;c\}$, $\{c,\;e\}$, $\{d,\;f\}$.",graph45.JPG,JPG,2019-08-01 06:45:22+00,1,2019-10-04 05:27:16+00,61,3,3,1
945,75,"",22,,"Consider the following weighted graph. Applying the Prim algorithm to find the minimum spanning tree starting at vertex $a$, the order in which edges are added to form a tree is:",Basic,"$\{a,\;c\}$, $\{a,\;b\}$, $\{c,\;d\}$, $\{d,\;f\}$, $\{d,\;e\}$.","$\{a,\;b\}$, $\{b,\;c\}$, $\{c,\;d\}$, $\{d,\;e\}$, $\{e,\;f\}$.","$\{a,\;c\}$, $\{b,\;c\}$, $\{a,\;c\}$, $\{c,\;e\}$, $\{d,\;f\}$.","$\{d,\;f\}$, $\{a,\;c\}$, $\{a,\;b\}$, $\{c,\;d\}$, $\{d,\;e\}$.",graph45.JPG,JPG,2019-08-01 06:46:46+00,1,2019-10-04 05:27:56+00,61,3,3,1
946,75,"",22,,The Dijkstra algorithm determines,Basic,the shortest path between two given vertices in a weighted connected graph.,the minimum spanning tree.,a spanning tree.,all paths between two given vertices.,,,2019-08-01 06:48:12+00,1,2019-10-04 05:28:05+00,61,3,3,1
947,75,"",22,,"The table shows the distances between $5$ European cities.
Considering the graph $K_5$ where the vertices are those $5$ European cities, the corresponding minimum spanning tree is:",Basic,"$\{LT,\;RO\}$, $\{PT,\;IT\}$,$\{IT,\;LT\}$, $\{PT,\;IE\}$.","$\{LT,\;RO\}$, $\{PT,\;IT\}$,$\{IT,\;LT\}$.","$\{PT,\;IT\}$, $\{IT,\;RO\}$, $\{RO,\;LT\}$, $\{LT,\;IE\}$.","$\{IT,\;RO\}$, $\{PT,\;IT\}$, $\{PT,\;IE\}$ $\{PT,\;RO\}$.",table48.JPG,JPG,2019-08-01 06:50:07+00,1,2019-10-04 05:29:14+00,61,3,2,1
948,43,"",18,9,"Solve the linear system
$$\begin{cases}
x & + & y & + & z & = & 1 \\
3x & - & y & - & z & = & 4 \\
x & + & 5y & + & 5z & = & -1
\end{cases}$$",Basic,The system has no solution.,"The system has $\left(0,\,0,\,1\right)$ as its unique solution.","The system has $\left(x,\,x,\,-2x+1\right)$ as solution for every $x\in\mathbb{R}$. ","The system has $\left(\frac{5}{4},\,y,\,z\right)$ as solution for every $y,z\in\mathbb{R}$.",,,2019-09-17 03:31:49+00,1,2019-09-22 10:06:23+00,163,2,5,1
968,80,"",15,41,"Which graph represents the domain of the function $f(x,y) = \log(x+y)$?",Basic,$A$.,$B$.,$C$.,$D$.,graphic2.png,png,2019-11-27 10:54:57+00,1,2020-02-08 12:49:49+00,67,1,3,1
970,80,"",15,41," Identify the graph of the function $f(x,y) = |xy|$.",Advanced,$B$.,$A$.,$C$.,$D$.,graphic4.png,png,2019-11-28 13:30:34+00,1,2020-02-08 12:50:18+00,67,3,4,1
949,43,"",18,9,"How many solutions does the following linear system has?
$$\begin{cases}
x & + & 2y & = & 4 \\
x & - & 2y & = & 0 \\
4x & + & 3y & = & 12
\end{cases}$$",Basic,The system has no solutions.,"The system has $\left(2,\,1\right)$ as its unique solution.","The system has $\left(\frac{24}{11},\,\frac{12}{11}\right)$ as its unique solution.","The system has an infinite number of solutions of the form $\left(2y,\,y\right)$ for every $y\in\mathbb{R}$.",,,2019-09-17 03:35:43+00,1,2019-09-22 10:08:00+00,163,2,4,1
950,43,"",18,9,"Solve the following linear system:
$$\begin{cases}
x & + & 3y & - & z & + & w & = & -2 \\
3x & - & y & - & 3z & - & 4w & = & 1 \\
2x & + & 3y & - & 5z & + & w & = & -3
\end{cases}$$",Basic,"The solutions of the system are of the form $\bigg(\frac{22w+7}{15},\,\frac{-7w-7}{10},\,\frac{11w+11}{30}\bigg)$ for every $w\in\mathbb{R}$.",The system has no solutions.,"The system has $\left(1,\,2,\,6,\,-2\right)$ as its unique solution.","The system has $\left(3w,\,w-1,\,2w,\,w\right)$ as solution for every $w\in\mathbb{R}$.",,,2019-09-17 03:39:45+00,1,2019-09-24 06:10:42+00,43,3,1,1
951,43,"",18,9,"Solve the following linear system:
$$\begin{cases}
x & + & 2y & - & 3z & + & w & = & -2 \\
3x & - & y & - & 2z & - & 4w & = & 1 \\
2x & + & 3y & - & 5z & + & w & = & -3 \\
4x & + & y & - & 5z & - & 3w & = & -1
\end{cases}$$",Basic,"The system has $\left(z+w,\,z-w-1,\,z,\,w\right)$ as solution for all $z,w\in\mathbb{R}$.",The system has no solutions.,"The system has $\left(1,\,2,\,2,\,-1\right)$ as its unique solution.","The system has $\left(x,\,y,\,x-y,\,x+y+1\right)$ as solution for all $x,y\in\mathbb{R}$.",,,2019-09-17 03:46:41+00,1,2019-09-24 01:16:33+00,163,3,3,1
952,43,"",18,9,"Solve the following linear system:
$$\begin{cases}
x & + & 2y & - & 3z & + & w & = & -2 \\
3x & - & y & - & 2z & - & 4w & = & 1 \\
2x & + & 3y & - & 5z & + & w & = & -3 \\
x & + & y & - & z & + & w & = & -2
\end{cases}$$
",Basic,The system has no solutions.,"The system has $\left(z+w,\,z-w-1,\,z,\,w\right)$ as solution for all $z,w\in\mathbb{R}$.","The system has $\left(1,\,2,\,2,\,1\right)$ as its unique solution.","The system has $\left(x,\,y,\,x+y,\,x-y-1\right)$ as solution for all $x,y\in\mathbb{R}$.",,,2019-09-17 03:50:42+00,1,2019-09-24 08:17:41+00,43,2,4,1
955,37,"",12,12,Each optimization problem must have certain parameters called,Basic,decision variables.,linear variables.,dummy variables.,none of the above.,,,2019-11-16 18:02:10+00,1,2019-12-11 07:48:22+00,61,1,3,1
956,37,"",12,12,Maximization of $f(x)$ is equivalent to minimization of,Basic,$-f(x)$.,$\dfrac{1}{f(x)}$.,$\displaystyle \sqrt{f(x)}$.,$e^{f(x)}$.,,,2019-11-16 18:07:03+00,1,2019-12-11 07:48:36+00,61,1,3,1
957,37,"",12,12,Which of the following is not a requirement for a goal programming problem?,Basic,A single objective function.,Prioritization of goals.,Linear constraints.,Linear objective function.,,,2019-11-16 18:09:18+00,1,2019-12-11 07:49:10+00,61,2,3,1
958,37,"",12,12,"To develop a stock portfolio wherein the objective is to maximize return and minimize risk, you would have to use",Basic,goal programming.,zero-one integer programming.,mixed-integer programming.,nonlinear programming.,,,2019-11-16 18:11:15+00,1,2019-12-11 07:49:34+00,61,2,3,1
959,37,"",12,12,"The problem 

\[
\begin{array}{ll}
\text{Maximize} & 7x_{1} + 3x_{2}\\
\text{subject to} & 5x_{1}+7x_{2}\leq 27\\
& 4x_{1}+x_{2} \leq 14\\
& 3x_{1}-2x_{2}\leq 9\\
& x_{1},x_{2} \geq 0 \\
& x_1 \text{is integer}
\end{array}
\]

represents:",Basic,none of the above.,integer programming problem.,nonlinear programming problem.,multiple-objective programming problem.,,,2019-11-16 18:13:55+00,1,2019-12-11 07:50:08+00,61,3,1,1
960,37,"",12,13,"The problem 

\[
\begin{array}{ll}
\text{Maximize} & 7x_{1}x_{2}+ 3x_{2}\\
\text{subject to} & 5x_{1}+7x_{2}\leq 27\\
& 4x_{1}+x_{2} \leq 14\\
& 3x_{1}-2x_{2}\leq 9\\
 & x_{1},x_{2} \geq 0 \\
\end{array}
\]

represents",Basic,a nonlinear programming problem.,an integer programming problem.,a multiple-objective programming problem.,none of the other sentences.,,,2019-11-16 18:15:45+00,1,2019-11-26 10:42:55+00,38,1,2,1
961,37,"",18,9,"For a rectangle matrix, when the number of rows is less than number of columns, the rank of this matrix can be:",Basic,less than or equal $m$.,less than or equal $n$.,more than or equal $m$.,none of the above.,,,2019-11-16 18:22:19+00,1,2019-12-01 11:55:02+00,67,4,1,1
962,37,"",12,12,"Solving an integer programming problem by rounding off answers obtained by solving it as a linear programming problem (using simplex), it is possible to conclude that",Basic,the value of the objective function for a maximization problem will likely be less than the simplex solution.,the values of decision variables obtained by rounding off are always very close to the optimal values.,the value of the objective function for a minimization problem will likely be less than the simplex solution.,all constraints are satisfied exactly.,,,2019-11-16 18:33:53+00,1,2019-12-11 07:51:21+00,61,3,1,1
963,37,"",12,13,Which of the following constraints is not linear?,Basic,$2xy + x \geq 15$,$7x - 6y \leq 45$,$x + y + 3z = 35$,$2x + 10y \geq 60$,,,2019-11-16 18:37:07+00,1,2019-11-26 10:43:46+00,38,1,2,1
964,37,"",12,13,"Consider the following problem

\[
\begin{array}{ll}
\text{Min} & 7yx+e^x\\
\text{s.t.} & 5x+4y \leq 2\\
& 4x^2+y \leq 14\\
\end{array}
\]

It is possible to say that",Basic,the nonlinear problem has one linear constraint.,it is a linear programming problem.,all the constraints are nonlinear.,is a multiobjective programming problem.,,,2019-11-16 18:39:03+00,1,2019-11-26 10:45:11+00,38,1,2,1
965,37,"",12,12,"The Childfair Company has three plants producing child push chairs that are to be shipped to four distribution centers. Plants $1$, $2$, and $3$ produce $12$, $17$, and $11$ shipments per month, respectively. Each distribution center needs to receive $10$ shipments per month. The distance (in miles) from each plant ($i$) to the respective distributing centers ($j$) is given below:

\[
\begin{array}{c|c|c|c|c}
\text{Plant Dist. Center} & \text{1} & \text{2} & \text{3}  & \text{4}  \\
\text{1} & 800  & 1300 &  400 & 700\\
\text{2} & 1100 & 1400 &  600 & 1000 \\
\text{3} & 600  & 1200 &  800 & 900\\
\end{array}
\]	

The freight cost for each shipment is $100.50€$ per mile. Use the transportation simplex method to determine how much should be shipped from each plant to each of the distribution centers each month, to minimize the total shipping cost. Use the minimum cost rule to obtain an initial basic feasible solution.

Choose the right answer:",Basic,"$x_{13} = 2, x_{14} = 10, x_{22} = 9, x_{23} = 8, x_{31} = 10, x_{32}= 1 \text{, other } x_{ij}=0$","$x_{11} = 10, x_{13} = 2, x_{22} = 10, x_{24} = 7, x_{33} = 8, x_{34}= 3 \text{, other } x_{ij}=0$","$x_{11} = 10, x_{13} = 2, x_{22} = 9,  x_{24}= 8, x_{32}= 1, x_{33}= 8 \text{, other } x_{ij}=0$ ","$x_{12} = 2, x_{13} = 10, x_{22} = 8, x_{24} = 9, x_{31}= 10, x_{34}= 1 \text{, other } x_{ij}=0$ ",,,2019-11-19 11:52:19+00,1,2019-12-11 07:51:47+00,61,3,1,1
967,80,"",15,41,"Which graph represents the domain of the function $f(x,y)=\sqrt{-1+x^2+y^2}+\log(16-y^2-x^2)$? ",Basic,$B$.,$A$.,$C$.,$D$.,graphic1.png,png,2019-11-27 10:47:35+00,1,2020-11-18 08:52:22+00,37,1,1,1
971,80,"",15,41,"Identify the graph of the function $f(x,y) = -\sin(|x|+y)$.",Advanced,$D$.,$B$.,$C$.,$A$.,graphic4.png,png,2019-11-28 13:33:29+00,1,2020-02-08 12:50:28+00,67,5,2,1
972,80,"",15,41,"Identify the graph of the function $f(x,y) = |2x+y^2|$.",Advanced,$C$.,$B$.,$A$.,$D$.,graphic6.jpg,jpg,2019-11-28 13:35:40+00,1,2020-02-08 12:50:41+00,67,4,5,1
973,80,"",15,41,"Find the contour map of $f(x,y) = |sin(x)+sin(y)|$.",Advanced,$D$.,$C$.,$B$.,$A$.,graphic7.png,png,2019-11-28 13:40:13+00,1,2020-02-08 12:50:54+00,67,5,2,1
974,80,"",15,41,"Match the following functions (labeled $I - III$) with its contour map (labeled $A - C$):

$(I) f(x,y) = \cos(x + y)$
$(II) f(x,y) = (x^2+y^2) \cdot \sin(x)$
$(III) f(x,y) = \sin(x) \cdot \sin(y)$",Advanced,"$I \rightarrow B, II \rightarrow C, III \rightarrow A$.","$I \rightarrow A, II \rightarrow B, III \rightarrow C$.","$I \rightarrow A, II \rightarrow C, III \rightarrow B$.","$I \rightarrow C, II \rightarrow A, III \rightarrow A$.",graphic8_1.png,png,2019-11-28 13:43:38+00,1,2020-02-08 12:51:08+00,67,5,2,1
975,80,"",15,41,"Match the following functions (labeled $I - III$) with its contour map (labeled $A - C$):

$(I) f(x,y) = \cos(x)-\sin(y)$
$(II) f(x,y) = \sin(\sqrt{x^2+y^2})$
$(III) f(x,y) = (1+x^2+y^2)\cos(x)$",Advanced,"$I \rightarrow C, II \rightarrow B, III \rightarrow A$.","$I \rightarrow A, II \rightarrow B, III \rightarrow C$.","$I \rightarrow B, II \rightarrow A, III \rightarrow C$.","$I \rightarrow C, II \rightarrow A, III \rightarrow B$.",graphic8_2.png,png,2019-11-28 13:48:56+00,1,2020-02-08 12:51:20+00,67,5,2,1
976,80,"",15,41,"Match the following functions (labeled $I - III$) with its graph (labeled $A - C$):

$(I) f(x,y) = \sin(x)\sin(y)$
$(II) f(x,y) = \sin(x)(x^2+y^2)$
$(III) f(x,y) = \sin(\sqrt{x^2+y^2})$",Advanced,"$I \rightarrow A, II \rightarrow B, III \rightarrow C$.","$I \rightarrow C, II \rightarrow A, III \rightarrow B$.","$I \rightarrow A, II \rightarrow C, III \rightarrow B$.","$I \rightarrow C, II \rightarrow B, III \rightarrow A$.",graphic9_1.png,png,2019-11-28 13:53:24+00,1,2020-02-08 12:51:31+00,67,4,5,1
978,38,"",15,41,"Find the domain of the function $f(x,y) = \sqrt{x-y-5}$.",Basic,"$D = \left\{(x,y) \in \mathbb{R}^2: y \leq x-5\right\}$.","$D=\left\{(x,y) \in \mathbb{R}^2:  x-y \neq 5\right\}$.",$D= \mathbb{R}^2$.,"$D=\left\{(x,y) \in \mathbb{R}^2: y \geq x- 5\right\}$.",,,2019-11-29 10:17:39+00,1,2019-12-01 11:43:53+00,67,1,1,1
980,38,"",15,41,"Find $\lim_{\left(x,y\right)\rightarrow\left(0,0\right)}\frac{\sin\left(x^2+y^2\right)}{x^2+y^2}$.",Basic,$1$.,$0$.,$+\infty$.,It doesn't exist.,,,2019-11-29 10:27:41+00,1,2019-12-01 11:46:19+00,67,2,3,1
981,64,"",3,37,"Find the $\displaystyle\lim_{x\to 2}\,\frac{x^3-2x^2}{x-2}$.",Basic,$4$.,$+\infty$.,$0$.,The limit does not exist.,,,2019-11-30 16:25:28+00,1,2019-12-03 05:25:03+00,52,1,1,1
982,64,"",3,37,"Find the $\displaystyle\lim_{x\to 0}\,\frac{|x|}{x}$.",Basic,The limit does not exist.,$-1$.,$0$.,$1$.,,,2019-11-30 16:39:42+00,1,2019-12-03 05:26:57+00,52,3,2,1
983,64,"",3,37,"Find the $\displaystyle\lim_{x\to 0^+}\,(2x-x\ln x)$.",Advanced,$0$.,$-1$.,$1$.,The limit does not exist.,,,2019-11-30 16:48:44+00,1,2019-12-03 05:30:54+00,52,4,1,1
984,64,"",3,37,"Find the $\displaystyle\lim_{x\to 0^+}\,x^2 e^{\frac{1}{x}}$.",Advanced,$+\infty$.,$-\infty$.,The limit does not exist.,$0$.,,,2019-11-30 16:54:11+00,1,2019-12-03 05:29:45+00,52,5,2,1
985,64,"",15,41,"Consider the function $f$ defined in $\mathbb{R}^2$ by $f(x,y)=\sqrt{x^2+y^2-9}$. 
The domain of $f$ is",Basic,"The complement of the closed circle with center $(0,0)$ and radius $3$.","The closed circle with center $(0,0)$ and radius $3$.",The half plane $y>3$.,The half plane $y<3$.,,,2019-11-30 17:10:33+00,1,2019-12-01 11:46:35+00,67,1,1,1
986,64,"",15,41,"Consider the function $f$ defined in $\mathbb{R}^2$ by $f(x,y)=\dfrac{\ln(16-x^2-y^2)}{|x|-|y|}$.
The domain of $f$ is",Basic,"$\{(x,y)\in\mathbb{R}^2:x^2+y^2<16 \wedge x\neq y \wedge x\neq -y\}$.","$\{(x,y)\in\mathbb{R}^2:x^2+y^2>16 \wedge x\neq y \wedge x<-y\}$.","$\{(x,y)\in\mathbb{R}^2:x^2+y^2<16 \wedge x>y \wedge x\neq -y\}$.","$\{(x,y)\in\mathbb{R}^2:x^2+y^2>16 \wedge x>y \wedge x<-y\}$.",,,2019-11-30 17:19:23+00,1,2019-12-01 11:46:56+00,67,1,3,1
987,38,"",15,41,"Find the $\displaystyle\lim_{\left(x,y\right)\rightarrow\left(0,0\right)}\frac{x^2-y^2}{2x^2+y^2}$.",Basic,The limit does not exist.,$\displaystyle \frac{1}{2}$.,$-\displaystyle \frac{1}{2}$.,$\displaystyle 0$.,,,2019-11-30 17:20:45+00,1,2019-12-01 11:47:50+00,67,1,3,1
988,64,"",15,41,"Consider the function $f$ defined in $\mathbb{R}^2$ by $f(x,y)=x\ln(y^2-x)$.
The domain of $f$ is",Basic,"$\{(x,y)\in\mathbb{R}^2:x < y^2\}$.","$\{(x,y)\in\mathbb{R}^2:x>y\}$.","$\{(x,y)\in\mathbb{R}^2:x\leq y^2\}$.","$\{(x,y)\in\mathbb{R}^2:x\geq y\}$.",,,2019-11-30 17:30:32+00,1,2019-12-01 11:48:05+00,67,1,1,1
989,64,"",15,41,"Find $\displaystyle\lim_{(x,y)\to (0,0)}\,\dfrac{3x^2y}{x^2+y^2}$.",Advanced,$0$.,$-1$.,$1$.,The limit does not exist.,,,2019-11-30 17:36:35+00,1,2019-12-01 11:48:21+00,67,1,1,1
990,64,"",15,41,"Find $\displaystyle \lim_{(x,y)\to (0,0)}\,\dfrac{xy}{\sqrt{x^2+y^2}}$.",Basic,$0$.,$1$.,$2$.,The limit does not exist.,,,2019-11-30 17:40:03+00,1,2019-12-01 11:48:37+00,67,1,1,1
991,38,"",15,41,"Find the domain of $\displaystyle f(x,y)=\frac{\sqrt{4-x^2}}{y^2+3}$.",Basic,"$\displaystyle D_{f}=\{(x,y)\in \mathbb{R}^2: -2\leq x\leq 2 \}$.","$\displaystyle D_{f}=\{(x,y)\in \mathbb{R}^2: -2\leq x\leq 2 \wedge y\neq 3 \}$.","$\displaystyle D_{f}=\{(x,y)\in \mathbb{R}^2: -2\leq x\leq 2 \wedge y\neq -3 \}$.","$\displaystyle D_{f}=\{(x,y)\in \mathbb{R}^2: -2\leq x\leq 2  \wedge y\neq -3 \wedge y\neq 3 \}$.",,,2019-11-30 17:40:08+00,1,2019-12-01 11:48:49+00,67,1,1,1
992,64,"",15,41,"Find $\displaystyle \lim_{(x,y,z)\to (0,0,0)}\,\dfrac{\sin(x^2+y^2+z^2)}{x^2+y^2+z^2}$.",Basic,$1$.,$-1$.,$0$.,The limit does not exist.,,,2019-11-30 17:43:23+00,1,2019-12-01 11:49:02+00,67,1,1,1
993,64,"",15,41,"How many contours of $f(x,y)=\sqrt{x+y^2-3}$ go through the point $(3,-1)$?",Basic,$1$.,$2$.,$3$.,None.,,,2019-11-30 17:52:23+00,1,2019-12-01 11:50:28+00,67,5,2,1
994,64,"",15,41,"For which values of the parameter $k \in \mathbb{R}$ is the function $f(x,y)=\begin{cases}
\dfrac{x^2\sqrt{y}}{x^2+y^2} & \text{if } (x,y)=(0,0) \\
k & \text{if } (x,y)\neq (0,0)
\end{cases}$ continuous?",Advanced,$k=0$.,$k=-1$.,$k=1$.,$k=-2$.,,,2019-11-30 18:00:09+00,1,2019-12-01 11:50:44+00,67,2,3,1
995,38,"",15,41,"Find the domain of the function $f(x,y)=\frac{e^{\sqrt{y}}}{\ln(-x^2+y)}$.",Advanced,"$\displaystyle D_f=\Big\{(x,y)\in\mathbb{R}^2\mid\, y\geq 0 \wedge -x^2+y>0 \wedge -x^2+y\neq 1\Big\}$.","$\displaystyle D_f=\Big\{(x,y)\in\mathbb{R}^2\mid\, y\geq 0 \wedge -x^2+y>0 \Big\}$.","$\displaystyle D_f=\Big\{(x,y)\in\mathbb{R}^2\mid\, y\geq 0\wedge -x^2+y\neq 1\Big\}$.","$\displaystyle D_f=\Big\{(x,y)\in\mathbb{R}^2\mid\, y\geq 0 \wedge -x^2+y>0 \wedge -x^2+y\neq 0\Big\}$.",,,2019-11-30 18:05:19+00,1,2019-12-01 11:51:00+00,67,2,3,1
996,38,"",15,41," Find the domain of function $\displaystyle f(x,y)=\frac{1}{x^2+y^2}$.	",Basic,"$\displaystyle D_{f} = \mathbb{R}^2\backslash\left\{(0,0)\right\}$.",$\displaystyle D_{f}=\mathbb{R}^2$.,"$\displaystyle D_{f}=\mathbb{R}^2\backslash\left\{(-1,1)\right\}$.","$\displaystyle D_{f}=\mathbb{R}^2\backslash\left\{(1,1)\right\}$.",,,2019-11-30 18:21:18+00,1,2019-12-01 11:51:13+00,67,1,1,1
997,38,"",15,41,"Find $\displaystyle \lim_{\left(x,y\right)\rightarrow\left(0,0\right)}\frac{x^3y}{2x^6+y^2}$.",Advanced,The limit does not exist.,$0$.,$\frac{1}{3}$.,$2$.,,,2019-11-30 18:28:27+00,1,2019-12-01 11:51:26+00,67,4,5,1
998,38,"",4,4,Find $\dfrac{\partial}{\partial x}( \cos(x) \tan(y-2x))$.,Basic,"$f_{x}(x,y) = -\sin(x) \tan(y-2x) - 2\cos(x)\sec^2(y-2x)$  ","$f_{x}(x,y) = -\cos(x) \tan(y-2x) - 2\tan(x)\sec^2(y-2x)$  ","$f_{x}(x,y) = -\sin(x) \tan(y-2x) + 2\cos(x)\sec^2(y-2x)$","$f_{x}(x,y) = \sin(x) \tan(y-2x) - 2\cos(x)\sec^2(y-2x) $",,,2019-11-30 18:58:09+00,1,2019-12-02 15:38:34+00,38,3,5,1
999,38,"",4,4,"Consider $f(x,y) = x + x^3y^2 - 2y^2x$. Find $f_{x}(2,1)$.",Basic,"$f_{x}(2,1) = 11$","$f_{x}(2,1) = 13$","$f_{x}(2,1) = 10$","$f_{x}(2,1) = -2$",,,2019-11-30 19:01:31+00,1,2019-12-02 15:44:54+00,38,1,4,1
1000,38,"",4,4,"Consider $f(x,y) = x + x^3y^2 - 2y^2x$. Find $f_{y}(1,1)$.",Basic,"$f_{y}(1,1) = -2$","$f_{y}(1,1) = 8$","$f_{y}(1,1) = 2$","$f_{y}(1,1) = 11$",,,2019-11-30 19:03:24+00,1,2019-12-02 15:45:01+00,38,1,4,1
1001,38,"",4,4,"Consider $f(x,y) = \sqrt{2x^3 + 8y^2}$. Find $f_{y}(1,1)$.",Basic,"$f_{y}(1,1) = \dfrac{8}{\sqrt{10}}$","$f_{y}(1,1) = \dfrac{8y}{100}$","$f_{y}(1,1) = \dfrac{8y}{5}$ ","$f_{y}(1,1) = \dfrac{8y}{\sqrt{10}}$",,,2019-11-30 19:05:28+00,1,2019-12-02 15:45:09+00,38,2,4,1
1002,38,"",4,4,Find $\dfrac{\partial}{\partial t}(\sqrt[3]{4-6s^2-10t})$.,Basic,"$f_{t}(s,t) = \dfrac{-10}{3\sqrt[3]{(4-6s^2-10t)}^2}$","$f_{t}(s,t) = \dfrac{-10}{3\sqrt[3]{(4-6s^2-10t)}}$","$f_{t}(s,t) = \dfrac{-10}{\sqrt[3]{(4-6s^2-10t)}}$","$f_{t}(s,t) = \dfrac{10}{3\sqrt[3]{(4-6s^2-10t)}^2}$",,,2019-11-30 19:08:54+00,1,2019-12-02 15:45:19+00,38,2,5,1
1003,37,"",12,12,"Consider the problem of  $\min f(x,y,z)=2xz+3y+4$ subject to $x+y+z=1$ and $-2x+z \geq 2$.

This problem",Basic,is nonlinear.,is linear.,has one nonlinear constraint.,has three constraints.,,,2019-12-01 17:40:51+00,1,2019-12-11 07:52:03+00,61,1,3,1
1004,38,"",12,13,"Conclude about the existence of local maxima, minima, and saddle points of $f\left(x,y\right)=\left(x-1\right)^2+2y^2$.",Basic,There is $1$ local minimum.,There are $1$ local maximum and $1$ saddle point.,There are $2$ local minima.,There is $1$ saddle point.,,,2019-12-01 17:50:50+00,1,2019-12-01 18:10:40+00,38,2,3,1
1005,38,"",12,13,"Conclude about the existence of local maxima, local minima, and saddle points of $f\left(x,y\right)=y^2+xy+3y+2x+3$.",Basic,There is $1$ saddle point.,There are $1$ local maximum and $1$ local minimum.,There is $1$ minimum.,There is $1$ maximum.,,,2019-12-01 17:53:03+00,1,2019-12-01 18:10:53+00,38,2,2,1
1006,37,"",12,12,"The Cost-Less Corp. supplies its four retail outlets from its three plants. The shipping cost per unit from each plant $(i)$ to each retail outlet $j$ is given below.
	
\[
\begin{array}{lc|cccc}
&   & & \text{Retail} &\text{ outlet} \\
& & \text{K} & \text{L} & \text{M} & \text{N}\\
\hline
& \text{A} & 2 & 4 & 5 & 1 \\
\text{Plant} & \text{B} & 3 & 4 & 5 & 7 \\
& \text{C} & 4 & 5 & 7 & 4 \\
\end{array}
\]	
	
Plants $A$, $B$ and $C$ make $80$, $110$ and $130$ units per month, respectively. Retail outlets $K$, $L$, $M$, and $N$ need to receive $80$, $30$, $90$ and $120$ units per month, respectively. Use the transportation simplex method to determine the best plan for how many units to send from each plant to the respective retail outlets each month, minimizing the total shipping cost. Use the minimum cost rule to obtain an initial basic feasible solution. 
	
Choose the right answer:",Advanced,"Tied optimal solutions: $x_{14} = 80, x_{21} = 20, x_{23} = 90, x_{31} = 60, x_{32} = 30, x_{34}= 40 \text{, other } x_{ij}=0$  or $x_{14} = 80, x_{22} = 20, x_{23} = 90, x_{31} = 80, x_{32} = 10, x_{34} = 40 \text{, other } x_{ij}=0$","$x_{14} = 80, x_{22} = 20, x_{23} = 90, x_{31} = 80, x_{32} = 10, x_{34}= 40 \text{, other } x_{ij}=0$","$x_{14} = 80, x_{22} = 30, x_{23} = 80, x_{31} = 80, x_{33} = 10, x_{34}= 40 \text{, other } x_{ij}=0$",None of them.,,,2019-12-01 17:53:19+00,1,2019-12-11 07:52:24+00,61,4,2,1
1007,38,"",12,13,"Conclude about the existence of local maxima, local minima, and saddle points of $f\left(x,y\right)=xy-x^3-y^2$.",Basic,There are $1$ local maximum and $1$ saddle point.,There are $1$ local minimum and $1$ saddle point.,There are $1$ local maximum and $1$ local minimum.,There is $1$ saddle point.,,,2019-12-01 17:55:32+00,1,2019-12-01 18:11:08+00,38,2,3,1
1008,38,"",12,13,"Conclude about the existence of local maxima, local minima, and saddle points of $f\left(x,y\right)=x^4+y^4-4xy$.",Advanced,"There are $2$ local minima, and a saddle point.","There are $2$ local minima, and $2$ local maxima.","There are $2$ local maxima, and a saddle point.","There are $2$ local minima, a saddle point, and $1$ local maximum.",,,2019-12-01 17:59:01+00,1,2019-12-01 18:11:19+00,38,2,4,1
1009,37,"",12,12,"Consider the transportation problem having the following parameter table: 

\[
\begin{array}{lc|cccc|c}
& &  & \text{Destination}& \\
& &\text{C1} & \text{C2} & \text{C3} & \text{C4} &  \text{Supply (units)}\\
\hline
&\text{A} & 2 & 1 & 4 & 2 & 100\\
\text{Source (units)} &\text{B} & 5 & 4 & 7 & 5 & 50\\
& \text{C} & 4 & 5 & 2 & 6 & 100 \\
\hline
\text{Demand} & & 80 & 60  & 70 & 50  & \\
\end{array}
\]	

Use the transportation simplex method to determine the best plan for how many units to send from each source ($i$) to the respective destinations ($j$), minimizing the total shipping cost. Use the Northwest corner rule to obtain an initial basic feasible solution.

Choose the right answer:",Basic,None of them.," $x_{11} = 80,  x_{12} = 10,  x_{14} = 10, x_{22} = 50, x_{33} = 60, x_{34}= 30 \text{, other } x_{ij}=0$ ","$x_{11} = 80,  x_{12} = 20, x_{22} = 40, x_{23} = 10, x_{33}= 60, x_{34}= 40 \text{, other } x_{ij}=0$","$x_{11} = 80,  x_{12} = 10,  x_{14} = 10, x_{22} = 50, x_{33} = 70, x_{34}= 30 \text{, other } x_{ij}=0$",,,2019-12-01 17:59:44+00,1,2019-12-12 06:57:19+00,37,5,2,1
1010,38,"",12,13,"Solve the constraint optimization problem $f\left(x,y\right)=x+2y$ subject to $x^2+y^2=4$.",Basic,It has $1$ local maximum and $1$ local minimum.,It has $2$ local maximum and $2$ local minimum.,It has no solution.,It has an infinit number of solutions.,,,2019-12-01 18:04:50+00,1,2019-12-01 18:11:50+00,38,4,5,1
1011,38,"",12,13,"Solve the following constraint optimization problem such that $f\left(x,y\right)=x^2+y^2$ subject to $4x^2+y^2=8$.",Advanced,It has $2$ local maxima and $2$ local minima.,It has no solution.,It has $1$ local maxima and $1$ local minima.,It has $1$ local minimum.,,,2019-12-01 18:08:37+00,1,2019-12-01 18:11:59+00,38,4,5,1
1012,37,"",12,13,"Consider the nonlinear problem $ \min f(x,y,z)=(x-3)^2+(y+1)^2+z^2$. It is possible to say:",Basic,"The point $(3,-1,0)$ is the global minimizer of the problem.",The problem is impossible.,"The point $(3,-1,0)$ is the global maximizer of the problem.",None of all.,,,2019-12-01 18:15:04+00,1,2019-12-01 18:16:34+00,38,2,2,1
1013,37,"",12,13,The solution of the problem $\max f(x)$ is equal to:,Basic,$- \min -f(x)$,$ \min -f(x)$,$- \max -f(x)$,$\max -f(x)$,,,2019-12-01 18:19:29+00,1,2019-12-01 18:22:02+00,38,1,2,1
1014,37,"",12,13,"Consider the problem

$$\begin{cases}
\min \ (x-2)^2 \\
x \in \mathbb{R} \\
x-3 \geq 0
\end{cases}$$

The solution occurs when",Basic,$x=3$.,$x=2$.,$x=-2$.,$x=4.4$.,,,2019-12-01 18:25:04+00,1,2019-12-01 18:27:15+00,38,2,3,1
1015,37,"",12,13,"Consider the problem 

$$\begin{cases}
\min \ -x_1 x_2 \\
-x_1-x_2^2+1 \geq 0 \\
x_1+x_2 \geq 0
\end{cases}$$

It is possible to say that",Basic,"the point $(1,-1)$ has an active constraint.","the $(1,-1)$ is a feasible point.","the $(1,-1)$ is KKT point.",None of all.,,,2019-12-01 18:31:31+00,1,2019-12-01 18:34:43+00,38,3,4,1
1016,37,"",12,13,"Consider the problem 
\[
\begin{array}{rl}
\min & e^{x_1}+x_2\\
s.t & -x_1-x_2 \leq 0
\end{array}
\]

Solve using the SQP method. 
It is possible to say that",Basic,"$(-1,1)$ is the local solution of the problem.","$(0,0)$ is not a feasible point.",the problem is impossible.,"$(-1,1)$ is a maximizer of the problem.",,,2019-12-01 18:41:36+00,1,2019-12-01 18:43:07+00,38,3,4,1
1017,74,"",12,12,"The Cost-Less Corp. supplies its four retail outlets from its three plants. The shipping cost per unit from each plant $(i)$ to each retail outlet $j$ ($K$, $L$, $M$ and $N$) is given below:

\[
\begin{array}{lc|cccc|}
& & \text{K} & \text{L} & \text{M} & \text{N}\\
\hline
& \text{A} & 2 & 4 & 5 & 1 \\
\text{Plant} & \text{B} & 3 & 4 & 5 & 7 \\
& \text{C} & 4 & 5 & 7 & 4 \\
\hline
\end{array}
\]	

Plants $A$, $B$ and $C$ make $80$, $140$ and $130$ units per month, respectively. Retail outlets $K$, $L$, $M$ and $N$ need to receive $80$, $30$, $90$ and $120$ units per month, respectively. Suppose that each unit maintained at plants $A$, $B$ and $C$ has a penalty cost (in monetary units) of $0.5$, $1$ and $1$, respectively. Use the transportation simplex method to determine the best plan for how many units to send from each plant to the retail outlets each month, minimizing the total shipping cost. Use the minimum cost rule to obtain an initial basic feasible solution. 

Choose the right answer:",Advanced,"Tied optimal solutions: $x_{14} = 80,  x_{21} = 20,  x_{23} = 90, x_{31}= 60, x_{32}=30; x_{34}= 40 \text{, other } x_{ij}=0$ or  $x_{14} = 80,  x_{22} = 20, x_{23} = 90, x_{31} = 80, x_{32}= 10, x_{34}= 40 \text{, other } x_{ij}=0$;","$x_{14} = 50, x_{21} = 80, x_{22} = 30, x_{23}= 30, x_{33}= 60, x_{34}= 70 \text{, other } x_{ij}=0$;","$x_{14} = 80,  x_{21} = 80, x_{22} = 30, x_{23} = 30, x_{33}= 60, x_{34}= 40 \text{, other } x_{ij}=0$;","$x_{14} = 80,  x_{21} = 20, x_{22} = 30, x_{23} = 90, x_{31}= 60, x_{34}= 40 \text{, other } x_{ij}=0$;",,,2019-12-13 09:44:18+00,1,2020-02-19 03:50:01+00,61,5,2,1
1018,74,"",12,12,"The Cost-Flower Corp. supplies its three retail stores ($L_1$, $L_2$, and $L_3$) from three suppliers ($P_1$, $P_2$, and $P_3$). The shipping cost per unit from each supplier $(i)$ to each retail store ($j$) is given below. Consider that the capacity for each supplier and the requirements for each retail store during the week are indicated in the following table:

\[
\begin{array}{lc|ccc|c}
& & L_1 & L_2 & L_3 & \text{Supply (units)}\\
\hline
&P_1 & 25  & 15 & 5 & 1000\\
\text{Suppplier } & P_2 & 15 & 10 & 0 & 1000\\
& P_3 & 20 & 10 & 10 & 1000 \\
\hline 
\text{Demand (units)} & & 500  & 1000 & 750  & \\
\end{array}
\]	

Suppose that each supplier $P_1$, $P_2$ and $P_3$ sells each unit at cost $80 u.m.$, $90 u.m.$ and $70 u.m.$, respectively. Afterwards, each retail store $L_1$, $L_2$ and $L_3$ sells each unit at price $200 u.m.$, $220 u.m.$ and $190 u.m.$, respectively. Use a computer (Solver Add-in in Excel) to determine the best distribution plan per week.",Advanced,There are tied optimal solutions with the maximum profit equals to $266250~u.m.$;,"$x_{11} = 500,  x_{12} = 500, x_{22} = 500, x_{33} = 750 \text{, other } x_{ij}=0$;","$x_{12} = 750,  x_{13} = 250, x_{22} = 250, x_{31} = 500, x_{33} = 500 \text{, other } x_{ij}=0$;","$x_{12} = 250,  x_{13} = 750, x_{22} = 250, x_{31} = 500, x_{33} = 500 \text{, other } x_{ij}=0$;",,,2019-12-13 09:48:39+00,1,2020-02-19 04:10:51+00,61,4,2,1
1019,74,"",12,12,"Consider the assignment problem having the following table regarding the time that each person $i$ performs each task $j$ ($T_1$, $T_2$, $T_3$ and $T_4$).

\[
\begin{array}{lc|cccc|}
%	& &  {\text{Task} j} & & &  \\
& & T_1 & T_2 & T_3 & T_4 \\
\hline 
& \text{A} & 8  & 6 &  5 & 7\\
\text{Person }  & \text{B} & 6  & 5 & 3 & 4\\
& \text{C} & 7  & 8 &  4 & 6 \\
& \text{D} & 6  & 7 &  5 & 6 \\
\hline
\end{array}
\]	

Use the Hungarian algorithm to assign four tasks to the four persons to minimize the sum of the corresponding task time.",Basic,"$x_{12} = 1,  x_{24} = 1, x_{33} = 1, x_{41} = 1 \text{, other } x_{ij}=0$;","$x_{12} = 1,  x_{23} = 1, x_{31} = 1, x_{44} = 1 \text{, other } x_{ij}=0$;","$x_{13} = 1,  x_{22} = 1, x_{31} = 1, x_{44} = 1 \text{, other } x_{ij}=0$;","$x_{13} = 1,  x_{21} = 1, x_{32} = 1, x_{44} = 1 \text{, other } x_{ij}=0$;",,,2019-12-13 09:51:29+00,1,2020-02-19 03:45:21+00,61,4,2,1
1020,74,"",12,12,"Four workers ($W_1$, $W_2$, $W_3$ and $W_4$) should be selected to perform three different tasks ($T_1$, $T_2$ and $T_3$), for which they are unequally prepared. Based on the qualifications and previous experience, it was possible to construct the following table which indicates, for each worker $j$, the operation time in each task  $i$ (in weeks):

\[
\begin{array}{l|cccc|}
& W_1 & W_2 & W_3 & W_4\\
\hline
T_1 & 2 & 6 & 7 & 4 \\
T_2 & 9 & 8 & 4 & 2 \\
T_3 & 2 & 7 & 5 & 7 \\
\hline
\end{array}
\]	

What workers should be selected to carry out the tasks, in order to minimize the total time spent by them?",Basic,"$x_{11} = 1,  x_{24} = 1, x_{33} = 1 \text{, other } x_{ij}=0$;","$x_{12} = 1,  x_{21} = 1, x_{33} = 1 \text{, other } x_{ij}=0$;","$x_{11} = 1,  x_{24} = 1, x_{32} = 1 \text{, other } x_{ij}=0$;","$x_{11} = 1,  x_{22} = 1, x_{33} = 1 \text{, other } x_{ij}=0$;",,,2019-12-13 09:54:13+00,1,2020-02-19 04:07:50+00,61,3,3,1
1021,74,"",12,12,"Four workers ($W_1$, $W_2$, $W_3$ and $W_4$) should be selected to perform three different tasks ($T_1$, $T_2$ and $T_3$), for which they are unequally prepared. Based on the qualifications and previous experience, it was possible to construct the following table which indicates, for each worker $j$, the operation time in each task  $i$ (in weeks):
	
\[
\begin{array}{l|cccc|}
& W_1 & W_2 & W_3 & W_4 \\
\hline
T_1 & 2 & 6 & 7 & 4 \\
T_2 & 9 & 8 & 4 & 2 \\
T_3 & 2& 7 & 5 & 7 \\
\hline 
\end{array}
\]	

Supposing that the several tasks start at same time, what workers should be selected to complete all the three tasks as soon as possible?",Basic,"$x_{14} = 1,  x_{23} = 1, x_{31} = 1 \text{, other } x_{ij}=0$;","$x_{13} = 1,  x_{24} = 1, x_{31} = 1 \text{, other } x_{ij}=0$;","$x_{13} = 1,  x_{22} = 1, x_{31} = 1\text{, other } x_{ij}=0$;","$x_{11} = 1,  x_{22} = 1, x_{33} = 1 \text{, other } x_{ij}=0$;",,,2019-12-13 09:56:20+00,1,2020-02-19 04:05:52+00,61,4,2,1
1037,80,"",4,42,Consider the function $7 + xy + y = x^2$ and assume that it verifies the requirements of the implicit function theorem. Use implicit differentiation to find $\dfrac{d y}{d x}$.,Basic,$\dfrac{d y}{d x} = \frac{2x-y}{x+1} $ ,$\dfrac{d y}{d x} = \frac{2x+y}{x-1} $ ,$\dfrac{d y}{d x} = \frac{x-y}{xy+1} $ ,$\dfrac{d y}{d x} = \frac{-x-2y}{x+1} $,,,2020-01-08 10:56:32+00,1,2020-06-17 07:46:07+00,64,1,1,1
1022,74,"",12,12,"A school needs to hire three new teachers for three different subjects ($S_1$, $S_2$ and $S_3$). The marks (ranges from $0$ to $20$) achieved by the four candidates ($C_1$, $C_2$, $C_3$ and $C_4$), at the exam regarding each subject, are the following:
		
\[
\begin{array}{l|ccc|}
& S_1 & S_2 & S_3 \\
\hline
C_1 & 14 & 13 & 16 \\
C_2 &16 & 18  & 15 \\
C_3 & 15 & 17 & 11 \\
C_4 & 14 & 16  & 14 \\
\hline 
\end{array}
\]	

Assign the different candidates for the subjects, supposing that each teacher must have at least $14$ marks in the subject to teach and the school wants to maximize the sum of the marks concerning the admitted teachers.",Advanced,"Tied optimal solutions: $x_{13} = 1,  x_{21} = 1, x_{32} = 1 \text{, other },  x_{ij}=0~$ or $~x_{13} = 1,  x_{22} = 1, x_{31} = 1 \text{, other }  x_{ij}=0$;","$x_{23} = 1, x_{32} = 1, x_{41} = 1 \text{, other }  x_{ij}=0$;","$x_{13} = 1,  x_{32} = 1, x_{41} = 1 \text{, other }  x_{ij}=0$;","$x_{13} = 1,  x_{21} = 1, x_{32} = 1 \text{, other }  x_{ij}=0$;",,,2019-12-13 10:06:52+00,1,2020-02-19 04:07:31+00,61,4,3,1
1023,75,"",22,,In a simple graph of order $n$ the maximum possible degree of a vertex is:,Basic,$n-1$.,$n$.,$2n$.,$\frac{n(n-1)}{2}$.,,,2019-12-15 07:50:37+00,1,2021-04-03 16:50:19+00,64,2,3,1
1024,80,"",15,41,"Match the following functions (labeled $I - III$) with its contour map (labeled $A - C$):

$(I) f(x,y) = \cos(x + y)$
$(II) f(x,y) = (1+x^2+y^2)\cos(x)$
$(III) f(x,y) = \cos(x)-\sin(y)$",Advanced,"$I \rightarrow C, II \rightarrow B, III \rightarrow A$.","$I \rightarrow C, II \rightarrow A, III \rightarrow B$.","$I \rightarrow A, II \rightarrow C, III \rightarrow B$.","$I \rightarrow A, II \rightarrow B, III \rightarrow C$. ",graphic9_2.png,png,2020-01-08 09:28:01+00,1,2020-02-08 12:51:40+00,67,5,2,1
1025,80,"",15,41,"Match the following functions (labeled $I - IV$) with its level curve (labeled $A - D$).

$(I) f(x,y) = 1.5(\operatorname{e}^x-0.5x^3-2x-y)$
$(II) \displaystyle f(x,y) = \sqrt{\operatorname{e}^x-0.5x^3-2x-y}$
$(III) f(x,y) = \operatorname{e}^x-0.5x^3-2x-y$
$(IV) \displaystyle f(x,y) = |\operatorname{e}^x-0.5x^3-2x-y|$

Suggestion: use a graphical machine.",Advanced,"$I \rightarrow D, II \rightarrow B, III \rightarrow A, IV \rightarrow C$.","$I \rightarrow A, II \rightarrow C, III \rightarrow D, IV \rightarrow B$.","$I \rightarrow A, II \rightarrow B, III \rightarrow C, IV \rightarrow D$.","$I \rightarrow D, II \rightarrow C, III \rightarrow A, IV \rightarrow B$.",graphic10.png,png,2020-01-08 09:36:32+00,1,2020-02-08 12:48:57+00,67,5,2,1
1026,80,"",15,41,Match the following graphs (labelled $I - IV$) with its contour map (labelled $A - D$):,Advanced,"$I \rightarrow D, II \rightarrow B, III \rightarrow A, IV \rightarrow C$.","$I \rightarrow A, II \rightarrow C, III \rightarrow D, IV \rightarrow B$.","$I \rightarrow A, II \rightarrow B, III \rightarrow C, IV \rightarrow D$.","$I \rightarrow D, II \rightarrow C, III \rightarrow A, IV \rightarrow B$.",graphic12_1.jpg,jpg,2020-01-08 09:46:39+00,1,2020-02-08 12:49:09+00,67,5,2,1
1027,80,"",15,41,"Find the level curve of the function $f(x,y) = x^2-2x+3-y$ for the values $k = 0, k = -2, k = -3,$ and $k = -4$.",Advanced,$B$.,$A$.,$C$.,$D$.,plus1.png,png,2020-01-08 09:54:44+00,1,2020-02-08 12:49:14+00,67,5,2,1
1028,80,"",15,41,"Find the level curve of the function $f(x,y) = (x-4)^2 +2-y$ for the values $k = 0, k = -2, k = -4,$ and $k = -6$.",Basic,$C$.,$D$.,$A$.,$B$.,plus3.png,png,2020-01-08 09:59:07+00,1,2020-02-08 12:49:20+00,67,5,2,1
1029,80,"",4,4,"Consider the function $f(x,y) = x^5y + 7y^3$. Find $\dfrac{\partial f}{\partial x}$.",Basic,$\dfrac{\partial f}{\partial x} = 5x^4y$ ,$\dfrac{\partial f}{\partial x} = x^4y$ ,$\dfrac{\partial f}{\partial x} = 5x^4 + y$  ,$\dfrac{\partial f}{\partial x} = 4x^5 + y$  ,,,2020-01-08 10:02:12+00,1,2020-05-08 07:32:23+00,37,1,3,1
1030,80,"",4,4,"Consider the function $f(x,y) = x^5y + 7y^3$. Find $\dfrac{\partial f}{\partial y}$.",Basic,$\dfrac{\partial f}{\partial y} = x^5+21y^2$,$\dfrac{\partial f}{\partial y} = x^4+21y^3$ ,$\dfrac{\partial f}{\partial y} = x^5y+21y^2$,$\dfrac{\partial f}{\partial y} = x^5+21y^3$,,,2020-01-08 10:04:39+00,1,2020-02-29 16:59:51+00,37,1,3,1
1031,80,"",4,4,"Consider the function $f(x,y) = \cos(x) \tan(y-2x)$. Find $\dfrac{\partial f}{\partial y}$.",Advanced,$\dfrac{\partial f}{\partial y} = \sec^2(y-2x)\cos(x)$,$\dfrac{\partial f}{\partial y} = - \sec^2(y-2x)\cos(x)$, $\dfrac{\partial f}{\partial y} = -\sin^2(y+2x)\cos(x)$,$\dfrac{\partial f}{\partial y}= \sec^2(y+2x)\cos(x)$,,,2020-01-08 10:13:45+00,1,2020-05-08 07:49:23+00,37,3,2,1
1032,80,"",4,4,"Consider the function $\displaystyle f(s,t) = \sqrt[3]{4-6s^2-10t}$. Find $\dfrac{\partial f}{\partial s}$. ",Basic,$\dfrac{\partial f}{\partial s} = \dfrac{-4s}{\sqrt[3]{(4-6s^2-10t)}^2}$ ,$\dfrac{\partial f}{\partial s} = \dfrac{4s^2}{3\sqrt[3]{(4-6s^2-10t)}^2}$  ,$\dfrac{\partial f}{\partial s} = \dfrac{4s}{\sqrt[3]{4-6s^2-10t}}$  ,$\dfrac{\partial f}{\partial s} = \dfrac{-4s^3}{\sqrt[3]{(4-6s^2-10t)}^3}$  ,,,2020-01-08 10:18:05+00,1,2020-05-08 07:55:13+00,37,3,2,1
1033,80,"",4,4,"Consider the function $\displaystyle f(s,t) = \sqrt[3]{4-6s^2-10t}$. Find $\dfrac{\partial f}{\partial t}$.",Basic,$\dfrac{\partial f}{\partial t} = \dfrac{-10}{3\sqrt[3]{(4-6s^2-10t)}^2}$,$\dfrac{\partial f}{\partial t} = \dfrac{-10}{3\sqrt[3]{(4-6s^2-10t)}}$,$\dfrac{\partial f}{\partial t} = \dfrac{-10}{\sqrt[3]{(4-6s^2-10t)}}$,$\dfrac{\partial f}{\partial t} = \dfrac{10}{3\sqrt[3]{(4-6s^2-10t)}^2}$,,,2020-01-08 10:22:22+00,1,2020-05-08 07:56:02+00,37,3,2,1
1034,80,"",4,42, Consider the function $\cos(x) + 3y^5 = 2 {\sqrt[4]{x}} $ and assume that it verifies the requirements of the implicit function theorem. Use implicit differentiation to find $\dfrac{dy}{dx}$.,Basic, $\dfrac{dy}{dx} = \frac{{\sqrt[4]{x^3} -2 \sin(x)}}{30y^4}$,$\dfrac{dy}{d x}= \frac{{\sqrt[4]{x} + 2\sin(x)}}{30y^4}$,$\dfrac{dy}{d x} = \frac{{\sqrt[2]{x^4} \sin(x)}}{3y^4}$,$\dfrac{dy}{d x} = \frac{{\sqrt[4]{x} + 2x \sin(x)}}{3y^4}$,,,2020-01-08 10:41:41+00,1,2020-06-17 07:44:14+00,64,3,2,1
1035,80,"",4,42,Consider the function $\cos(x) + 3y^5 = 2{\sqrt[4]{x}}$ and assume that it verifies the requirements of the implicit function theorem. Use implicit differentiation to find $\dfrac{d x}{d y}$.,Basic, $\dfrac{d x}{d y} = \frac{-30y^4}{2 \sin(x) - \sqrt[4]{x^3}}$,$\dfrac{d x}{d y} = \frac{3y^4}{2x \sin(x) + \sqrt[4]{2x}}$,$\dfrac{d x}{d y} = \frac{30y^4}{ \sin(x) + \sqrt[4]{x}}$,$\dfrac{d x}{d y} = \frac{30y^2}{2 \sin(x) - \sqrt[4]{x}}$,,,2020-01-08 10:43:56+00,1,2020-06-17 07:44:55+00,64,4,2,1
1036,80,"",4,42,Consider the function $\sec(x) + 9xy^2 = 1 $ and assume that it verifies the requirements of the implicit function theorem. Use implicit differentiation to find $\dfrac{d y}{d x}$.,Basic, $\dfrac{d y}{d x} = \dfrac{ - \sec(x) \tan(x) - 9y^2}{18xy}$,$\dfrac{d y}{d x} = \dfrac{  \sec(x) \tan(x) - y^2}{9xy}$, $\dfrac{d y}{d x} = \dfrac{ - \cos(x) \tan(x) - 9y^2}{18xy}$, $\dfrac{d y}{d x} = \dfrac{ \cos(x) \tan(x) + 9y^2}{18xy}$,,,2020-01-08 10:45:18+00,1,2020-06-17 07:45:30+00,64,4,3,1
1087,37,"",26,,Consider $x^3+5=9x$. In which set is it possible to guarantee a single solution?,Basic,"$[0,1]$","$[1,3]$","$[0,3]$","$[1,2]$",,,2020-06-14 10:30:31+00,1,2020-06-14 16:15:20+00,37,2,2,1
1038,80,"",4,42,Consider the function $7 + xy + y = x^2$ and assume that it verifies the requirements of the implicit function theorem. Use implicit differentiation to find $\dfrac{d x}{d y}$.,Basic,$\dfrac{d x}{d y}= \dfrac{-x-1}{y-2x}$, $\dfrac{d x}{d y} = \dfrac{2x+y}{x+1}$,$\dfrac{d x}{d y} = \dfrac{x-7}{y+1x}$,$\dfrac{d x}{d y} = \dfrac{-x-1}{y+2x}$,,,2020-01-08 11:04:35+00,1,2020-06-17 07:46:38+00,64,1,1,1
1039,80,"",4,42,Consider the function $x^2+y^2+z^2=1$. Use implicit differentiation to find $\dfrac{\partial z}{\partial x}$.,Basic,$\dfrac{\partial z}{\partial x} = - \dfrac{x}{z}$,$\dfrac{\partial z}{\partial x} = \dfrac{x}{z}$,$\dfrac{\partial z}{\partial x} = - \dfrac{z}{y}$,$\dfrac{\partial z}{\partial x} =  \dfrac{z}{x}$,,,2020-01-08 11:06:04+00,1,2020-10-29 14:32:06+00,38,2,2,1
1040,80,"",4,42,Consider the function $ \sin(y) + e^x = xy^2 + \cos (y)$ and assume that it verifies the requirements of the implicit function theorem. Use implicit differentiation to find $\dfrac{d y}{d x}$.,Advanced,$\dfrac{d y}{d x} =  \dfrac{y^2 - e^x}{\cos(y)-2xy + \sin(y)}$,$\dfrac{d y}{d x}=  \dfrac{xy^2 + e^x}{\cos(y)+2xy + \sin(y)}$,$\dfrac{d y}{d x} =  \dfrac{y^2 + e^x}{\cos(xy)-2xy + \sin(xy)}$,$\dfrac{d y}{d x}=  \dfrac{y^2 + e^x}{\cos(y) + 2xy - \sin(y)}$,,,2020-01-08 11:08:00+00,1,2020-06-17 07:47:10+00,64,3,2,1
1041,80,"",4,42,Consider the function $x^3y^4+y^3=x$ and assume that it verifies the requirements of the implicit function theorem. Use implicit differentiation to find $\dfrac{d y}{d x}$.,Basic,$\dfrac{d y}{d x} = \frac{1-3x^2y^4}{3y^2+4y^3x^3}$,$\dfrac{d y}{d x}  = \frac{3x^2y^4}{3y^2+4y^3x^3}$,$\dfrac{d y}{d x}  = \frac{1-4x^3y^2}{3y^2+4y^2x^3}$,$\dfrac{d y}{d x}  = \frac{3xy^2}{3y^2+2y^3x^3}$,,,2020-01-08 11:11:10+00,1,2020-06-17 07:47:42+00,64,1,1,1
1042,80,"",4,42,"Consider the function $z=xy$, where $x=s \sin (t)$ and $y=3t^3s^3$. Use the Chain Rule to find  $\dfrac{\partial z}{\partial s}$.",Basic,$\dfrac{\partial z}{\partial s} = y \sin (t) + 9xt^3s^2$,$\dfrac{\partial z}{\partial s} = y \cos (s) + 9xt^2s^2$,$\dfrac{\partial z}{\partial s} = y \sin (t) + 6xts^3$,$\dfrac{\partial z}{\partial s} = x \sin (s) + 9xt^2s^2$,,,2020-01-08 11:17:05+00,1,2020-06-15 10:41:59+00,38,2,1,1
1043,80,"",4,42,"Consider the function $z=xy$, where $x=s \sin (t)$ and $y=3t^3s^3$. Use the Chain Rule to find  $\dfrac{\partial z}{\partial t}$.",Basic,$\dfrac{\partial z}{\partial t} = ys \cos (t) + 9xts^3$,$\dfrac{\partial z}{\partial t} = y \cos (t) + 9xts^3$,$\dfrac{\partial z}{\partial t} = s \cos (t) + 9ts^3$,$\dfrac{\partial z}{\partial t} = ys \cos (t) + 9ts^3$,,,2020-01-08 11:18:23+00,1,2020-06-15 10:42:07+00,38,2,1,1
1044,80,"",4,42,"Consider the function $z= \ln (xy) +x^2y$, where $x=s^2t^2 + 2s$ and $y=t^2s - 7st$. Use the Chain Rule to find  $\dfrac{\partial z}{\partial s}$.",Advanced,$\dfrac{\partial z}{\partial s} = (\frac{y}{xy}+2xy)(2st^2+2) + (\frac{x}{xy}+x^2)(t^2-7t)$,$\dfrac{\partial z}{\partial s} = (\frac{x}{xy}+2xy)(2st^2+2) + (\frac{y}{xy}+x^2)(t^2-7t)$,$\dfrac{\partial z}{\partial s} = (\ln xy +2xy)(2st^2+2) + (\ln xy +2x)(t^2-7t)$,$\dfrac{\partial z}{\partial s} = (\frac{y}{xy}+2xy)(2st^2+2) - (\frac{x}{xy}+2x)(t^2-7t)$,,,2020-01-08 11:19:41+00,1,2020-06-15 10:42:18+00,38,2,2,1
1045,80,"",4,42,"Consider the function $ z=\sin (x) + \cos (y)$, where $x= \pi st + 2s$ and $y= -2t^2-s$. Use the Chain Rule to find  $\dfrac{\partial z}{\partial t}$.",Basic,$\dfrac{\partial z}{\partial t} = \pi s \cos (x) + 4 t \sin (y)$,$\dfrac{\partial z}{\partial t} = \pi t \cos (x) - 4 \pi s \sin (y)$,$\dfrac{\partial z}{\partial t} = \pi s \sin (x) + 4 \pi t \sin (y)$,$\dfrac{\partial z}{\partial t} = \pi s \cos (x) + 4 \pi t \cos (y)$,,,2020-01-08 11:24:30+00,1,2020-06-15 10:42:26+00,38,3,1,1
1046,80,"",4,42,"Consider the function $ z= \arcsin(x) + y^2$, where $x= -s^2t^5 -\pi t$ and $y= 2s^2t -sin(st)$. 

Use the Chain Rule to find  $\dfrac{\partial z}{\partial s}$.",Advanced,$\dfrac{\partial z}{\partial s} = -\dfrac{2st^5}{\sqrt{1-x^2}} + 8yst -2yt \cos(st)$,$\dfrac{\partial z}{\partial s} = \dfrac{2st^5}{\sqrt{1-x^2}} + 8yst -2yt \cos(st)$,$\dfrac{\partial z}{\partial s} = -\dfrac{2st^5}{1-x^2} + 4st - t \cos(st)$,$\dfrac{\partial z}{\partial s} = \dfrac{2st^5}{1-x^2} + 4yst -2yt \cos(st)$,,,2020-01-08 11:25:24+00,1,2020-06-15 10:42:33+00,38,4,3,1
1047,80,"",4,42,"Consider the function $z=x^2 + xy$, where $x= \sin (t)$ and $y=3t$. Use the Chain Rule to find  $\dfrac{d z}{d t}$.",Basic,$\dfrac{d z}{d t} = 3\sin (t) + 2\sin (t) \cos (t) + 3t \cos (t)$,$\dfrac{d z}{d t} = 2\sin (t) \cos (t) + 3t \cos (t)$,$\dfrac{d z}{d t} = -3\sin (t) + \cos (t) + (2\sin (t)+3t)$,$\dfrac{d z}{d t} = 3\sin (t) - \cos (t) - (2\sin (t)+3t)$,,,2020-01-08 11:31:19+00,1,2020-06-15 10:51:34+00,38,2,1,1
1048,80,"",4,42,"Consider the function $z=x+y+xy$, where $x=2t^3$ , $y=t-2$. Use the Chain Rule to find  $\dfrac{\partial z}{\partial t}$.",Basic,$\dfrac{\partial z}{\partial t} = 8t^3 -6t^2 +1$,$\dfrac{\partial z}{\partial t} = 8t^3 + 6t^2 +2$,$\dfrac{\partial z}{\partial t} = 6t^3 -8t^2 +1$,$\dfrac{\partial z}{\partial t} = 6t^2 +1$,,,2020-01-08 11:32:20+00,1,2020-10-29 14:33:01+00,38,1,1,1
1049,80,"",4,42,"Consider the function $z=x^3 +x^2y^3+y^2$, where $x= e^{-t} $ and $y=\cos(t)$. Use the Chain Rule to find  $\dfrac{d z}{d t}$.",Advanced,$\dfrac{d z}{d t}= -3e^{-3t}-2e^{-2t}(\cos(t))^3 - 3e^{-2t}\sin(t)(\cos(t))^2-2\cos(t)\sin(t)$,$\dfrac{d z}{d t}= -3e^{-3t}-2e^{-2t}(\cos(t))^3 + 3e^{-t}\sin(t)(\cos(t))^2-2\cos(t)\sin(t)$,$\dfrac{d z}{d t}= -3e^{-2t}-2e^{-t}(\cos(t))^3 - 3e^{-2t}\sin(t)(\cos(t))^2-2\cos(t)\sin(t)$,$\dfrac{d z}{d t}= -3e^{-3t}-2e^{-2t}(\cos(t))^3 - 3e^{-2t}(\cos(t))^2-2\cos(t)$,,,2020-01-08 11:33:17+00,1,2020-10-29 14:42:16+00,38,3,2,1
1052,37,"",10,,Solve $x^2+1=0$.,Basic,$x=\pm i$,$x=i$,$x=- i$,$x=\pm 1$,,,2020-02-04 04:41:30+00,1,2020-05-09 08:52:45+00,42,1,5,1
1053,1479,"",12,13,"Consider the nonlinear problem $x=(x_1,x_2) \in \mathbb{R}^2$
\[ \min  (x_1-3)^2+(x_2+2)^2.
\]
Which sentence is true? ",Basic,"$x=(3,-2)$ is the optimum solution.","$x=(0,0)$ is a stationary point.","$x=(-3,2)$ is the optimum solution.",The problem doesn´t have any solution.,,,2020-02-04 04:50:39+00,1,2020-06-09 03:47:45+00,38,5,1,1
1054,64,"",10,,Which of the following equations in $z$ has no solution in $\mathbb{C}$ ?,Advanced,$|z|-z=i$,"$z^2\,\overline{z}\,=z$",$z^2+9=0$,$|z+3i|=3|z|$,,,2020-02-07 16:32:32+00,1,2020-05-09 08:56:01+00,42,2,2,1
1056,64,"",10,,The set of complex numbers $z$ that satisfy the condition $|z-i+3|=4$ is the,Advanced,circle of radius 4 centered at $i-3$.,circle of radius 4 centered at $i+3$.,circle of radius 2 centered at $i+3$.,circle of radius 2 centered at $i-3$.,,,2020-02-07 16:36:37+00,1,2020-05-14 00:04:42+00,42,3,4,1
1057,64,"",10,,The set of complex numbers $z$ that satisfy the condition $|z-2-i|\leq 9$ is the,Advanced,closed disc of radius 9 centered at $2+i$.,closed disc of radius 9 centered at $2-i$.,open disc of radius 9 centered at $2+i$.,closed disc of radius 3 centered at $2+i$.,,,2020-02-07 16:37:56+00,1,2020-05-14 00:02:11+00,42,4,3,1
1088,37,"",26,,"Consider $2x^3+5x=8$. Find $x_4$ using the bisection method on the set $[1,2]$.",Basic,$x_4=1.063$,$x_4=1.625$,$x_4=1.425$,$x_4=1.825$,,,2020-06-14 10:32:18+00,1,2020-06-28 12:56:46+00,37,1,1,1
1058,64,"",10,,The set of complex numbers $z$ that satisfy the condition $|z+2i|=|z+1-i|$ is the,Advanced,straight line with slope $\dfrac{1}{3}$ that passes in $-\dfrac{i}{3}$.,circle with radius $\dfrac{1}{3}$ centered at $-\dfrac{i}{3}$.,straight line with slope $-\dfrac{1}{3}$ that passes in $\dfrac{i}{3}$.,circle with radius $\dfrac{1}{3}$ centered at $\dfrac{i}{3}$.,,,2020-02-07 16:39:06+00,1,2020-05-14 00:08:02+00,42,5,6,1
1059,64,"",10,,The set of complex numbers that satisfy the condition Im$(z)>0$ is the,Basic,open upper half plane.,open lower half plane.,open left half plane.,open right half plane.,,,2020-02-07 16:40:25+00,1,2020-10-25 14:54:08+00,80,1,5,1
1060,64,"",10,,The set of complex numbers that satisfy the condition Re$(z)\leq 0$ is the,Basic,closed left half plane.,closed upper half plane.,closed lower half plane.,closed right half plane.,,,2020-02-07 16:43:14+00,1,2020-05-09 08:56:54+00,42,1,5,1
1063,80,"",4,4,"Consider $f(x,y) = x^5y + 7y^3$. Find the $f_{xx}$.",Basic,$f_{xx} = 20x^3y$ ,$f_{xx} = 20x^3$,$f_{xx} = 5x^4y$,$f_{xx} = 5x^4$,,,2020-02-28 08:38:27+00,1,2020-05-08 07:56:46+00,37,1,4,1
1064,80,"",4,4,"Consider $f(x,y) = x^5y + 7y^3$. Which is the value of $f_{xy}$?",Basic,$f_{xy} = 5x^4$ ,$f_{xy} = 20x^3y$,$f_{xy} = 5x^4y$,$f_{xy} = x^5+21y^2$,,,2020-02-28 08:42:06+00,1,2020-05-08 07:59:37+00,37,1,4,1
1065,80,"",4,4,"Consider $f(x,y) = \ln(x^2-3y^3+6xy^2)$. Which is the value of $f_{xy}(1,1)$?",Advanced,"$f_{xy}(1,1) =1.5 $ ","$f_{xy}(1,1) =3.6 $","$f_{xy}(1,1) =2.4 $","$f_{xy}(1,1) =1 $",,,2020-02-28 08:49:19+00,1,2020-05-08 08:17:33+00,37,2,5,1
1066,80,"",4,4,"Consider $f(x,y) = \ln (x^2-3y^3+6xy^2)$. Which is the value of $f_{yy}$?",Advanced,$f_{yy} = \dfrac{-27y^4+72y^3x-72y^2x^2-18yx^2+12x^3}{(x^2-3y^3+6y^2x)^2}$ ,$f_{yy} = \dfrac{72y^2x^2-27y^3-18yx^2+12x^3}{\ln (x^2-3y^3+6y^2x)}$ ,$f_{yy} = \dfrac{-72y^4x^2+72y^3+12x^2-18yx^2+12x^3}{\ln (x^2-3y^3+6y^2x)^2}$ ,$f_{yy} = \dfrac{-108y+12x}{(x^2-3y^3+6y^2x)^2}$  ,,,2020-02-28 08:50:37+00,1,2020-05-08 08:18:47+00,37,2,5,1
1067,80,"",4,4,"Which option is not a partial derivative of the function $f(x,y,z) = 14xyz + \sec^2 (z) $ ?",Advanced,$f_{zx} =  14y - \tan (z)$, $f_{z} = 14xy + 2 \sec^2 (z) \tan(z)$,$f_{zy} = 14x$,$f_{x} = 14yz $,,,2020-02-28 08:52:42+00,1,2020-05-08 08:21:21+00,37,4,1,1
1068,80,"",4,4,"Consider $f_{xyz}(x,y,z) = 14xyz + \sec^2 (z) $. Match the value of $f_{xyz}(0,0,0)$ ?",Basic,"$f_{xyz}(0,0,0) = 14 $","$f_{xyz}(0,0,0) = -12 $","$f_{xyz}(0,0,0) = -14 $ ","$f_{xyz}(0,0,0) = 0 $ ",,,2020-02-28 08:54:06+00,1,2020-05-08 08:24:47+00,37,3,4,0
1069,80,"",4,4," Which option is not a partial derivative of the function $f(x,y) = x + x^3y^2 - 2y^2x ?$",Basic,$f_{yyy} = -2$,$f_{yxyy} = 0$, $f_{xyx} = 12xy$,$f_{xxx} = 6y^2$,,,2020-02-28 09:08:00+00,1,2020-06-15 10:33:43+00,38,1,3,1
1070,80,"",4,4,"Consider $f(x,y) = x + x^3y^2 - 2y^2x $. Evaluate $f_{xxx} (7,3) $.",Basic,"$f_{xxx} (7,3) = 54 $","$f_{xxx} (7,3) = 18$","$f_{xxx} (7,3) = 24$","$f_{xxx} (7,3) = 46$",,,2020-02-28 09:10:40+00,1,2020-06-15 10:34:08+00,38,1,3,1
1071,80,"",4,4,"Consider $f(x,y) = x + x^3y^2 - 2y^2x $. Evaluate $f_{yxy} (1,3) $.",Basic," $f_{yxy} (1,3) = 2 $","$f_{yxy} (1,3) = 6 $ ","$f_{yxy} (1,3) = 4 $ ","$f_{yxy} (1,3) = 10 $",,,2020-02-28 09:11:55+00,1,2020-06-15 10:34:29+00,38,1,3,1
1072,80,"",4,4,"Consider $f(a,b,c) = a^3b^5c -abc^3 -7a + 3ba +6 $. Evaluate $f_{a}(1,2,3)$.",Basic,"$f_{a}(1,2,3) = 233$","$f_{a}(1,2,3) = 234$","$f_{a}(1,2,3) = 288$","$f_{a}(1,2,3) = -233$",,,2020-02-28 09:13:15+00,1,2020-06-15 10:34:55+00,38,1,3,1
1073,80,"",4,4," Consider $f(a,b,c) = a^3b^5c -abc^3 -7a + 3ba +6 $. Evaluate $f_{ac}(1,2,3)$.",Basic,"$f_{ac}(1,2,3) = 42$","$f_{ac}(1,2,3) = 46$","$f_{ac}(1,2,3) = 44$","$f_{ac}(1,2,3) = 48$",,,2020-02-28 09:18:34+00,1,2020-06-15 10:35:41+00,38,1,3,1
1074,80,"",4,4," Consider $f(a,b,c) = a^3b^5c -abc^3 -7a + 3ba +6 $. Evaluate $f_{abc}(1,1,1)$.",Basic,"$f_{abc}(1,1,1) = 12 $","$f_{abc}(1,1,1) = 15 $","$f_{abc}(1,1,1) = 18 $ ","$f_{abc}(1,1,1) = -18 $ ",,,2020-02-28 09:33:52+00,1,2020-06-15 10:35:18+00,38,1,3,1
1075,80,"",4,4,"Consider $f(a,b,c) = a^3b^5c -abc^3 -7a + 3ba +6 $. Evaluate $f_{ab}(0,0,0)$.",Basic,"$f_{ab}(0,0,0) = 3$","$f_{ab}(0,0,0) = 15$","$f_{ab}(0,0,0) = 0$","$f_{ab}(0,0,0) = -1$",,,2020-02-28 09:34:57+00,1,2020-06-15 10:36:06+00,38,1,3,1
1076,80,"",4,4," Consider $f(a,b,c) = a^3b^5c -abc^3 -7a + 3ba +6$. Evaluate $f_{ac}(-2,-1,0)$.",Basic,"$f_{ac}(-2,-1,0) = -12$","$f_{ac}(-2,-1,0) = 12$"," $f_{ac}(-2,-1,0) = -11$","$f_{ac}(-2,-1,0) = 11$",,,2020-02-28 09:36:17+00,1,2020-06-15 10:36:28+00,38,1,3,1
1077,80,"",4,4,"Consider $f(x,y,z) = 6x^2y + 7xz^3 +e^x -x^2yz^2 $. Evaluate $f_{xxx}(0,0,0)$.",Basic,"$f_{xxx}(0,0,0) = 1$","$f_{xxx}(0,0,0) = 0$","$f_{xxx}(0,0,0) = -1$","$f_{xxx}(0,0,0) = 6$",,,2020-02-28 10:01:45+00,1,2020-06-15 10:36:56+00,38,2,5,1
1078,80,"",4,4," Consider $f(x,y,z) = 6x^2y + 7xz^3 +e^x -x^2yz^2$. Evaluate $f_{xy}(1,2,3)$.",Basic,"$f_{xy}(1,2,3) = -6$","$f_{xy}(1,2,3) = -2$","$f_{xy}(1,2,3) = 12$","$f_{xy}(1,2,3) = 2$",,,2020-02-28 10:03:40+00,1,2020-06-15 10:37:20+00,38,2,5,1
1079,80,"",4,4," Consider $f(x,y,z) = 6x^2y + 7xz^3 +e^x -x^2yz^2 $. Which is the expression of $f_{xyz}?$",Basic,$f_{xyz} = -4xz$,$f_{xyz} = 12xy$,$f_{xyz} = 4xy$,$f_{xyz} = -4xz^2$,,,2020-02-28 10:05:01+00,1,2020-06-15 10:32:00+00,38,2,5,1
1080,80,"",4,4,"Consider $f(x,y,z) = 6x^2y + 7xz^3 +e^x -x^2yz^2 $. Which is the expression of $f_{xxz}?$",Basic,$f_{xxz} = -4yz$,$f_{xxz} = 4xy$,$f_{xxz} = 6xy$,$f_{xxz} = 2z$,,,2020-02-28 10:06:21+00,1,2020-06-15 10:32:21+00,38,2,5,1
1081,80,"",4,4,"The following surfaces are graphs of a function $f(x,y) = x^5y + 7y^3$ , and its partial derivatives $f_{y}$ and $f_{yy}$. Identify each of them.",Basic,"$f(x,y) \rightarrow B ; f_{y} \rightarrow A; f_{yy} \rightarrow C$","$f(x,y) \rightarrow  B ; f_{y} \rightarrow  C; f_{yy} \rightarrow A$","$f(x,y) \rightarrow A ; f_{y} \rightarrow B; f_{yy} \rightarrow C$","$f(x,y) \rightarrow A ; f_{y} \rightarrow C; f_{yy} \rightarrow B$",deriv_1.png,png,2020-02-28 10:16:41+00,1,2020-06-17 03:14:37+00,64,4,1,1
1084,80,"",4,4,"The following surfaces are graphs of the function $f(x,y) = x^2 + y^3$, and its partial derivatives $f_{y}$, $f_{yy}$. Identify each of them.",Advanced,"$f(x,y) \rightarrow B ; f_{y} \rightarrow C; f_{yy} \rightarrow A$","$f(x,y) \rightarrow A ; f_{y} \rightarrow B; f_{yy} \rightarrow C$","$f(x,y) \rightarrow A ; f_{y} \rightarrow C; f_{yy} \rightarrow B$","$f(x,y) \rightarrow C ; f_{y} \rightarrow B; f_{yy} \rightarrow A$ ",deriv_4.png,png,2020-02-28 10:22:18+00,1,2020-06-15 10:31:05+00,38,4,4,0
1086,37,"",26,,"Consider the equation $x^3+4x^2=10$. Consider the bisection method to solve the problem in the set $[1,2]$. What is the approximation after 3 iterations?",Basic,$x_3=1.375$.,$x_3=1.775$.,$x_3=1.475$.,$x_3=1.675$.,,,2020-05-31 17:06:00+00,1,2020-05-31 17:07:52+00,37,1,1,1
1873,50,"",7,2,"Simplify

$\frac{(\sqrt x^4)(\sqrt x^2)}{x^{-2}}$",Advanced,$x^5$,$x^4$,$x^{-1}$,$x$,,,2019-10-17 11:06:10+00,1,2020-05-08 18:07:22+00,37,3,2,
1089,37,"",26,,Consider $x^3+5=9x$. Find $x_3$ using the secant method (considering $x_0=0.5$ and $x_1$=1.0).,Basic,$x_3=0.57568$,$x_3=0.61565$,$x_3=0.47567$,$x_3=0.51565$,,,2020-06-14 10:33:36+00,1,2020-06-28 12:50:28+00,37,4,4,1
1090,37,"",26,,Consider $x^3+5=9x$. Find $x_3$ using Newton's method considering $x_0=2.75$.,Basic,$x_3=2.670$ ,$x_3=2.469$,$x_3=2.673$,$x_3=2.367$,,,2020-06-14 10:34:46+00,1,2020-06-28 12:40:09+00,37,3,1,1
1091,37,"",26,,"Consider $x^3=3$. Find $x_3$ using the bisection method on the set $[1,2]$.",Basic,$x_3=1.375$,$x_3=1.425$,$x_3=1.725$,$x_3=1.325$,,,2020-06-14 10:35:51+00,1,2020-06-28 12:30:14+00,37,1,1,1
1092,37,"",26,,Consider $x=\cos(x)$. Find $x_4$ using Newton's method considering $x_0=1$.,Basic,$x_4=0.739085$,$x_4=0.739111$,$x_4=0.839111$,$x_4=0.839085$,,,2020-06-14 10:37:00+00,1,2020-06-15 10:23:44+00,38,3,3,1
1093,37,"",26,,"Consider the equation $30=\pi h^2 \dfrac{9-h}{3}$ in the set $[2,3]$. Using Newton's method, how many iterations are needed to obtain an approximation to the solution with an absolute error less than $10^{-3}$.",Basic,$3$.,$2$.,$4$.,$5$.,,,2020-06-14 10:37:52+00,1,2020-06-15 10:24:09+00,38,5,3,1
1094,37,"",26,,"Consider the system of equations

$$\begin{cases}
60x_1-30x_2-20x_3  & = & -400  \\
-30x_1+180x_2-60x_3  & = & 400 \\
-20x_1-60x_2+150x_3  & = & 300 \\
\end{cases}$$
 
Will the Jacobi method solve the problem?",Basic,"Yes, considering any initial approximation.",No.,"Only if the initial approximation is $(0,0,0)$. ",Only on a limited set of initial approximations.,,,2020-06-14 10:43:39+00,1,2020-06-17 02:12:05+00,37,4,2,1
1095,37,"",26,,"Consider the system of equations

$$\begin{cases}
60x_1-30x_2-20x_3  & = & -400  \\
-30x_1+180x_2-60x_3  & = & 400 \\
-20x_1-60x_2+150x_3  & = & 300 \\
\end{cases}$$
 
Will the Gauss-Seidel method solve the problem?",Basic,"Yes, consider any initial approximation.",No.,"Only if the initial approximation is $(0,0,0)$. ",Only on a limited set of initial approximations.,,,2020-06-14 10:45:12+00,1,2020-06-17 02:12:38+00,37,4,3,1
1096,37,"",26,,"Consider the system of equations

$$\begin{cases}
60x_1-30x_2-20x_3  & = & -400  \\
-30x_1+180x_2-60x_3  & = & 400 \\
-20x_1-60x_2+150x_3  & = & 300 \\
\end{cases}$$
 
What is the solution approximation after $2$ iterations of the Jacobi method?

Consider the initial approximation as $(0,0,0)$.",Basic,"$(-4.89,1.78, 2.00)$","$(-4.89,1.78, 1.98)$ ","$(-4.87,1.78, 1.98)$ ","$(-6.67,2.22,2.00)$ ",,,2020-06-14 10:46:55+00,1,2020-06-17 08:36:35+00,37,4,3,1
1097,37,"",26,,"Consider the table

$$\begin{array}{c|ccc}
x & 1 & 2 & 3   \\
\hline
y & 42 & 42.4 & 42.7 \\
\end{array}$$

Using Lagrange's polynomial, find the value of $P(1.5)$.",Basic,$P(1.5)=42.2125$.,$P(1.5)=42.2875$.,$P(1.5)=42.2575$.,$P(1.5)=42.1575$.,,,2020-06-14 10:48:32+00,1,2020-06-30 06:45:36+00,37,2,2,1
1098,37,"",26,,"Consider the table

$$\begin{array}{c|ccc}
x & 1 & 2 & 3   \\
\hline
y & 42 & 42.4 & 42.7 \\
\end{array} $$ 

Using Newton's polynomial, find the value of $P(1.5)$.",Basic,$P(1.5)=42.2125$.,$P(1.5)=42.2875$.,$P(1.5)=42.2575$.,$P(1.5)=42.1575$.,,,2020-06-14 10:50:14+00,1,2023-08-08 02:21:42+00,64,3,2,1
1099,37,"",26,,"Consider the table

$$\begin{array}{c|ccc}
x & 1 & 2 & 3   \\
\hline
f(x) & 42 & 42.4 & 42.7 \\
\end{array}$$

Using the three points rule, identify the correct answer.",Basic,$f'(1)=0.45$,$f'(1)=1.05$,$f'(2)=0.45$,$P(3)=0.58$ ,,,2020-06-14 10:51:39+00,1,2020-06-15 10:26:36+00,38,4,2,1
1100,37,"",26,,"Consider the table

$$\begin{array}{c|ccccccc}
x & 1 & 2 & 3 & 4 & 5 & 6 & 7 \\
\hline
f(x) & 961.5 & 466.7 & 662.8 & 620.1 & 757.2 & 807.6 & 761,1\\
\end{array}$$

Using Simpson's Rule, find $I=\displaystyle \int_1^7f(x) dx$.",Basic,$I=4046.73$.,$I=4175.70$.,$I=4146.73$.,$I=4075.70$.,,,2020-06-14 10:52:53+00,1,2020-06-15 10:26:59+00,38,4,2,1
1101,37,"",26,,"Consider the table

$$\begin{array}{c|ccccccc}
x & 1 & 2 & 3 & 4 & 5 & 6 & 7 \\
\hline
f(x) & 961.5 & 466.7 & 662.8 & 620.1 & 757.2 & 807.6 & 761,1\\
\end{array}$$

Using the trapezoidal rule, find $I=\displaystyle \int_1^7f(x) dx$.",Basic,$I=4175.70$.,$I=4046.73$.,$I=4146.73$.,$I=4075.70$.,,,2020-06-14 10:54:12+00,1,2020-06-15 10:27:19+00,38,2,1,1
1102,37,"",26,,Consider the equation $x^3+4x^2=10$. What are the conditions for the bisection method to converge?,Basic,"$f(x)=x^3+4x^2-10$ is continuous in $[a,b]$ and $f(a)f(b)<0$.","$f(x)=x^3+4x^2-10$ is continuous in $[a,b]$.","Consider $f(x)=x^3+4x^2-10$. Identify a set $[a,b]$ where $f(a)f(b)<0$.","$f(x)=x^3+4x^2-10$ is continuous in $[a,b]$ and $f(a)f(b)>0$.",,,2020-06-14 11:29:16+00,1,2020-06-15 10:17:32+00,38,2,1,1
1103,37,"",26,,"Consider the equation $x^3+4x^2=10$. Find the approximation to the solution after $5$ iterations of the bisection method in the set $[1,2]$.",Basic,$x_5 = 1.34375$.,$x_5 = 1.44375$.,$x_5 = 1.3125$.,$x_5 = 1.375$.,,,2020-06-14 11:31:23+00,1,2020-06-15 10:21:28+00,38,1,1,1
1104,37,"",26,,Consider the equation $x^3+4x^2=10$. Solve the problem using Newton's method considering $x_0=1.0$. Which sentence is true?,Basic,$x_4=1.36523$.,$x_3=1.36523$.,$x_2=1.36523$.,$x_1=1.36523$.,,,2020-06-14 11:36:08+00,1,2020-06-15 09:37:54+00,38,3,2,1
1105,37,"",26,,Consider the equation $x^3+4x^2=10$. Solve the problem using the secant method considering $x_0=1.0$ and $x_1=1.5$. Which of the following sentences is true?,Basic,$x_4=1.365230$.,$x_4=1.365252$.,$x_5=1.365252$.,$x_2=1.365230$.,,,2020-06-14 11:41:53+00,1,2020-06-15 09:38:05+00,38,3,3,1
1106,37,"",26,,"Consider the equation $x^3+4x^2=10$. Solve the problem using the secant method, considering $x_0=1.0$ and $x_1=1.5$. How many iterations are needed to find a solution with a relative error smaller than $5 \times 10^{-5}$?",Basic,$5$.,$4$.,$6$.,It does not converge.,,,2020-06-14 11:45:05+00,1,2020-06-15 09:38:44+00,38,5,4,1
1107,37,"",26,,"Consider the equation $x^3+4x^2=10$ in the set $[1,2]$. What is the minimum number of iterations to find an approximation to the solution, using the bisection method, with an absolute error smaller than $10^{-4}$?

Note: Do not apply the bisection algorithm.",Basic,$14$.,$13$.,$12$.,$15$.,,,2020-06-14 11:52:35+00,1,2020-06-15 10:22:35+00,38,5,4,1
1108,37,"",26,,"Consider the table

$$\begin{array}{c|ccc}
x & 2 & 2.5 & 4   \\
\hline
y & 0.5 & 0.4 & 0.25 \\
\end{array}$$

Find the Lagrange's polynomial.",Basic,$P(x)=0.05x^2 − 0.425x + 1.15$,$P(x)=0.05x^2 + 0.425x + 1.15$,$P(x)=-0.05x^2 + 0.425x + 1.15$,$P(x)=0.05x^2 − 0.425x - 1.15$,,,2020-06-14 11:56:48+00,1,2020-06-15 09:40:47+00,38,2,1,1
1109,37,"",26,,"Consider the table

$$\begin{array}{c|ccc}
x & 2 & 2.5 & 4   \\
\hline
y & 0.5 & 0.4 & 0.25 \\
\end{array}$$

Find $P(3)$ using Lagrange's interpolation, where  $P$ denotes the obtained polynomial.",Basic,$P(3) = 0.325$,$P(3) = 0.335$,$P(3) = 0.355$,$P(3) = 0.345$,,,2020-06-14 11:58:42+00,1,2020-06-15 10:23:12+00,38,2,1,1
1166,1666,"",5,44,Evaluate $\displaystyle \int_{0}^{1} x\left(2x^2+1\right)^2 \: dx$,Basic,$\dfrac{13}{6}$,$\dfrac{5}{3}$,$0$,$\dfrac{10}{3}$,,,2020-10-08 12:20:18+00,1,2020-10-13 10:46:00+00,38,2,4,1
1110,37,"",26,,"Consider the table

$$\begin{array}{c|ccc}
x & 2 & 2.5 & 4   \\
\hline
y & 0.5 & 0.4 & 0.25 \\
\end{array}$$

Find the Newton's interpolation polynomial.",Basic,$P(x)=0.05x^2 − 0.425x + 1.15$.,$P(x)=-0.05x^2 − 0.425x + 1.15$.,$P(x)=0.05x^2 + 0.425x + 1.15$.,$P(x)=0.05x^2 − 0.425x - 1.15$.,,,2020-06-14 12:00:28+00,1,2020-06-15 10:23:22+00,38,3,2,1
1111,37,"",26,,"Consider the table

$$\begin{array}{c|ccc}
x & 2 & 2.5 & 4   \\
\hline
y & 0.5 & 0.4 & 0.25 \\
\end{array}$$

Find $P(2.2)$ using Newton's interpolation polynomial.",Basic,$P(2.2) = 0.457$.,$P(2.2) = 0.447$.,$P(2.2) = 0.437$.,$P(2.2) = 0.467$.,,,2020-06-14 12:02:01+00,1,2020-06-15 10:23:29+00,38,4,2,1
1112,37,"",26,,"Consider the table

$$\begin{array}{c|ccccc}
x & 1.0 & 1.3 & 1.6 & 1.9 & 2.2   \\
\hline
y & 0.7652 & 0.6201 & 0.4554 & 0.2818 & 0.1104 \\
\end{array}$$

Find the polynomial of degree $3$ that better approximates $f(1.5)$ using Newton's polynomial interpolation.",Basic,$P_3(x)= 0.9704 + 0.09467x − 0.3658x^2 + 0.06589x^3$.,$P_3(x)= 0.9704 + 0.09467x − 0.3658x^2 - 0.06589x^3$.,$P_3(x)= 0.9704 + 0.09467x + 0.3658x^2 + 0.06589x^3$.,$P_3(x)= 0.9704 - 0.09467x − 0.3658x^2 + 0.06589x^3$.,,,2020-06-14 12:05:41+00,1,2020-06-15 09:30:52+00,38,4,3,1
1113,37,"",26,,"Consider the table

$$\begin{array}{c|ccccc}
x & 1.0 & 1.3 & 1.6 & 1.9 & 2.2   \\
\hline
y & 0.7652 & 0.6201 & 0.4554 & 0.2818 & 0.1104 \\
\end{array}$$

Find the polynomial of degree $2$ that better approximates $f(2.0)$ using Newton's polynomial interpolation.",Basic,$P_2(x)=1.7286 − 0.6219x + 0.01233x^2$.,$P_2(x)=1.7286 − 0.6219x - 0.01233x^2$.,$P_2(x)=1.7286 + 0.6219x + 0.01233x^2$.,$P_2(x)=-1.7286 − 0.6219x + 0.01233x^2$.,,,2020-06-14 12:12:43+00,1,2020-06-15 09:31:28+00,38,4,4,1
1114,37,"",26,,"Consider the table

$$\begin{array}{c|ccc}
x & 2 & 2.5 & 4   \\
\hline
y & 0.5 & 0.4 & 0.25 \\
\end{array}$$

Using the least squares method, find the polynomial of degree $1$.",Basic,$P_1(x) = −0.119231x + 0.721154$.,$P_1(x) = −0.119231x - 0.721154$.,$P_1(x) = 0.119231x + 0.721154$.,$P_1(x) = +0.119231x - 0.721154$.,,,2020-06-14 12:26:49+00,1,2020-06-15 09:31:44+00,38,5,3,1
1115,37,"",26,,"Consider the table

$$\begin{array}{c|ccccc}
x & 2.0 & 2.5 & 3.0 & 3.5 & 4.0 & 4.5   \\
\hline
f(x) & 0.5 & 0.4 & 0.3333 & 0.2857 & 0.25 & 0.2222 \\
\end{array}$$

Using the three points rule, find $f'(2)$.",Basic,$f'(2)=−0.2333$.,$f'(2)=-0.2464$.,$f'(2)=-0.1587$.,$f'(2)=-0.2$.,,,2020-06-14 12:32:12+00,1,2020-06-15 09:32:05+00,38,4,3,1
1116,37,"",26,,"Consider the table

$$\begin{array}{c|ccccc}
x & 2.0 & 2.5 & 3.0 & 3.5 & 4.0 & 4.5   \\
\hline
f(x) & 0.5 & 0.4 & 0.3333 & 0.2857 & 0.25 & 0.2222 \\
\end{array}$$

Using the three points rule, find $f'(x)$. Which sentence is true?",Basic,$f'(2.5)=-0.1667$.,$f'(2.0)=-0.2464$.,$f'(3.5)=-0.08148$.,$f'(4.5)=-0.04868$.,,,2020-06-14 12:35:01+00,1,2020-06-15 09:32:16+00,38,4,3,1
1117,37,"",26,,"Consider the table

$$\begin{array}{c|ccccc}
x & 2.0 & 2.5 & 3.0 & 3.5 & 4.0 & 4.5   \\
\hline
f(x) & 0.5 & 0.4 & 0.3333 & 0.2857 & 0.25 & 0.2222 \\
\end{array}$$

Using the five points rule, find $f'(x)$. Which sentence is false?",Basic,$f'(3)=-0.1143$,$f'(2.5)=-0.1587$,$f'(4.5)=-0.04868$,$f'(3.5)=-0.08148$,,,2020-06-14 12:36:57+00,1,2020-06-15 09:32:33+00,38,4,3,1
1118,37,"",26,,Consider $f(x)=\dfrac{1}{x}$ and $h=0.5$. Find the upper limit of the error when calculating $f'(2.5)$ using the three points rule.,Basic,$E\leq 3 \times 10^{-3}$,$E\leq 3 \times 10^{-4}$,$E\leq 10^{-3}$,$E\leq 10^{-4}$,,,2020-06-14 13:13:46+00,1,2020-06-15 09:34:22+00,38,5,4,1
1119,37,"",26,,Calculate $\displaystyle \int_0^1 e^x dx$ using trapezoidal rule with three subintervals.,Basic, $\displaystyle \int_0^1 e^x dx \approx 1.7342$., $\displaystyle \int_0^1 e^x dx \approx 1.7189$., $\displaystyle \int_0^1 e^x dx \approx 1.8591$., $\displaystyle \int_0^1 e^x dx \approx 1.8342$.,,,2020-06-14 13:26:12+00,1,2020-06-15 09:34:39+00,38,3,4,1
1120,37,"",26,,"Consider $\displaystyle \int_0^1 e^x dx$. Find the minimum number of subintervals needed to approximate the given integral with an error less than $10^{−5}$, using Simpson's rule.",Basic,$8$.,$7$.,$9$.,$6$.,,,2020-06-14 13:29:04+00,1,2020-06-15 09:35:37+00,38,5,4,1
1121,57,"",4,3,"If $y = \dfrac{2x + 1}{3x - 4}$, find $\dfrac{dy}{dx}$.",Basic,$\dfrac{-11}{(3x - 4)^2}$,$\dfrac{11}{(3x - 4)^2}$,$\dfrac{12x - 11}{(3x - 4)^2}$,$\dfrac{ - 5}{(3x - 4)^2}$,,,2020-06-22 08:29:01+00,1,2020-11-18 08:53:16+00,37,2,4,1
1123,38,"",5,5,"Find $\displaystyle \int 2x+2x^2-\dfrac{1}{x}\, dx$",Basic,$x^2+\dfrac{2}{3}x^3-\ln|x|+C$,$\dfrac{x^2}{2}+\dfrac{x^3}{3}x^3-\ln|x|+C$,$x^2+\dfrac{2}{3}x^3-\ln(x)+C$,$\dfrac{x^2}{2}+\dfrac{x^3}{3}x^3+C$,"","",2020-09-23 02:58:26+00,1,2020-10-31 16:23:43+00,38,1,1,1
1124,1666,"",28,46,Which of the following statements is false?,Basic,A set must have a finite number of elements.,A set cannot have duplicate elements.,Two sets are considered equal if and only if they have exactly the same elements.,The order of elements in a set doesn't matter.,,,2020-09-28 02:14:14+00,1,2022-07-19 08:58:59+00,64,3,2,1
1125,1666,"",28,46,"Let $ U = \left\{1,2,3,4, \dots ,10\right\} , A = \left\{1,3,5,7 \right\} , B = \left\{2,4,6,8 \right\}$ and $ C = \left\{9,10 \right\}, $ find $\left( A \cup B \right) - \left( B \cap C \right).$",Basic,"$\left\{ 1,2,3,4,5,6,7,8 \right\}$","$\left\{ 1,3,5,7,9 \right\}$","$\left\{ 1,2,3,4,5,6,7,8,9,10 \right\}$","$\left\{ 9,10 \right\}$",,,2020-09-28 02:16:10+00,1,2022-07-19 09:00:10+00,64,1,4,1
1126,1666,"",28,46,"There were 150 students in a class. Among them, 75 liked Calculus, 80 liked Algebra and 50 liked Programming. Moreover, it was found that 20 liked only Programming and Algebra, 25 liked only Calculus and Algebra, 15 liked only Calculus and Programming and 25 liked none of the subjects. Calculate what percentage of students liked all 3 subjects.",Advanced,Less than $7\%$. ,$15\%$.,$20\%$.,More than $25\%$.,,,2020-09-28 02:24:37+00,1,2022-07-19 09:00:35+00,64,4,2,1
1127,1666,"",28,46,"Among 45 Computer Engineering students at ABC University, 20 failed in Mathematics, 30 failed in Physics and 10 failed in both. How many students passed in both subjects?",Basic,$5$,$0$,$15$,$10$,,,2020-09-28 02:27:56+00,1,2022-07-19 09:00:58+00,64,4,3,1
1128,1666,"",28,46,Which of the following statements is true?,Basic,The empty set is a subset of every set.,The empty set can be represented by $\left\{ \right\}$ or $\left\{ \emptyset \right\}$ or $\emptyset$.,"If a set has 3 elements, it has six subsets.","For $A = \left\{1,2,3\right\}$ and $B = \left\{4,5,6\right\}$ then, $A \cap B = \left\{\emptyset\right\} $.",,,2020-09-28 02:30:12+00,1,2022-07-19 09:01:19+00,64,4,1,1
1164,1666,"",5,44,Evaluate $\displaystyle \int_{-3}^{1} 6x^2-3x-2 \: dx$,Basic,$60$,$-40$, $-20$,$30$,,,2020-10-08 12:07:33+00,1,2020-10-13 10:45:44+00,38,1,1,1
1165,1666,"",5,44,Evaluate $\displaystyle \int_{1}^{9} \dfrac{y-1}{\sqrt{y}} \: dy$,Basic,$\dfrac{40}{3}$,$\dfrac{5}{3}$,40,$-\dfrac{40}{3}$,,,2020-10-08 12:08:58+00,1,2020-10-13 10:45:52+00,38,2,4,1
1167,1666,"",5,44,"Evaluate $\displaystyle \int_{0}^{2} x\operatorname{e}^{1-x^2} \: dx $
",Basic,$\dfrac{\operatorname{e}}{2}-\dfrac{\operatorname{e^{-3}}}{2}$,$\dfrac{\operatorname{e}}{2}$,$\dfrac{\operatorname{e^{-3}}}{2}$,$\operatorname{e}$,,,2020-10-08 12:21:45+00,1,2020-10-13 10:46:39+00,38,2,1,1
1168,1666,"",5,44,Evaluate $\displaystyle \int_{0}^{2} 5^y \: dy$,Basic,$\dfrac{24}{\ln(5)}$,$\dfrac{5}{\ln(2)}$,$\dfrac{25}{\ln(2)}$,$0$,,,2020-10-08 12:23:42+00,1,2020-10-13 10:48:02+00,38,1,1,1
1169,1666,"",5,44,Evaluate $\displaystyle \int_{1}^{3} \frac{3x}{x^2+1} \: dx$,Basic,$\dfrac{3\ln(5)}{2}$,$\dfrac{3\ln(10)}{4}$, $3\ln(10)$,$\dfrac{3\ln(3)}{2}$,,,2020-10-08 12:26:43+00,1,2020-10-21 07:51:41+00,38,2,1,1
1170,1666,"",5,44,Evaluate $\displaystyle \int_{1}^{\operatorname{e}} \dfrac{\ln{^3(x)}}{x} \: dx$,Basic,$\dfrac{1}{4}$,$\dfrac{1}{2}$,$\dfrac{5}{4}$,$4$,,,2020-10-08 12:27:46+00,1,2020-10-13 10:48:46+00,38,1,1,1
1171,1666,"",5,44,Evaluate $\displaystyle \int_{-2}^{3} |x| \: dx$,Advanced,$\dfrac{13}{2}$,$-\dfrac{13}{2}$,$0$,$13$,,,2020-10-08 12:29:19+00,1,2020-10-13 10:48:59+00,38,4,3,1
1172,1666,"",5,44,Evaluate $\displaystyle \int_{0}^{1} \dfrac{8}{x^2+1} \: dx$,Basic,$2\pi$,$\dfrac{\pi}{2}$,$\pi$,$\dfrac{\pi}{4}$,,,2020-10-08 12:30:25+00,1,2020-10-13 10:50:00+00,38,1,1,1
1173,1666,"",5,44,Evaluate $\displaystyle \int_{-1}^{0} x \sqrt{1+x} \:dx$,Basic,$\dfrac{-4}{15}$,$\dfrac{4}{25}$,$\dfrac{-4}{25}$,$\dfrac{2}{15}$,,,2020-10-08 12:31:31+00,1,2020-10-13 10:50:14+00,38,3,4,1
1174,1666,"",5,44,Evaluate $\displaystyle \int_{0}^{2\pi} \left(x-4\right) \sin{(x)}\: dx $,Basic,$-2\pi$,$\pi$,$\dfrac{\pi}{2}$,$1$,,,2020-10-10 03:18:14+00,1,2020-10-13 10:50:22+00,38,3,4,1
1175,1666,"",5,44,Evaluate $\displaystyle \int_{0}^{1} x\left(x-1\right)^{14} \: dx$,Basic,$\dfrac{1}{240}$,$\dfrac{1}{120}$,$\dfrac{-1}{60}$,$\dfrac{-1}{120}$,,,2020-10-10 03:19:36+00,1,2020-10-13 10:50:37+00,38,3,2,1
1176,1666,"",5,44,Evaluate $\displaystyle \int_{0}^{\dfrac{3\pi}{2}} y \operatorname{cosec}^2{(y)} \: dy$,Basic,$\text{Fundamental theorem of calculus cannot be applied.}$,$\pi$, $\dfrac{\pi}{2}$,$1$,,,2020-10-10 03:22:33+00,1,2020-10-13 10:51:00+00,38,3,2,1
1177,1666,"",5,44,Evaluate $\displaystyle \int_{1}^{4} \ln\left({\dfrac{x}{2}}\right) \: dx$,Basic,$5\ln{(2)} -3$,$5\ln{(2)}$,$\ln{\left(\dfrac{5}{2}\right)}$,$-3$,,,2020-10-10 03:24:12+00,1,2020-10-13 10:51:13+00,38,3,1,1
1178,1666,"",5,44,Evaluate $\displaystyle \int_{0}^{\pi} \operatorname{e}^{x}\sin{(x)} \: dx$,Advanced,$\dfrac{\operatorname{e}^{\pi}+1}{2}$,$\dfrac{\operatorname{e}^{\pi}-1}{4}$,$\operatorname{e}^{\pi}+1$,$\operatorname{e}^{\pi}$,,,2020-10-10 03:25:59+00,1,2020-10-13 10:51:19+00,38,5,3,1
1179,1666,"",5,44,"Evaluate $\displaystyle \int_{0}^{1
} \operatorname{e}^{-3x} x^{2} \: dx$",Advanced,$\dfrac{2-17\operatorname{e}^{-3}}{27}$,$\dfrac{2+27\operatorname{e}^{-3}}{13}$,$ 2+27\operatorname{e}^{-3}$,$\operatorname{e}^{-3}$,,,2020-10-10 03:26:54+00,1,2020-10-13 10:51:40+00,38,4,3,1
1180,1666,"",5,44,Evaluate $\displaystyle \int_{0}^{\pi} \cos^2{(x)} \: dx$,Basic,$\dfrac{\pi}{2}$,$\dfrac{\pi}{4}$,$2\pi$,$0 $,,,2020-10-10 03:27:42+00,1,2020-10-13 10:52:10+00,38,2,4,1
1181,1666,"",5,44,Evaluate $\displaystyle \int_{0}^{\dfrac{\pi}{4}} \tan{(x)} \: dx$,Basic,$\dfrac{\ln(2)}{2}$,$\ln(4)$,$-\ln(4)$,$1$,,,2020-10-10 03:29:19+00,1,2020-10-21 07:52:19+00,38,1,1,1
1182,1666,"",5,44,Evaluate $\displaystyle \int_{0}^{\pi/4} \sec{(x)} \left(2\tan{(x)}-5\sec{(x)}\right) \: dx$,Basic,$2\sqrt{2}-7$,$4\sqrt{2}+11$, $4\sqrt{2}$,$2\sqrt{2}$,,,2020-10-10 03:31:12+00,1,2020-10-13 10:52:25+00,38,2,1,1
1183,1666,"",5,44,Evaluate $\displaystyle \int_{\sqrt{3}}^{2} \dfrac{\sqrt{4-x^2}}{x} \: dx$,Advanced,$\ln{(3)}-1$,$2\ln{(3)}+2$,$2\ln{(3)}-2$,$2\ln{(3)}$,,,2020-10-10 03:32:14+00,1,2020-10-13 10:52:34+00,38,5,3,1
1184,1666,"",5,44,Evaluate $\displaystyle \int_{0}^{1} \dfrac{1}{(x^2+1)^2} \: dx$,Advanced,$\dfrac{\pi+2}{8}$,$\dfrac{2\pi+1}{2}$,$\dfrac{\pi-1}{2}$,$2\pi+1$,,,2020-10-10 03:33:03+00,1,2020-10-13 10:52:42+00,38,4,3,1
1185,1666,"",5,44,Evaluate $\displaystyle \int_{2}^{4} \dfrac{\sqrt{4x^2-16}}{x} \: dx$,Advanced,$4\sqrt{3}-\dfrac{4\pi}{3}$, $2\sqrt{3}+\dfrac{2\pi}{3}$   ,$-\dfrac{2\pi}{3}$,$3\sqrt{3}-\dfrac{\pi}{2}$,,,2020-10-10 03:34:21+00,1,2020-10-13 10:52:49+00,38,5,3,1
1186,1666,"",5,44,Evaluate $\displaystyle \int_{0}^{1} \dfrac{x-2}{(x+1)(x+2)} \: dx$,Basic,$4\ln\left(3\right)-7\ln\left(2\right)$,$\ln\left(2\right)+2\ln\left(3\right)$,$\ln(2)+\ln(3)$,$7\ln(2)-2\ln(4)$,,,2020-10-10 03:35:16+00,1,2020-10-13 10:52:57+00,38,2,4,1
1187,1666,"",5,44,Evaluate $\displaystyle \int_{0}^{1} \frac{x-4}{x^2-5x+6} \: dx$,Basic,$\ln{\left(\dfrac{3}{8}\right)}$,$\ln{\left(\dfrac{1}{3}\right)}$,$\ln{(3)}$,$\ln{\left(\dfrac{1}{4}\right)}$,,,2020-10-10 03:38:21+00,1,2020-10-13 10:53:10+00,38,3,2,1
1188,1666,"",5,44,Evaluate $\displaystyle \int_{1}^{2} \dfrac{x^2-1}{x\left(x^2+1\right)} \: dx$,Basic,$\ln{\left(\dfrac{5}{4}\right)}$,$\ln{\left(\dfrac{1}{2}\right)}$,$\ln{(3)}$,$-\ln{\left(\dfrac{1}{4}\right)}$,,,2020-10-10 03:40:33+00,1,2020-10-13 10:53:17+00,38,4,3,1
1189,1666,"",5,44,Evaluate $\displaystyle \int_{0}^{2} \dfrac{x^2-x}{x^2+x+1} \: dx$,Basic,$2-\ln{(7)}$,$1-\ln{(3)}$,$2\ln{(3)}$,$-\ln{\left(\dfrac{1}{4}\right)}$,,,2020-10-10 03:42:25+00,1,2020-10-13 10:53:24+00,38,3,2,1
1190,1666,"",5,44,Evaluate $\displaystyle \int_{-2}^{1} \dfrac{4-x^2}{x-2} \: dx$,Basic,$-\dfrac{9}{2}$,$\dfrac{8}{3}$,$-\dfrac{7}{4}$,$\dfrac{7}{2}$,,,2020-10-10 03:43:37+00,1,2020-10-13 10:53:40+00,38,2,4,1
1191,1666,"",5,44,"Compute the area of the region enclosed by the graphs of the equations: $\displaystyle y = x, y=2x $ and $x=5$.",Basic,$\dfrac{25}{2}$ square units,$10$ square units, $3$ square units,$\dfrac{11}{2}$ square units,,,2020-10-10 03:44:49+00,1,2020-10-13 10:53:52+00,38,3,2,1
1192,1666,"",5,44,Find the area in the first quadrant bounded by $\displaystyle f(x) = 4x-x^2 $ and the x-axis.,Basic,$\dfrac{32}{3}$ square units,$\dfrac{15}{2}$ square units,$\dfrac{20}{3}$ square units,$\dfrac{10}{3}$ square units,,,2020-10-10 03:45:35+00,1,2020-10-13 10:54:02+00,38,3,2,1
1193,1666,"",5,44,"Find the area bounded by the following curves: $\displaystyle y = x^2 - 4, y=0, x=5$.",Basic, $27$ square units,$15$ square units,$5$ square units,$17$ square units,,,2020-10-10 03:46:22+00,1,2020-10-13 10:54:12+00,38,3,2,1
1194,1666,"",5,44,Find the area of region $R$.,Basic,$\dfrac{5}{6}$ square units,$\dfrac{3}{7}$ square units,$\dfrac{9}{5}$ square units,$\dfrac{5}{3}$ square units,31.PNG,PNG,2020-10-10 03:47:49+00,1,2020-10-13 10:54:33+00,38,3,2,1
1285,2943,"",5,45,"Evaluate $\displaystyle\iiint\limits_E (x^2+y^2)z\,dV$ where E is bounded by $x^2+y^2\leq\,1$ and $x^2+y^2+z^2\leq\,4$",Advanced,$0$,$1$,$-1$,$\pi$,,,2022-07-29 02:42:36+00,1,2022-08-07 04:03:22+00,38,3,1,1
1195,1666,"",5,44,"Find the area bounded by the following curves: $\displaystyle y = \frac{8}{x}, y=2x, x=4$, and considering $x\geq0$ and $y\geq0$.",Basic,$12-8\ln{(2)}$ square units,$3+2\ln{(2)}$ square units, $5-4\ln{(4)}$ square units,$-2\ln{(2)}$ square units,,,2020-10-10 03:49:01+00,1,2020-10-13 10:54:42+00,38,3,2,1
1196,1666,"",5,44,Find the area between $\displaystyle x = y+3 $ and $\displaystyle x = y^2 $ and $\displaystyle y = -1$ to $\displaystyle y = 2$.,Advanced,$\dfrac{15}{2}$ square units, $30$ square units,$\dfrac{17}{3}$ square units,$\dfrac{105}{2}$ square units,,,2020-10-10 03:49:56+00,1,2020-10-13 10:54:53+00,38,3,2,1
1197,1666,"",5,44," Find the area between the curve $\displaystyle y = x^2-1 $ and $x-$ axis where $\displaystyle x \in [0,2]$.",Basic,$2$ square units, $5$ square units,$\dfrac{11}{2} $ square units,$7$ square units,,,2020-10-10 03:51:05+00,1,2020-10-13 10:55:08+00,38,3,2,1
1198,1666,"",5,44,Find the area bounded by the curve $\displaystyle y = x^3$ and $\displaystyle y = x^2 $.,Basic,$\dfrac{1}{12}$ square units,$6$ square units,$\dfrac{2}{9}$ square units,$9$ square units,,,2020-10-10 03:51:59+00,1,2020-10-13 10:55:18+00,38,3,4,1
1199,1666,"",5,44,"Find the area of the region between the graphs of the functions $\displaystyle f(x) = \sin{(x)}$ and $\displaystyle f(x) = \cos{(x)}$ over the interval $\displaystyle [0,\pi] $.",Advanced, $2\sqrt{2}$ square units,$5\sqrt{3}$ square units,$3\sqrt{5}$ square units,$5\sqrt{5}$ square units,,,2020-10-10 03:52:48+00,1,2020-10-13 10:55:30+00,38,2,4,1
1200,1666,"",5,44,Find the area enclosed between the parabolas $\displaystyle y = x^2-4x+2$ and $ y=2-x^2 $.,Basic,$\dfrac{8}{3}$ square units,$\dfrac{5}{2}$ square units,$\dfrac{10}{7}$ square units,$5$ square units,,,2020-10-10 03:54:23+00,1,2020-10-13 10:55:39+00,38,3,2,1
1201,1666,"",5,44,"Define R as the region bounded above by the graph of $ f(x) = x^2 $ and below by the $x$-axis over the interval $[0,2]$. Find the volume of the solid of revolution formed by revolving R around the $x$-axis.",Basic,$\dfrac{32\pi}{5}$ cubic units,$\dfrac{16\pi}{3}$ cubic units,$8\pi$ cubic units,$\dfrac{27\pi}{2}$ cubic units,,,2020-10-10 03:55:32+00,1,2020-10-13 10:56:01+00,38,2,4,1
1202,1666,"",5,44,"Find the volume of the revolution solid (obtained from the rotation of the region $R$ around the $x$-axis). $R$ is bounded by:
$
   \displaystyle y \geq \dfrac{x^2}{4} ;\qquad x \geq 0 ;\qquad y \leq 4$",Basic,$\dfrac{256\pi}{5}$ cubic units,$\dfrac{105\pi}{2}$ cubic units,$\dfrac{130\pi}{7}$ cubic units,$\dfrac{27\pi}{2}$ cubic units,,,2020-10-10 03:56:51+00,1,2020-10-13 10:56:26+00,38,3,2,1
1203,1666,"",5,44,"Define R as the region bounded above by the graph of $ x =\sqrt{4-y} $  and the $y$-axis over the $y$-axis interval $[1,4]$. Find the volume of the solid of revolution formed by revolving R around the $y$-axis.",Basic,$\dfrac{9\pi}{2}$ cubic units, $\dfrac{16\pi}{3}$ cubic units,$8\pi$ cubic units,$\dfrac{27\pi}{2}$ cubic units,,,2020-10-10 03:57:52+00,1,2020-10-13 10:56:54+00,38,4,3,1
1204,1666,"",5,44,"Find the volume of the revolution solid (obtained from the rotation of the region $R$ around the $x$-axis). $R$ is given by:
   $\displaystyle y \leq 2-\frac{x}{2} ;\quad y \geq 0 ;\quad 1 \leq x \leq 2$",Basic,$\dfrac{19\pi}{12}$ cubic units,$\dfrac{10\pi}{3}$ cubic units,$\dfrac{3\pi}{7}$ cubic units,$\dfrac{7\pi}{2}$ cubic units,,,2020-10-10 03:58:31+00,1,2020-10-13 10:57:37+00,38,4,4,1
1205,1666,"",5,44,"Find the volume of the revolution solid (obtained from the rotation of the region $R$ around the $y$-axis). $R$ is bounded by the curves:
$ \displaystyle y =x^2 ;\quad x=y^2 $",Basic,$\dfrac{3\pi}{10}$ cubic units,$\dfrac{\pi}{6}$ cubic units,$\dfrac{13\pi}{7}$ cubic units, $\dfrac{2\pi}{9}$ cubic units,,,2020-10-10 03:59:19+00,1,2020-10-13 10:58:32+00,38,4,3,1
1206,1666,"",5,44,"Find the volume of a solid of revolution formed by revolving the region bounded above by $f(x) = 5-x $ and below by the $x$-axis over the interval $[0,3]$ around the line y = -3.",Advanced,$102\pi$ cubic units,$53\pi$ cubic units,$156\pi$ cubic units,$25\pi$ cubic units,,,2020-10-10 04:00:05+00,1,2020-10-21 07:52:41+00,38,5,3,1
1207,1666,"",5,44,"Determine the volume of the solid generated by the region between $\displaystyle y = x^2 $ and $\displaystyle y = 4x $, revolved about the y-axis. ",Basic,$\dfrac{128\pi}{3}$ cubic units,$\dfrac{100\pi}{7}$ cubic units,$\dfrac{75\pi}{4}$ cubic units,$55\pi$ cubic units,,,2020-10-10 04:01:09+00,1,2020-10-21 07:52:54+00,38,4,3,1
1208,37,"",12,13,"Classify the critical points of $f(x,y)=x^3-3xy+y^3$.",Basic,"$(1,1)$ is a minimum and $(0,0)$ is a saddle point.","$(1,1)$ is a saddle point and $(0,0)$ is a minimum.","$(1,1)$ and $(-1,-1)$ are a saddle points and $(0,0)$ is a minimum.","$(1,1)$ and $(-1,-1)$ are minima and $(0,0)$ is a saddle point.",,,2020-11-14 14:08:20+00,1,2020-11-14 14:08:41+00,37,2,2,1
1209,37,"",12,13,"Classify the critical points of $f(x,y)=xy+1$ subject to $x^2+y^2-1$.",Advanced,"$\Big(\dfrac{1}{\sqrt{2}},\dfrac{1}{\sqrt{2}}\Big)$ and $\Big(-\dfrac{1}{\sqrt{2}},-\dfrac{1}{\sqrt{2}}\Big)$ are maxima.","$\Big(\dfrac{1}{\sqrt{2}},\dfrac{1}{\sqrt{2}}\Big)$ and $\Big(-\dfrac{1}{\sqrt{2}},-\dfrac{1}{\sqrt{2}}\Big)$ are minima.","$\Big(-\dfrac{1}{\sqrt{2}},\dfrac{1}{\sqrt{2}}\Big)$ and $\Big(\dfrac{1}{\sqrt{2}},-\dfrac{1}{\sqrt{2}}\Big)$ are maxima.","$\Big(\dfrac{1}{\sqrt{2}},\dfrac{1}{\sqrt{2}}\Big)$ and $\Big(-\dfrac{1}{\sqrt{2}},-\dfrac{1}{\sqrt{2}}\Big)$ are saddle points.",,,2020-11-14 14:30:29+00,1,2020-11-14 14:33:15+00,37,3,1,1
1211,37,"",12,13,"Find the minimum of the function $f:D \to \mathbb{R}$ where $D=\{(x,y,z) \in \mathbb{R}^3: x+y+z>0\}$ of $f(x,y,z)=x+y^2+3z^3-\ln(x+y+z)$.",Advanced,"$\Big(\dfrac{1}{6},\dfrac{1}{2},\dfrac{1}{3}\Big)$.","$\Big(\dfrac{5}{6},\dfrac{1}{2},-\dfrac{1}{3}\Big)$.","$\Big(-\dfrac{5}{6},\dfrac{1}{2},-\dfrac{1}{3}\Big)$.","$\Big(\dfrac{1}{6},\dfrac{1}{2},-\dfrac{1}{3}\Big)$.",,,2020-11-14 15:09:56+00,1,2020-11-14 15:10:03+00,37,5,5,1
1212,37,"",14,,"Identify the outliers in the following data $\{-1,5,8,8,9,10,12,25\}$.",Basic,$-1$ and $25$ are outliers.,There aren´t outliers.,"$-1$, $5$ and $25$ are outliers.",$25$ is the only outlier.,,,2020-11-15 15:21:25+00,1,2020-11-15 15:21:41+00,37,3,2,1
1213,1545,"",26,,"Consider the following data:

$$ \begin{array}{|l|c|c|c|c|c|c|}
\hline
x & 0 & 4 & 8 & 12 & 16 & 20 \\ 
\hline
f(x) & 30 & 20 & 10 & 20 & 15 & 8 \\
\hline
\end{array}$$

Calculate, in the sense of minimum least squares method, the polynomial of degree $1$ that fits the data.",Basic,$-0.82x+25.38$.,$17.17+0.39(x-10)$.,$46.67+0.14(x-10)$.,$-0.14x+46.15$.,,,2020-11-16 07:52:20+00,1,2020-12-20 07:48:32+00,37,5,4,1
1214,1545,"",26,,"Consider the following table:

$$\begin{array}{|l|c|c|c|c|c|c|}
\hline
x & 0 & 4 & 8 & 12 & 16 & 20 \\
\hline
f(x) & 30 & 20 & 10 & 20 & 15 & 8 \\
\hline
\end{array}$$

Approach the model $M (x; c_1, c_2) = c_1 x + 3c_2$ which best fits the data in the table in the sense of least squares method.",Basic,$-0.82x + 3 \times 8.46$.,$8.46x + 3 \times (-0.81)$.,$800x + 3\times309$.,None of the other answers.,,,2020-11-16 08:22:36+00,1,2020-12-20 07:56:40+00,37,5,4,1
1215,1545,"",26,,"Consider a function $f:\mathbb{R}→\mathbb{R}$ for which the only values known are

$$\begin{array}{|c|r|r|r|r|}
\hline
x & -2 & -1 & 0 & 1 \\
\hline
f(x) & 1 &	2 & 5 & A \\
\hline
\end{array}$$

Knowing that the values of $f$ belong to a polynomial of degree $2$, determine the value of $A$.",Basic,$A = 10$.,$A = 11$.,$A = -9$.,$A= -11$.,,,2020-11-16 08:34:38+00,1,2020-12-20 07:53:20+00,37,3,2,1
1216,1545,"",26,,"Consider the following table of divided differences:

$$\begin{array}{|l|c|c|c|c|c|c|}
\hline
\text{$x_i$} & \text{$f_i$} \\
\hline
-1.5 & -3.75 & & & & &  \\
& & -2.50 & & &  \\
-1.0 & -5.00 & & 3.00 & &  \\
 & & 3.50 & & -4.00 &  \\
0.5 & 0.25 & & A &  & 4.00 &  \\
 & & -10.50 &  & 8.00 & & -0.13 \\
1.0 & -5.00 &  & 13.00 & & B \\
 & & 2.5 & & 18.67 &  \\
1.5 & -3.75 & & 41.00 & &  \\
 & & 43.50 & & &  \\
2.0 & 18.00 & & & &  \\
\hline
\end{array}$$

Complete the table by calculating $A$ and $B$.",Basic,"$A = -7.0, and B= 3.6$.","$A = 3.6, and B = -7.0$.","$A = -7.0, and B= 10.0$.","$A = 3.0, and B = 3.6$.",,,2020-11-18 11:36:07+00,1,2020-12-20 07:57:05+00,37,1,1,1
1218,2162,"",4,4,"Find the partial differentiation of the function $f(x,y)=x^2y+\sin(y)$.",Basic,"$\dfrac{\partial f}{\partial x} \big( x,y \big)=2x y, \dfrac{\partial f}{\partial y} \big( x,y \big)=x^2+\cos(y)$","$\dfrac{\partial f}{\partial x} \big( x,y \big)=2x y, \dfrac{\partial f}{\partial y} \big( x,y \big)=x^2+ \sin(y)$","$\dfrac{\partial f}{\partial x} \big( x,y \big)=2x^2y,\dfrac{\partial f}{\partial y} \big( x,y \big)=x^2+\cos(y)$","$\dfrac{\partial f}{\partial x} \big( x,y \big)=2xy, \dfrac{\partial f}{\partial y} \big( x,y \big)=x^2-\cos(y)$",,,2021-03-18 15:32:25+00,1,2021-03-26 04:04:55+00,37,2,5,1
1220,2162,"",4,3,Find the derivative function of $y(x)=\tan(\sin(x^3))$.,Basic,$\dfrac{d y}{d x} =\sec^2(\sin(x^3)) \cos(x^3) 3x^2 $,$\dfrac{d y}{d x} =\sec^2(\sin(x^2) \cos(x^3)) 3x^2 $, $\dfrac{d y}{d x} =\sec^2(\sin(x^3) \cos(x^3)) $,$\dfrac{d y}{d x} =\sec^2(\cos(x^3) \sin(x^3)) 3x^2 $,,,2021-03-29 03:42:42+00,1,2021-04-03 16:50:45+00,64,5,2,1
1221,2162,"",4,3,Differentiate $y=x^2 \sin(x)$.,Basic,$\dfrac{d y}{d x} =2x \sin(x)+ x^2 \cos(x) $,$\dfrac{d y}{d x} =2x y \sin(x)+ x^2 \cos(x) $,$\dfrac{d y}{d x} =2x \cos(x)+ x^2 \cos(x) $,$\dfrac{d y}{d x} =2x \sin(x)- x^2 \cos(x) $,,,2021-03-29 03:48:01+00,1,2021-04-13 05:02:06+00,38,2,4,1
1222,2162,"",4,3,Find the derivative of $y=\log_2(x^5)$.,Basic,$\dfrac{d y}{d x} =\dfrac{5}{x \ln(2)}$,$\dfrac{d y}{d x} =\dfrac{5}{x \log_2 (x)} $,$\dfrac{d y}{d x} =\dfrac{5}{x \ln(10)}$,$\dfrac{d y}{d x} =\dfrac{1}{x \ln (2)}$,,,2021-03-29 03:49:44+00,1,2021-04-13 05:00:33+00,38,5,2,1
1223,2162,"",4,3,Differentiate $y=\log_4(x^3 + 4x^2)$.,Basic,$\dfrac{d y}{d x} =\dfrac{3x+8}{(x^2+4x) \ln(4)}$, $\dfrac{d y}{d x} =\dfrac{3x+8}{(x+4) \ln(4)}$,$\dfrac{d y}{d x} =\dfrac{3x+8}{x\ln(4)}$ ,$\dfrac{d y}{d x} =\dfrac{3x+8}{x (x+3) \ln(4)}$,,,2021-03-29 03:51:20+00,1,2021-04-13 04:58:38+00,38,5,2,1
1224,2162,"",4,3,Find the derivative of $y=x^3 \ln(x)$.,Basic,$\dfrac{d y}{d x} =x^2 (3 \ln(x) +1)$,$\dfrac{d y}{d x} =x^3 (3 \ln(x) +1)$,$\dfrac{d y}{d x} =x^3 (2\ln(x) +1)$,$\dfrac{d y}{d x} =x^2 (3 \ln(x) +x)$,,,2021-03-29 03:53:25+00,1,2021-04-13 04:47:17+00,38,3,3,1
1225,2162,"",4,3,Find the first and second derivative of $y=\ln (x^2-5x)$.,Basic,"$y'=\dfrac{2x-5}{x^2-5x},  y''=\dfrac{10x-2x^2-25}{x^4-10x^3+25x^2}$","$y'=\dfrac{2x-5}{x^2-5x},  y''=\dfrac{10x+2x^2-10}{x^4-10x^3+25x^3}$","$y'=\dfrac{2x-5}{x^2-5x},  y''=\dfrac{10x-2x^2-25x^3}{x^4-10x^3+25x^2}$","$y'=\dfrac{2x^2+5}{x^2-5x},  y''=\dfrac{10x-2x^2-10}{x^4-10x^3+25x^2}$",,,2021-03-29 03:55:32+00,1,2021-04-25 09:45:11+00,37,4,2,1
1226,2162,"",4,3,Find the derivative function of $y=e^{-x} \sin(3x)$.,Basic,$\dfrac{d y}{d x} =e^{-x} (3\cos(3x)-\sin(3x))$,$\dfrac{d y}{d x} =e^{x} (-3\cos(3x)-\sin(3x))$,$\dfrac{d y}{d x} =e^{-x} (3\cos(3x)+\sin(3x))$,$\dfrac{d y}{d x} =e^{-x} (3\cos(3x)-\cos(3x))$,,,2021-03-29 03:57:44+00,1,2021-04-13 04:44:54+00,38,5,2,1
1227,2162,"",4,3,Find the second derivative function of $y=\dfrac{1}{2}e^{x^2-3}$.,Basic,$y''=e^{x^2-3}(2x^2+1)$,$y''=e^{x^2-3}(2x^3+1)$,$y''=e^{x^2-3}(3x^2+1)$,$y''=e^{x^2}(2x^2+1)$,,,2021-03-29 03:59:25+00,1,2021-04-25 09:47:12+00,37,4,2,1
1228,2162,"",4,4,"Find the partial derivatives of the function $f(x,y)=\sin\left(\dfrac{x}{1+y}\right)$.",Basic,"$f_{x}(x,y)= \dfrac{1}{1+y} \cos\left(\dfrac{x}{1+y}\right) , f_{y}(x,y)=-\dfrac{x}{(1+y)^2}\cos\left(\dfrac{x}{1+y}\right)$","$f_{x}(x,y)=\dfrac{1}{1+y}\cos\left(\dfrac{x}{1+y}\right), f_{y}(x,y)=-\dfrac{x}{(1+y)}\cos\left(\dfrac{x}{1+y}\right)$","$f_{x}(x,y)=\dfrac{1}{1+y}\cos\left(\dfrac{x}{1+y^2}\right) , f_{y}(x,y)=-\dfrac{x}{(1+y)^2}\cos\left(\dfrac{x}{1+y}\right)$","$f_{x}(x,y)= \dfrac{1}{1+y}\sin\left(\dfrac{x}{1+y}\right), f_{y}(x,y)=-\dfrac{x}{(1+y)^2}\sin\left(\dfrac{x}{1+y}\right)$",,,2021-03-29 04:00:55+00,1,2021-04-13 04:41:57+00,38,2,5,1
1229,2162,"",4,4,"Find the partial derivatives of the function $z(x,y)=x^4 e^{y^5}$.",Basic,"$\dfrac{\partial z}{\partial x}(x,y)=4x^3 e^{y^5}, \dfrac{\partial z}{\partial y}(x,y)=5x^4y^4 e^{y^5} $","$\dfrac{\partial z}{\partial x}(x,y)=4x^5 e^{y^4}, \dfrac{\partial z}{\partial y}(x,y)=x^4 e^{y^5} y^4$","$\dfrac{\partial z}{\partial x}(x,y)=3x^3 e^{y^5}, \dfrac{\partial z}{\partial y}(x,y)=x^4 e^{y^5} 5y$","$\dfrac{\partial z}{\partial x}(x,y)=x^3 e^{y^5}, \dfrac{\partial z}{\partial y}(x,y)=x^4 e^{y} 5y^4$",,,2021-03-29 04:02:38+00,1,2021-04-13 04:41:35+00,38,2,5,1
1230,2162,"",4,4,Find the partial derivatives of the function $z=e^{x^2 y^3}$.,Basic,"$\dfrac{\partial z}{\partial x}=2x y^3 e^{x^2 y^3}, \dfrac{\partial z}{\partial y}=3x^2 y^2 e^{x^2 y^3}$","$\dfrac{\partial z}{\partial x}=2x y^3 e^{x y^3}, \dfrac{\partial z}{\partial y}=3x^2 y^2 e^{x^2 y^3}$","$\dfrac{\partial z}{\partial x}=2x y^2 e^{x^2 y^3}, \dfrac{\partial z}{\partial y}=3x^2 y^2 e^{x y}$","$\dfrac{\partial z}{\partial x}=x y^3 e^{x^2 y^3}, \dfrac{\partial z}{\partial y}=x^2 y^2 e^{x^2 y^3}$",,,2021-03-29 04:04:38+00,1,2021-04-03 16:55:02+00,64,2,5,1
1231,2162,"",4,4,Find the partial derivatives of the function $z=\ln \left(\dfrac{x^2}{y}\right)$.,Basic,"$\dfrac{\partial z}{\partial x}=\dfrac{2}{x}, \dfrac{\partial z}{\partial y}=-\dfrac{1}{y}$","$\dfrac{\partial z}{\partial x}=\dfrac{2}{x}, \dfrac{\partial z}{\partial y}=\dfrac{1}{y}$","$\dfrac{\partial z}{\partial x}=\dfrac{1}{x}, \dfrac{\partial z}{\partial y}=-\dfrac{1}{y}$ ","$\dfrac{\partial z}{\partial x}=\dfrac{2}{xy}, \dfrac{\partial z}{\partial y}=-\dfrac{x}{y}$",,,2021-03-29 04:06:19+00,1,2021-04-25 09:49:59+00,37,2,5,1
1232,2162,"",4,4,Find the partial derivatives of the function $z=\sin(x^3 y^5)$.,Basic,"$\dfrac{\partial z}{\partial x}=3x^2 y^5 \cos(x^3 y^5), \dfrac{\partial z}{\partial y}=5x^3 y^4 \cos(x^3 y^5)$","$\dfrac{\partial z}{\partial x}=4x^3 y^5 \cos(x^3 y^5), \dfrac{\partial z}{\partial y}=4x^3 y^4 \cos(x^3 y^5)$","$\dfrac{\partial z}{\partial x}=-3x^2 y^5 \cos(x^3 y^5), \dfrac{\partial z}{\partial y}=5x^3 y^4 \sin(x^3 y^5)$ ","$\dfrac{\partial z}{\partial x}=-3x^3 y^5 \cos(x^3 y^5), \dfrac{\partial z}{\partial y}=-5x^3 y^4 \cos(x^3 y^5)$",,,2021-03-29 04:08:49+00,1,2021-04-11 10:59:47+00,37,2,5,1
1874,50,"",7,2,"Simplify 
 
$\frac{(y^3)(y^{\frac{1}{5}})}{y^\frac{1}{2}}$",Advanced,$y^\frac{27}{10}$,$y^\frac{33}{10}$,$y^2$,$y^\frac{64}{10}$,,,2019-10-17 11:12:34+00,1,2020-05-08 18:06:57+00,37,3,2,
1233,2162,"",4,4,"Find the partial derivative $\dfrac{\partial^3 f}{\partial x \partial y \partial z}$ of the function $f(x,y,z)=x^3 y^4+z^2 x^3 y+4x^3 z^4$.",Basic,$\dfrac{\partial^3 f}{\partial x \partial y \partial z}=6x^2 z$,$\dfrac{\partial^3 f}{\partial x \partial y \partial z}=2x^2 z$,$\dfrac{\partial^3 f}{\partial x \partial y \partial z}=6x^2 y^3 z$ ,$\dfrac{\partial^3 f}{\partial x \partial y \partial z}=6x^2 y^3 z^2$,,,2021-03-29 04:10:10+00,1,2021-04-11 12:57:13+00,37,1,3,1
1234,2162,"",15,41,"Calculate the ${\underset{(x,y) \to (2,2)}{\lim}} \dfrac{x^2-y^2}{x-y}$.",Basic,$4$.,$2$.,The limit does not exist.,$0$.,,,2021-03-29 04:11:54+00,1,2021-04-11 12:01:38+00,37,2,3,1
1235,2162,"",15,41,"Calculate the ${\underset{(x,y) \to (0,0)}{\lim}} \dfrac{x^2 y^2}{x^4+y^4}$.",Basic,The limit does not exist.,$2$.,$\infty$.,$0$.,,,2021-03-29 04:13:35+00,1,2021-04-11 12:01:18+00,37,3,4,1
1236,2162,"",15,41,"Calculate the limit ${\underset{(x,y) \to (0,0) }{\lim}} \dfrac{x^2+y^2}{\sqrt{x^2+y^2+4}-2}$.",Basic,$4$.,$2$.,$+\infty$.,$0$.,,,2021-03-29 04:20:20+00,1,2021-04-11 12:00:59+00,37,3,4,1
1237,2162,"",15,41,"Calculate the ${\underset{(x,y) \to (0,0)}{\lim}} \dfrac{x^2}{x^2+y^2}$.",Basic,The limit does not exist.,$2$.,$\infty$.,$0$.,,,2021-03-29 04:21:48+00,1,2021-04-11 12:00:36+00,37,2,3,1
1238,2162,"",3,37,"Calculate $\displaystyle {\underset{x \to 0}{\lim}}\ \dfrac{x^2 \cos(x)}{x+1}$.
",Basic,$0$.,$2$.,$\infty$.,The limit does not exist.,,,2021-04-27 10:26:54+00,1,2021-04-30 14:08:45+00,37,1,1,1
1239,2162,"",3,37,Calculate the limit ${\underset{\theta \to \frac{\pi}{2}}{\lim}}\ \dfrac{\cos(\theta)+1}{\sin(\theta)}$.,Basic,$1$ .,$2$.,$\infty$.,The limit does not exist.,,,2021-04-27 10:28:34+00,1,2021-04-30 14:09:24+00,37,1,1,1
1240,2162,"",3,37,Find ${\underset{x \to 0}{\lim}}\tan(5x)$,Basic,$0$.,$1$.,$\infty$.,The limit does not exist.,,,2021-04-27 10:30:09+00,1,2021-04-30 14:11:12+00,37,1,1,1
1241,2162,"",3,37,"Calculate the limit ${\underset{x \to 0}{\lim}} \dfrac{\sin(2x)}{x}$.
 ",Basic,$2$.,$1$.,$0$.,The limit does not exist.,,,2021-04-27 10:31:40+00,1,2021-04-30 14:13:12+00,37,2,1,1
1242,2162,"",3,37,Calculate the limit ${\underset{x \to \infty}{\lim}}\ \dfrac{5x+2}{7x-x^2}$.,Basic,$0$.,$1$.,$\infty$.,The limit does not exist.,,,2021-04-27 10:32:54+00,1,2021-04-30 14:15:54+00,37,2,1,1
1243,2162,"",3,37,Calculate ${\underset{x \to \infty}{\lim}}\ \dfrac{8x^2-5x}{4x^2+7}$.,Basic,$2$.,$0$.,$\infty$.,$-\infty$.,,,2021-04-27 10:34:13+00,1,2021-04-30 15:57:02+00,37,2,1,1
1244,2162,"",3,37,Calculate ${\underset{x \to -\infty}{\lim}}\ \dfrac{5x-7x^3}{2x^2+14x^3-9}$.,Basic,$-\dfrac{1}{2}$.,$0$.,$\infty$.,$-\infty$.,,,2021-04-27 10:35:35+00,1,2021-04-30 15:57:42+00,37,2,2,1
1245,2162,"",3,37,Calculate ${\underset{x \to -\infty}{\lim}}\ \dfrac{5+2x-3x^3}{4x^2+9x-7}$.,Basic,$+\infty$.,$0$.,$2$.,$-\infty$.,,,2021-04-27 10:37:01+00,1,2021-04-30 15:58:10+00,37,2,1,1
1246,2162,"",12,13,"Find the relative extrema of the function $f$: $\mathbb{R} \rightarrow \mathbb{R}$,  $f(x)=2x^3-12x^2$.",Basic," $x=0$ is a maximizer, and $x=4$ is a minimizer."," $x=1$ is a maximizer, and $x=4$ is a minimizer."," $x=0$ is a maximizer, and $x=2$ is a minimizer.", $x=2$ is a maximizer.,,,2021-04-27 10:41:10+00,1,2021-12-26 14:53:00+00,37,1,2,1
1247,2162,"",12,13,"Find the relative extrema of the function $f$: $\mathbb{R} \rightarrow \mathbb{R}$,  $f(x)=4x^3-6x^2-24x+1$.",Basic," $M(-1)\ is\ maximizer, N(2)\ is\ minimizer$.",$M(1)\ and\ N(4)\ are\ minimizers$.,$M(-1)\ and\ N(2)\ are\ maximizers$., $M(3)\ is\ maximizer$.,,,2021-04-27 10:43:27+00,1,2021-12-26 15:04:11+00,37,1,2,1
1248,2162,"",5,6,"Find $\displaystyle \int_{0}^{2} \int_{1}^{3} xy^2 \,dy \,dx$
",Basic,$\dfrac{52}{3}$ , $\dfrac{55}{3}$,"$\dfrac{1}{5}$ 
",$-77$,,,2021-05-11 13:21:01+00,1,2021-12-26 15:37:33+00,37,1,2,1
1249,2162,"",5,6,"Find $\displaystyle \int_{0}^{1} \int_{0}^{2y} (4+2x-y^2) \,dx \,dy$
",Basic,$\dfrac{29}{6}$ ,"$\dfrac{1}{3}$
",$\dfrac{y^2}{7}$ ,$\dfrac{4x+2x^2}{2}$,,,2021-05-11 13:22:38+00,1,2021-12-26 15:40:47+00,37,2,4,1
1250,37,"",26,,"Consider the table

$$\begin{array}{c|ccc}
x & 1 & 2 & 3   \\
\hline
y & 0 & 1 & 4 \\
\end{array}$$

Find the Lagrange's interpolation polynomial.",Basic,$P(x)=-(x-1)(x-3)+2(x-1)(x-2)$.,$P(x)=(x-1)(x-3)+(x-1)(x-2)$.,$P(x)=(x-2)(x-3)+(x-1)(x-3)+(x-1)(x-2)$.,$P(x)=(x-1)(x-2)(x-3)$.,,,2021-06-01 08:20:19+00,1,2021-06-01 08:21:02+00,37,2,2,1
1251,37,"",26,,"Consider the table

$$\begin{array}{c|cccc}
x & 1 & 3 & 4 & 5   \\
\hline
y & 0 & 6 & 24 & 60 \\
\end{array}$$

Find the Newton's interpolational polynomial.",Basic,$P(x)=x^3-3x^2+2x$.,$P(x)=x^3+3x^2+2x$.,$P(x)=-x^3-3x^2+2x$.,$P(x)=x^3-3x^2-2x$.,,,2021-06-01 09:03:19+00,1,2021-06-01 09:10:39+00,37,3,2,1
1252,37,"",26,,"Consider the table

$$\begin{array}{c|cccc}
x & 1 & 3 & 4 & 5   \\
\hline
y & 0 & 6 & 24 & 60 \\
\end{array}$$

Using Newton's interpolational polynomial, calculate $P(1)$.",Basic,$P(1)=0$,$P(1)=0.5$,$P(1)=-0.5$,$P(1)=1$,,,2021-06-01 09:09:52+00,1,2021-06-01 09:10:50+00,37,3,4,1
1254,80,"",3,39,Find the domain of the function $f(x)=\dfrac{\sqrt{x-1}}{\sqrt[4]{\dfrac{1}{x}}}$,Basic,$D=\{x \in \mathbb{R}: x \geq 1\}$,$D=\{x \in \mathbb{R}: x\leq 1\}$,$D=\{x \in \mathbb{R}: x\leq 0\}$ ,$D=\{x \in \mathbb{R}: x\geq \frac{32}{3}\}$ ,,,2021-07-21 08:08:43+00,1,2021-12-26 15:33:32+00,37,2,1,1
1255,80,"",3,39,Find the domain of the function $f(x)= \dfrac{x^3}{\sqrt{x}}$,Basic,$D=\{x \in \mathbb{R}: x>0\}$ ,$D=\{x \in \mathbb{R} : x>3\}$,$D=\{x \in \mathbb{R}: x \neq 0\}$,$D=\{x \in \mathbb{R}: x<0\}$,,,2021-07-21 08:13:21+00,1,2021-12-26 15:17:49+00,37,2,1,1
1256,2417,"",7,1,"If a triangle has a square angle and the two adjacent sides are equal in length, what are the other two angles in the triangle?",Basic,45 degrees each,90 degrees and 0 degrees,33 degrees each,90 degrees each,,,2021-07-23 06:15:10+00,1,2021-12-26 15:14:09+00,37,1,1,1
1257,2417,"",7,1,How many sides does a square have?,Basic,4,3,2,12,,,2021-07-23 06:19:36+00,1,2021-12-26 15:10:50+00,37,1,1,1
1258,2943,"",5,45,"Find $\displaystyle\int_0^1\int_0^1\int_0^1 1 \,dxdydz$",Basic,$1$,$\displaystyle\frac{1}{2}$,$\displaystyle 3$,$0$,,,2022-07-18 04:40:15+00,1,2022-07-19 08:47:11+00,38,1,2,1
1259,2943,"",5,45,"Evaluate $\displaystyle\iiint\limits_E 1\,dV$ where E is the region from the first octant between $\displaystyle y+z=4$ and $\displaystyle y=x^2$",Basic,$\dfrac{128}{15}$,$\dfrac{124}{15}$,$\dfrac{26}{3}$,$\dfrac{28}{3}$,,,2022-07-19 09:32:51+00,1,2022-07-28 08:35:34+00,38,2,3,1
1260,2943,"",5,45,"Evaluate $\displaystyle\iiint\limits_E z\,dV$ where E is the region from the first octant bounded by $\displaystyle x+y= 2$, $\displaystyle x+2y=2$ and $\displaystyle y^2+z^2=4$",Basic,$\dfrac{17}{12}$,$\dfrac{18}{13}$,$\dfrac{17}{11}$,$\dfrac{19}{12}$,,,2022-07-19 09:38:14+00,1,2022-07-28 08:35:50+00,38,3,1,1
1261,2943,"",5,45,"Evaluate $\displaystyle\iiint\limits_E \frac{1}{(1-x^2-y^2)^\frac{3}{2}} \,dV$ with $\displaystyle E=\{(x,y,z)\in\mathbb{R}^3:\, x^2+y^2\leq\,z\leq\,2-x^2-y^2\} $",Advanced,$4\pi$,$6\pi$, $\dfrac{\pi}{2}$,$\dfrac{3\pi}{2}$,,,2022-07-19 09:49:01+00,1,2022-07-28 08:38:30+00,38,4,4,1
1262,2943,"",5,45,"Evaluate $\displaystyle\iiint\limits_E \frac{1}{(x^2+y^2+z^2)^\frac{3}{2}} \,dV$ with $\displaystyle E=\{(x,y,z)\in\mathbb{R}^3:\, 4\leq\,x^2+y^2+z^2\leq\,9\} $",Advanced,$4\pi \ln\left({\dfrac{3}{2}}\right)$,$4\pi \ln\left({\dfrac{1}{2}}\right)$,$2\pi \ln\left({\dfrac{1}{2}}\right)$,$8\pi \ln\left({\dfrac{3}{2}}\right)$,,,2022-07-19 09:51:46+00,1,2022-08-01 03:33:25+00,38,5,5,1
1263,2943,"",5,45,"Evaluate $\displaystyle\iiint\limits_E z\,dV$ with $\displaystyle E=\{(x,y,z)\in\mathbb{R}^3:\, x^2+y^2\geq\,z^2\,\wedge\, x^2+y^2+z^2\leq\,-2z\} $",Advanced,$-\dfrac{\pi}{6}$,$-\dfrac{\pi}{8}$,$\dfrac{\pi}{6}$,$\dfrac{\pi}{4}$,,,2022-07-19 09:53:47+00,1,2022-07-28 08:41:23+00,38,5,5,1
1264,2943,"",5,45,"Evaluate $\displaystyle\iiint\limits_E y\,dV$ with $\displaystyle E=\{(x,y,z)\in\mathbb{R}^3:\, x^2+y^2+z^2\leq\,1\,\wedge\,z\geq\,-\sqrt{x^2+y^2}\} $",Basic,$0$,$-\dfrac{1}{6}$,$\dfrac{1}{6}$,$1$,,,2022-07-19 09:55:17+00,1,2022-07-28 08:44:19+00,38,3,1,1
1265,2943,"",5,45,"Evaluate $\displaystyle\iiint\limits_E \sqrt{x^2+y^2+z^2}\,dV$ with $\displaystyle E=\{(x,y,z)\in\mathbb{R}^3:\, x^2+y^2+z^2\leq\,1\,\wedge\,x^2+y^2+(z-1)^2\leq\,1\} $",Advanced,$\dfrac{3\pi}{10}$,$-\dfrac{5\pi}{8}$,$-\dfrac{\pi}{5}$,$\dfrac{2\pi}{5}$,,,2022-07-19 09:59:05+00,1,2022-07-28 08:45:03+00,38,5,5,1
1266,2943,"",5,45,"Evaluate $\displaystyle\int_0^{2\pi}\int_0^1 \int_{r^2-1}^{2-\cos{\theta}} 4r^2\sin{\theta}\,dz\,dr\,d\theta$ ",Basic,$0$,$-1$,$1$,$2$,,,2022-07-19 10:01:12+00,1,2022-07-28 08:45:19+00,38,1,2,1
1267,2943,"",5,45,"Use a triple integral to determine the volume defined by $x^2+y^2+z^2\leq\,r^2\,,\,r>0$ ",Basic,"$\dfrac{4\pi\,r^3}{3}$","$\dfrac{5\pi\,r^3}{3}$","$\dfrac{\pi\,r^2}{2}$","$\dfrac{2\pi\,r^2}{3}$",,,2022-07-19 10:03:15+00,1,2022-07-28 08:46:13+00,38,2,3,1
1268,2943,"",5,45,"Use a triple integral to determine the volume defined by $\begin{cases} x^2 + y^2 + z^2 \leq\,8 \\ z^2\geq\,x^2+y^2 \end{cases}$",Basic,$\dfrac{64(\sqrt{2}-1)\pi}{3}$,$\dfrac{64(2\sqrt{2}-1)\pi}{3}$,$\dfrac{32(2\sqrt{2}-1)\pi}{3}$,$\dfrac{32(\sqrt{2}-4)\pi}{3}$,,,2022-07-19 10:15:26+00,1,2022-07-28 08:47:16+00,38,1,4,1
1269,2943,"",5,45,"Use a triple integral to determine the volume defined by $\displaystyle x^2+y^2\leq\,z\leq\,\sqrt{x^2+y^2}$",Basic,$\dfrac{\pi}{6}$,$\dfrac{\pi}{3}$,$\dfrac{2\pi}{3}$,$\dfrac{\pi}{4}$,,,2022-07-19 10:19:05+00,1,2022-07-28 08:47:37+00,38,1,2,1
1270,2943,"",5,45,"Use a triple integral to determine the volume defined by $\begin{cases}x^2+y^2+z^2\leq\,4\\ x^2+y^2+(z-2)^2\leq4\end{cases}$",Advanced,$\dfrac{10\pi}{3}$,$\dfrac{11\pi}{3}$,$\dfrac{7\pi}{2}$,$2\pi$,,,2022-07-19 10:25:41+00,1,2022-07-28 08:48:17+00,38,4,4,1
1271,2943,"",5,45,"Use a triple integral to determine the volume defined by $\begin{cases} x^2+y^2\geq\,z \\ 1\leq\,z\leq\,2 \end{cases}$",Advanced,$\dfrac{3\pi}{2}$,$3\pi$,$\dfrac{5\pi}{2}$,$2\pi$,,,2022-07-19 10:31:36+00,1,2022-07-28 10:25:16+00,38,4,4,1
1272,2943,"",5,45,"Use a triple integral to determine the volume of the region defined by $\displaystyle E=\{(x,y,z)\in\mathbb{R}^3:\, 0\leq\,z\leq\,2\,\wedge\,x^2+y^2-z^2\leq\,1\} $",Advanced,$\dfrac{14\pi}{3}$,$\dfrac{11\pi}{2}$,$\dfrac{15\pi}{2}$,$\dfrac{13\pi}{2}$,,,2022-07-20 02:47:53+00,1,2022-07-28 10:30:53+00,38,4,4,1
1273,2943,"",5,45,"Use a triple integral to determine the volume defined by $\displaystyle E=\{(x,y,z)\in\mathbb{R}^3:\, x^2+y^2+z^2\leq\,2z\,\wedge\,x^2+y^2+z^2\leq\,3\,\wedge\,y\geq\,x\} $",Advanced,$\displaystyle\pi(\sqrt3-\dfrac{9}{8})$,$\displaystyle\pi(\sqrt3-\dfrac{3}{8})$,$\displaystyle\pi(\sqrt6-\dfrac{9}{8})$,$\displaystyle\pi(\sqrt6-\dfrac{3}{8})$,,,2022-07-20 02:53:59+00,1,2022-08-01 03:33:03+00,38,5,5,1
1274,2943,"",5,45,"Use a triple integral to determine the volume defined by $\displaystyle E=\{(x,y,z)\in\mathbb{R}^3:\, x^2+z\leq\,4\,\wedge\,z+y\leq\,4\,\wedge\,y\geq\,0\,\wedge\,z\geq\,0\} $",Basic,$\dfrac{128}{5}$,$\dfrac{124}{15}$,$\dfrac{128}{15}$,$\dfrac{124}{5}$,,,2022-07-20 03:00:27+00,1,2022-08-01 03:36:52+00,38,2,3,1
1275,2943,"",5,45,"Use a triple integral to determine the volume defined by $\displaystyle E=\{(x,y,z)\in\mathbb{R}^3:\, -1+\sqrt{x^2+y^2}\leq\,z\leq\,1-\sqrt{x^2+y^2}\} $",Basic,$\dfrac{2\pi}{3}$,$2\pi$,$\dfrac{\pi}{3}$,$3\pi$,,,2022-07-20 03:10:34+00,1,2022-07-28 10:58:15+00,38,2,3,1
1276,2943,"",5,45,"Use spherical coordinates to determine the volume defined by $\displaystyle E=\{(x,y,z)\in\mathbb{R}^3:\, x^2+y^2+z^2\leq\,4\,\wedge\,z^2\geq\,x^2+y^2\,\wedge\,y\geq\,0\} $",Basic,$\dfrac{8\pi}{3}(2-\sqrt2)$,$\pi$,$\dfrac{\pi}{3}(2-\sqrt2)$,$\dfrac{8\pi}{3}$,,,2022-07-20 03:23:25+00,1,2022-07-28 10:49:58+00,38,3,1,1
1277,2943,"",5,45,"Evaluate $\displaystyle\iiint\limits_E (x+y)\,dV$ with $\displaystyle E=\{(x,y,z)\in\mathbb{R}^3:\, x\geq\,0\,\wedge\,y\geq\,0\,\wedge\,x^2+y^2\leq\,1\,\wedge\,0\leq\,z\leq\,4-\sqrt{x^2+y^2}\} $",Basic,$\dfrac{13}{6}$,$\dfrac{13}{12}$,$-1$,$1$,,,2022-07-20 04:49:27+00,1,2022-07-28 10:47:31+00,38,2,3,1
1278,2943,"",5,45,"Evaluate $\displaystyle\int_{-1}^{1}\int_0^2 \int_{0}^{1} (x^2+y^2+z^2)\,dxdydz$ ",Basic,$8$,$-1$,$1$,$2$,,,2022-07-20 09:14:40+00,1,2022-07-28 10:46:05+00,38,1,4,1
1279,2943,"",5,45,"Evaluate $\displaystyle\int_{\frac{\pi}{3}}^{\frac{\pi}{2}}\int_0^\pi \int_{0}^{1} zy\sin(x)\,dzdydx$ ",Basic,$\dfrac{\pi^2}{8}$,$\dfrac{\pi}{4}$,$\dfrac{\pi}{8}$,$\dfrac{\pi^2}{4}$,,,2022-07-20 09:26:24+00,1,2022-07-28 10:45:52+00,38,1,2,1
1280,2943,"",5,45,"Evaluate $\displaystyle\int_0^{2}\int_{-1}^{y^2} \int_{-1}^{z} yz\,dx\,dz\,dy$ ",Basic,$\dfrac{47}{3}$,$\dfrac{52}{3}$,$\dfrac{38}{3}$,$\dfrac{46}{3}$,,,2022-07-20 09:51:44+00,1,2022-07-28 10:44:55+00,38,1,2,1
1281,2943,"",5,45,"Evaluate $\displaystyle\int_0^{\frac{\pi}{4}}\int_0^1 \int_0^{x^2} xcos(y)\,dzdxdy$",Basic,$\dfrac{\sqrt2}{8}$,$\dfrac{\sqrt2}{4}$,$\dfrac{1}{8}$,$\dfrac{1}{4}$,,,2022-07-20 09:59:45+00,1,2022-07-28 10:44:48+00,38,1,2,1
1282,2943,"",5,45,"Evaluate $\displaystyle\int_0^3\int_0^{\sqrt{9-z^2}} \int_0^x xy\,dydxdz$ ",Basic,$\dfrac{81}{5}$,$\dfrac{81}{10}$,$\dfrac{81}{8}$,$\dfrac{81}{16}$,,,2022-07-21 02:59:01+00,1,2022-07-28 10:44:34+00,38,2,3,1
1283,2943,"",5,45," Evaluate $\displaystyle\int_1^3\int_x^{x^2} \int_0^{ln(z)} xe^y\,dydzdx$",Basic,$\dfrac{118}{3}$,$\dfrac{105}{4}$,$\dfrac{119}{4}$,$\dfrac{125}{4}$,,,2022-07-21 03:16:29+00,1,2022-07-28 10:44:41+00,38,2,3,1
1284,2943,"",5,45,"Evaluate $\displaystyle\iiint\limits_E 2x\, dV$, where E is the region of the first octant bounded by $z^2=x^2+y^2$ and by $x=0$, $y=0$ and $z=4$",Advanced,$\dfrac{128}{3}$,$\dfrac{128}{5}$,$\dfrac{132}{5}$,$\dfrac{127}{6}$,,,2022-07-29 02:30:57+00,1,2022-08-01 03:37:37+00,38,3,1,1
1286,2943,"",5,45,"Evaluate $\displaystyle\iiint\limits_E (x^2+y^2+z^2)^{-2} \,dV$ where E is defined by $\displaystyle E=\{(x,y,z)\in\mathbb{R}^3:\, 1\leq\,x^2+y^2+z^2\leq\,4\,\} $",Advanced,$2\pi$,$\pi$,$\dfrac{\pi}{2}$,$1$,,,2022-07-29 02:50:27+00,1,2022-08-07 04:04:06+00,38,3,1,1
1287,2943,"",5,45,"Evaluate $\displaystyle\iiint\limits_E 1\,dV$ where E  is defined by $\displaystyle E=\{(x,y,z)\in\mathbb{R}^3:\,\sqrt{x^2+y^2}\leq \,z\leq\,1-2\sqrt{x^2+y^2}\} $",Basic,$\dfrac{\pi}{27}$,$\dfrac{\pi}{25}$,$\dfrac{2\pi}{3}$,$\dfrac{2\pi}{27}$,,,2022-07-29 03:31:41+00,1,2022-08-01 03:40:53+00,38,3,1,1
1288,2943,"",5,45,"Evaluate $\displaystyle\iiint\limits_E z\,dV$ where  E is defined by $\displaystyle E=\{(x,y,z)\in\mathbb{R}^3:\, x\geq\,0\,\wedge\,y\geq\,0 \wedge\,z\geq\,0\,\wedge\,x+y+z=1\} $",Basic,$\dfrac{1}{24}$,$\dfrac{1}{6}$,$\dfrac{1}{4}$,$\dfrac{1}{16}$,,,2022-07-29 04:22:52+00,1,2022-08-01 03:41:08+00,38,4,4,1
1289,2943,"",5,45,"Evaluate $\displaystyle\iiint\limits_E \sqrt{x^2+z^2}\,dV$ where E is the region bounded by $\displaystyle y=x^2+z^2$ and $\displaystyle y=4$",Basic,$\dfrac{128\pi}{15}$,$\dfrac{128\pi}{5}$,$\dfrac{131\pi}{15}$,$\dfrac{131\pi}{5}$,,,2022-07-29 04:33:10+00,1,2022-08-01 03:41:40+00,38,2,3,1
1290,2943,"",5,45,"Use a triple integral to determine the volume of the tetrahedron bounded by $\displaystyle\, x+2y+z=2\,$ , $x=2y\,$ , $z=0$ and $x=0$  ",Basic,$\dfrac{1}{3}$,$\dfrac{1}{5}$,$\dfrac{2}{3}$,$\dfrac{1}{2}$,,,2022-07-29 04:51:52+00,1,2022-08-01 03:42:00+00,38,3,1,1
1291,2943,"",5,45,"Evaluate $\displaystyle\iiint\limits_E xyz^2\,dV$ where E is the region defined by $\displaystyle E=\{(x,y,z)\in\mathbb{R}^3:\, 0\leq\,x\leq\,1\,\wedge\,-1\leq\,y\leq\,2\,\wedge\,0\leq\,z\leq\,3\} $",Basic,$\dfrac{27}{4}$,$\dfrac{29}{4}$,$\dfrac{28}{3}$,$\dfrac{29}{3}$,,,2022-07-29 05:35:09+00,1,2022-08-01 03:42:37+00,38,1,2,1
1292,2943,"",5,45,"Evaluate $\displaystyle\int_0^1\int_0^z\int_0^{x+y} 6xz\,dydxdz$",Basic,$1$,$0$,$2$,$5$,,,2022-07-29 08:51:12+00,1,2022-08-01 03:42:53+00,38,1,2,1
1293,2943,"",5,45,"Evaluate $\displaystyle\int_0^3\int_0^1\int_0^{\sqrt{1-z^2}}ze^y\,dxdzdy$",Basic,$\dfrac{e^3-1}{3}$,$-1$,$-\dfrac{1}{3}$,$\dfrac{e^3-1}{2}$,,,2022-07-29 08:56:24+00,1,2022-08-01 03:43:34+00,38,2,3,1
1294,2943,"",5,45,"Evaluate $\displaystyle \int_0^{\frac{\pi}{2}}\int_0^y\int_0^x \cos(x+y+z)\,dzdxdy$",Basic,$-\dfrac{1}{3}$,$\dfrac{1}{3}$,$-\dfrac{1}{2}$,$\dfrac{1}{2}$,,,2022-07-29 09:03:05+00,1,2022-08-01 03:44:33+00,38,1,2,1
1295,2943,"",5,45,"Evaluate $\displaystyle\iiint\limits_E 2x\,dV$ where  $\displaystyle E=\{(x,y,z)\in\mathbb{R}^3:\, 0\leq\,y\leq\,2\,\wedge\,0\leq\,x\leq\,\sqrt{4-y^2}\,\wedge\,0\leq\,z\leq\,y\} $",Basic,$4$,$2$,$1$,$3$,,,2022-07-29 09:10:52+00,1,2022-08-01 03:45:21+00,38,4,4,1
1296,2943,"",5,45,"Evaluate $\displaystyle\iiint\limits_E 6xy \,dV$ where E is defined by  $\displaystyle E=\{(x,y,z)\in\mathbb{R}^3:\,0\leq\,x\leq\,1\,\wedge\,0\leq\,y\leq\,\sqrt{x}\,\wedge\,0\leq\,z\leq\,1+x+y\} $",Basic,$\dfrac{65}{28}$,$\dfrac{65}{14}$,$\dfrac{65}{4}$,$\dfrac{65}{23}$,,,2022-07-29 09:18:46+00,1,2022-08-01 03:51:43+00,38,3,1,1
1297,2943,"",5,45,"Evaluate $\displaystyle\iiint\limits_E x^2e^y\,dV$ where E is the region bounded by $\displaystyle z=1-y^2\,$, $\displaystyle z=0\,$, $x=1\,$ and $x=-1$",Basic,$\dfrac{8}{3\operatorname{e}}$,$\dfrac{6}{5\operatorname{e}}$,$\dfrac{8\operatorname{e}}{3}$,$\dfrac{\operatorname{e}}{3}$,,,2022-07-29 09:29:27+00,1,2022-08-01 03:47:37+00,38,1,2,1
1298,2943,"",5,45,"Evaluate $\displaystyle\iiint\limits_Q x^2\,dV$ where Q is the solid tetrahedron with vertices $(0,0,0)\,$, $(0,1,0)\,$, $(1,0,0)\,$, and $(0,0,1)\,$",Basic,$\dfrac{1}{60}$,$\dfrac{1}{30}$,$\dfrac{7}{60}$,$\dfrac{7}{30}$,,,2022-07-29 09:35:53+00,1,2022-08-01 03:52:00+00,38,1,2,1
1299,2943,"",5,45,"Evaluate $\displaystyle\iiint\limits_T x\,dV$ where T is bounded by $x=4$ and $x=4y^2+4z^2$",Basic,$\dfrac{16\pi}{3}$,$\dfrac{17\pi}{5}$,$\dfrac{16\pi}{5}$,$\dfrac{19\pi}{3}$,,,2022-07-29 09:46:59+00,1,2022-08-01 03:52:15+00,38,1,2,1
1300,2943,"",5,45,Use a triple integral to determine the volume of a tetrahedron enclosed by the coordinate planes and $2x+y+z=4$ ,Basic,$\dfrac{16}{3}$,$\dfrac{17}{3}$,$\dfrac{19}{3}$,$\dfrac{14}{3}$,,,2022-07-29 09:57:21+00,1,2022-08-01 03:52:30+00,38,1,2,1
1301,2943,"",5,45,"Use a triple integral to determine the volume bounded by $y^2+x^2=9\,$, $y+z=5\,$ and $z=1\,$ ",Basic,$36\pi$,$30\pi$,$18\pi$,$9\pi$,,,2022-07-29 10:04:55+00,1,2022-08-01 03:52:43+00,38,3,1,1
1302,2943,"",5,45,"Evaluate $\displaystyle \int_0^2\int_0^{z^2}\int_0^{y-z} (2x-y)\,dxdydz$",Basic,$\dfrac{16}{15}$,$\dfrac{17}{15}$,$\dfrac{16}{5}$,$\dfrac{17}{5}$,,,2022-07-29 11:49:33+00,1,2022-08-01 03:53:00+00,38,1,2,1
1303,2943,"",5,45,"Evaluate $\displaystyle \int _0^1\int _x^{2x}\int _0^y 2xyz\,dzdydx$",Basic,$\dfrac{5}{8}$,$\dfrac{7}{8}$,$\dfrac{5}{2}$,$\dfrac{7}{2}$,,,2022-07-29 12:05:22+00,1,2022-08-01 03:53:12+00,38,1,2,1
1304,2943,"",5,45,"Evaluate $\displaystyle\int_1^2\int_0^{2z}\int_0^{\ln(x)} x\operatorname{e}^{-y}\, dydxdz$",Basic,$\dfrac{5}{3}$,$\dfrac{7}{3}$,$1$,$0$,,,2022-07-29 12:14:45+00,1,2022-08-01 03:55:16+00,38,2,3,1
1305,2943,"",5,45,"Evaluate $\displaystyle \int_0^1\int_0^1\int_0^{\sqrt{1-z^2}} \dfrac{z}{y+1}\,dxdzdy$",Basic,$\dfrac{\ln(2)}{3}$,$\ln(2)$,$\dfrac{\ln(2)}{2}$,$\ln(3)$,,,2022-07-29 12:22:52+00,1,2022-08-01 04:11:21+00,38,4,4,1
1306,2943,"",5,45,"Evaluate $\displaystyle\iiint\limits_E y\,dV$ where  $\displaystyle E=\{(x,y,z)\in\mathbb{R}^3:\, 0\leq\,x\leq\,3\,\wedge\,0\leq\,y\leq\,x\,\wedge\,x-y\leq\,z\leq\,x+y\} $",Basic,$\dfrac{27}{2}$,$\dfrac{1}{2}$,$\dfrac{27}{4}$,$\dfrac{1}{27}$,,,2022-07-29 12:41:42+00,1,2022-08-01 04:11:32+00,38,2,3,1
1307,2943,"",5,45,"Evaluate $\displaystyle \iiint\limits_E \operatorname{e}^{\frac{z}{y}}\,dV$ where $\displaystyle E=\{(x,y,z)\in\mathbb{R}^3:\, 1\leq\,y\leq\,2\,\wedge\,y\leq\,x\leq\,1\,\wedge\,0\leq\,z\leq\,xy\} $",Basic,$\dfrac{3\operatorname{e}}{2}+\dfrac{5}{6}-\displaystyle\operatorname{e}^2$,$\dfrac{3\operatorname{e}}{2}$,$\dfrac{3\operatorname{e}}{2}-\dfrac{5}{6}$,$\displaystyle-\operatorname{e}^2+\dfrac{5}{6}$,,,2022-07-29 12:48:57+00,1,2022-08-05 03:32:01+00,38,1,2,1
1308,2943,"",5,45,"Evaluate $\displaystyle\iiint\limits_E \dfrac{z}{x^2+z^2}\,dV$ where $\displaystyle E=\{(x,y,z)\in\mathbb{R}^3:\, 1\leq\,y\leq\,4\,\wedge\,y\leq\,z\leq\,4\,\wedge\,0\leq\,x\leq\,z\} $
",Basic,$\dfrac{9\pi}{8}$,$\dfrac{9\pi}{4}$,$\dfrac{3\pi}{8}$,$\dfrac{3\pi}{4}$,,,2022-07-29 12:56:09+00,1,2022-08-05 03:38:41+00,38,4,4,1
1309,2943,"",5,45,"Evaluate $\displaystyle\iiint\limits_E \sin(y)\,dV$ where E lies between $\displaystyle z=x$ and the triangular region with vertices $\displaystyle (0,0,0)\,$, $\displaystyle (\pi,0,0)\,$ and $\displaystyle (0,\pi,0)$",Basic,$\dfrac{\pi^2}{2}-2$,$\dfrac{\pi^2}{3}-1$,$\dfrac{\pi^2}{3}-2$,$\dfrac{\pi^2}{3}-3$,,,2022-07-29 13:18:16+00,1,2022-08-05 03:39:08+00,38,4,4,1
1310,2943,"",5,45,"Evaluate $\displaystyle \iiint\limits_E xy\,dV$ where E is bounded by $\displaystyle y=x^2\,$, $\displaystyle x=y^2\,$, $\displaystyle z=0\,$ and $\displaystyle z=x+y$",Advanced,$\dfrac{3}{28}$,$1$,$\dfrac{3}{18}$,$3$,,,2022-07-29 13:30:19+00,1,2022-08-05 03:36:50+00,38,5,5,1
1311,2943,"",5,45,"Evaluate $\displaystyle \iiint\limits_E xyz\,dV$ where E is the solid tetrahedron with vertices $\displaystyle (0,0,0)\,$, $\displaystyle (1,0,0)\,$, $\displaystyle (1,1,0)\,$ and $\displaystyle (1,0,1)$",Basic,$\dfrac{1}{144}$,$\dfrac{1}{12}$,$\dfrac{5}{144}$,$\dfrac{5}{12}$,,,2022-07-29 13:40:47+00,1,2022-08-05 03:39:21+00,38,2,3,1
1312,2943,"",5,45,"Evaluate $\displaystyle \iiint\limits_E z\,dV$ where E is the region bounded by $\displaystyle y^2+z^2=9\,$, $\displaystyle x=0\,$, $\displaystyle y=3x\,$ and $\displaystyle z=0\,$, in the first octant.",Basic,$\dfrac{27}{8}$,$\dfrac{27}{4}$,$\dfrac{27}{2}$,$\dfrac{27}{6}$,,,2022-07-29 13:47:53+00,1,2022-08-05 03:49:10+00,38,3,1,1
1313,2943,"",5,45,"Use a triple integral to determine the volume bounded by $\displaystyle y=x^2+z^2\,$ and $\displaystyle y=8-x^2-z^2\,$ ",Basic,$16\pi$,$8\pi$,$\pi$,$6\pi$,,,2022-07-29 13:55:23+00,1,2022-08-05 03:36:28+00,38,3,1,1
1314,2943,"",5,45,"Use a triple integral to determine the volume of the solid bounded by $\displaystyle y=x^2\,$, $\displaystyle z=0\,$ and $\displaystyle y+z=1$",Basic,$\dfrac{8}{15}$,$\dfrac{8}{5}$,$\dfrac{16}{15}$,$\dfrac{16}{5}$,,,2022-08-01 03:03:30+00,1,2022-08-05 03:47:55+00,38,3,1,1
1315,2943,"",5,45,"Use a triple integral to determine the volume of the solid bounded by $\displaystyle x^2+z^2=4\,$, $\displaystyle y=-1\,$ and $\displaystyle y+z=4\,$",Basic,$20\pi$,$10\pi$,$5\pi$,$\pi$,,,2022-08-01 03:13:20+00,1,2022-08-05 03:48:33+00,38,4,4,1
1316,2943,"",5,45,"Evaluate $\displaystyle \iiint\limits_E \sqrt{x^2+y^2}\,dV$ where E is the region bounded by $\displaystyle x^2+y^2=16\,$, $\displaystyle z=-5\,$ and $\displaystyle z=4$",Basic,$384\pi$,$100\pi$,$58\pi$,$152\pi$,,,2022-08-01 04:19:00+00,1,2022-08-05 03:48:48+00,38,3,1,1
1317,2943,"",5,45,"Evaluate $\displaystyle \iiint\limits_E z\,dV$ where E is the solid enclosed by $\displaystyle z=x^2+y^2\,$ and $\displaystyle z=4$",Basic,$\dfrac{64\pi}{3}$,$\dfrac{32\pi}{3}$,$\dfrac{128\pi}{3}$,$\dfrac{302\pi}{3}$,,,2022-08-01 04:24:57+00,1,2022-08-05 03:49:02+00,38,3,1,1
1318,2943,"",5,45,"Evaluate $\displaystyle\iiint\limits_E (x+z+y)\,dV$ where E is the solid from the first octant that lies under $\displaystyle z=4-x^2-y^2$",Basic,$\displaystyle \dfrac{8\pi}{3}+\dfrac{128}{15}$,$\displaystyle \dfrac{8\pi}{3}$,$\displaystyle\dfrac{128}{15}$,$\displaystyle \dfrac{\pi}{3}$,,,2022-08-01 04:35:47+00,1,2022-08-05 03:53:01+00,38,4,4,1
1319,2943,"",5,45,"Evaluate $\displaystyle\iiint\limits_E x\,dV$ where E is bounded by $\displaystyle z=0\,$, $\displaystyle z=x+y+5\,$, $\displaystyle x^2+y^2=4\,$ and $\displaystyle x^2+y^2=9\,$",Basic,$\dfrac{65\pi}{4}$,$\pi$,$4$,$\dfrac{4\pi}{65}$,,,2022-08-01 04:51:01+00,1,2022-08-05 03:50:00+00,38,5,5,1
1320,2943,"",5,45,"Evaluate $\displaystyle\iiint\limits_E x^2\,dV$ where E is the solid within $\displaystyle x^2+y^2=1\,$, above $\displaystyle z=0\,$ and bellow $\displaystyle z^2=4x^2+4y^2\,$",Basic,$\dfrac{2\pi}{5}$,$\dfrac{\pi}{5}$,$\dfrac{6\pi}{5}$,$\dfrac{12\pi}{5}$,,,2022-08-01 04:59:54+00,1,2022-08-05 03:52:02+00,38,5,5,1
1321,2943,"",5,45,"Use a triple integral to determine the volume of the solid that lies within both $\displaystyle x^2+y^2=1\,$ and $\displaystyle x^2+y^2+z^2=4$",Basic,$\dfrac{4\pi(8-\sqrt{27})}{3}$,$\dfrac{\pi(8-\sqrt{27})}{3}$,$\dfrac{4\pi(8-\sqrt{9})}{3}$,$\dfrac{4\pi(4-\sqrt{27})}{3}$,,,2022-08-01 05:08:04+00,1,2022-08-25 11:24:35+00,38,4,4,1
1322,2943,"",5,45,"Use a triple integral to determine the volume of the solid bounded by $\displaystyle z=\sqrt{x^2+y^2}\,$ and $\displaystyle x^2+y^2+z^2=2$",Basic,$\dfrac{4\pi(\sqrt{2}-1)}{3}$,$\dfrac{\pi(\sqrt{2}-1)}{3}$,$\dfrac{4\pi(\sqrt{2}-1)}{5}$,$\dfrac{4\pi(\sqrt{2}-2)}{5}$,,,2022-08-01 05:20:46+00,1,2022-08-07 03:54:50+00,38,5,5,1
1323,2943,"",5,45,"Use a triple integral to determine the volume of the solid bounded by $\displaystyle z=x^2+y^2\,$ and $\displaystyle x^2+y^2+z^2=2$",Advanced,$\dfrac{\pi(8\sqrt{2}-7)}{6}$,$\dfrac{\pi(5\sqrt{2}-5)}{6}$,$\dfrac{\pi(\sqrt{2}-7)}{6}$,$\dfrac{\pi(8\sqrt{2}-9)}{6}$,,,2022-08-01 05:25:42+00,1,2022-08-07 03:55:32+00,38,3,1,1
1324,2943,"",5,45,"Use a triple integral to determine the volume of the solid bounded by $\displaystyle z=x^2+y^2\,$ and $\displaystyle z=36-3x^3-3y^2$",Advanced,$162\pi$,$324\pi$,$81\pi$,$648\pi$,,,2022-08-01 05:33:26+00,1,2022-08-07 03:56:04+00,38,5,5,1
1325,2943,"",5,45,"Evaluate $\displaystyle \int_{-2}^2\int_{-\sqrt{4-y^2}}^{\sqrt{4-y^2}}\int_{\sqrt{x^2+y^2}}^2 xz\,dzdxdy$",Basic,$0$,$1$,$\pi$,$4\pi$,,,2022-08-01 05:40:47+00,1,2022-08-07 03:56:29+00,38,4,4,1
1326,2943,"",5,45,"Evaluate $\displaystyle \int_{-3}^3\int_0^{\sqrt{9-y^2}}\int_0^{9-x^2-y^2} \sqrt{x^2+y^2}\,dzdydx$",Basic,$\dfrac{162\pi}{5}$,$\dfrac{81\pi}{5}$,$\dfrac{\pi}{5}$,$\dfrac{324\pi}{5}$,,,2022-08-01 05:45:16+00,1,2022-08-25 11:25:02+00,38,3,1,1
1327,2943,"",5,45,"Evaluate $\displaystyle\iiint\limits_E (9-x^2-y^2)\,dV$ where E is the solid hemisphere $\displaystyle x^2+y^2+z^2\leq\,9\,$ with $\displaystyle z\geq\,0$",Basic,$\dfrac{486\pi}{5}$,$\dfrac{101\pi}{5}$,$\dfrac{486\pi}{7}$,$\dfrac{101\pi}{7}$,,,2022-08-01 08:37:20+00,1,2022-08-25 11:25:32+00,38,3,1,1
1328,2943,"",5,45,"Evaluate $\displaystyle \iiint\limits_E (x^2+y^2)\,dV$ where E is the solid bounded by $\displaystyle x^2+y^2+z^2=4\,$ and $\displaystyle x^2+y^2+z^2=9\,$",Advanced,$\dfrac{1688\pi}{15}$,$\dfrac{1688\pi}{5}$,$1688\pi$,$\dfrac{1688\pi}{115}$,,,2022-08-01 08:48:23+00,1,2022-08-25 11:27:22+00,38,4,4,1
1329,2943,"",5,45,"Evaluate $\displaystyle\iiint\limits_E y^2\,dV$ where $\displaystyle E=\{(x,y,z)\in\mathbb{R}^3:\, x^2+y^2+z^2\leq\,9\,\wedge\,y\geq\,0\} $",Basic,$\dfrac{162\pi}{5}$,$\dfrac{162\pi}{7}$,$16\pi$,$\dfrac{\pi}{7}$,,,2022-08-01 08:54:13+00,1,2022-08-25 11:27:44+00,38,3,1,1
1330,2943,"",5,45,"Evaluate $\displaystyle\iiint\limits_E (x\operatorname{e}^{x^2+y^2+z^2})\,dV$ where E is the solid constrained by $\displaystyle x^2+y^2+z^2=1,$ that lies in the first octant.",Basic,$\dfrac{\pi}{8}$,$\dfrac{7\pi}{8}$,$\dfrac{15\pi}{8}$,$\dfrac{3\pi}{8}$,,,2022-08-01 09:09:52+00,1,2022-08-25 11:28:10+00,38,4,4,1
1331,2943,"",5,45,"Evaluate $\displaystyle\iiint\limits_E xyz\,dV$ where E is the solid lies between the spheres $\displaystyle \rho=2\,$ and $\displaystyle \rho=4\,$ and above the cone $\displaystyle \phi=\dfrac{\pi}{3}\,$",Advanced,$0$,$\pi$,$-1$,$1$,,,2022-08-01 09:16:50+00,1,2022-08-25 11:28:53+00,38,5,5,1
1332,2943,"",5,45,"Use a triple integral to determine the volume defined by $\displaystyle \rho\leq\,a$ and $\displaystyle \frac{\pi}{3}\leq\,\phi\leq\,\frac{\pi}{6}$",Advanced,$\dfrac{a^3\pi(\sqrt3-1)}{3}$,$\dfrac{a\pi(\sqrt3-1)}{3}$,$\dfrac{a^2\pi(\sqrt3-1)}{3}$,$\dfrac{a^2(\sqrt3-1)}{3}$,,,2022-08-01 09:25:43+00,1,2022-08-25 11:33:47+00,38,4,4,1
1333,2943,"",5,45,"Use a triple integral to determine the volume of the solid that lies above $\displaystyle \phi=\frac{\pi}{3}\,$ and below $\displaystyle \rho=4\cos\phi$",Advanced,$10\pi$,$\pi$,$50\pi$,$5\pi$,,,2022-08-01 09:36:53+00,1,2022-08-25 11:37:05+00,38,5,5,1
1334,2943,"",5,45,"Use a triple integral to determine the volume of the solid that lies within $\displaystyle x^2+y^2+z^2= 4\,$, above the xy-plane and below $\displaystyle z=\sqrt{x^2+y^2}$.",Advanced,$\dfrac{8\pi\sqrt2}{3}$,$\dfrac{8\pi\sqrt3}{5}$,$\dfrac{4\pi\sqrt2}{3}$,$\dfrac{4\pi\sqrt2}{5}$,,,2022-08-01 09:43:44+00,1,2022-08-07 04:00:03+00,38,4,4,1
1335,2943,"",5,45,"Use a triple integral to determine the volume of the solid bounded by $\displaystyle z=\sqrt{x^2+y^2}\,$ and $\displaystyle x^2+y^2+z^2=1$",Advanced,$\dfrac{\pi(2-\sqrt2)}{3}$,$\dfrac{5\pi(2-\sqrt2)}{3}$,$\dfrac{\pi(2-\sqrt2)}{5}$,$\dfrac{3\pi(2-\sqrt2)}{5}$,,,2022-08-01 09:53:55+00,1,2022-08-07 04:00:35+00,38,4,4,1
1336,2943,"",5,45,"Evaluate $\displaystyle \int_0^1\int_0^{\sqrt{1-x^2}}\int_{\sqrt{x^2+y^2}}^{\sqrt{2-x^2-y^2}} xy\,dzdydx$",Basic,$\dfrac{4\sqrt2-5}{15}$,$\dfrac{2\sqrt2-5}{15}$,$\dfrac{4\sqrt2-5}{5}$,$\dfrac{2\sqrt2-5}{5}$,,,2022-08-01 09:59:55+00,1,2022-08-07 04:00:47+00,38,1,2,1
1337,2943,"",5,45,"Evaluate $\displaystyle \int_{-a}^a\int_{-\sqrt{a^2-y^2}}^{\sqrt{a^2-y^2}}\int_{-\sqrt{a^2-y^2-x^2}}^{\sqrt{a^2-y^2-x^2}}\,\,(x^2z+y^2z+z^3)\,dzdxdy$",Advanced,$0$,$\pi$,$1$,$2\pi$,,,2022-08-01 10:05:02+00,1,2022-08-25 11:30:46+00,38,4,4,1
1338,2943,"",5,45,"Evaluate $\displaystyle \int_{-2}^2\int_{-\sqrt{4-x^2}}^{\sqrt{4-x^2}}\int_{2-\sqrt{4-y^2-x^2}}^{2+\sqrt{4-y^2-x^2}}\,\,(x^2+y^2+z^2)^{\frac{3}{2}}\,dzdydx$",Basic,$\dfrac{4096\pi}{21}$,$\dfrac{2048\pi}{21}$,$\dfrac{4096\pi}{43}$,$\dfrac{2048\pi}{43}$,,,2022-08-01 10:08:45+00,1,2022-08-25 11:30:32+00,38,5,5,1
1339,2956,"",28,47,"There is a pattern in the following numbers that allows us to move from one of them to the next. Can you find it? 
$$1,\, 5,\, 9,\, 13,\, 17,\, 21,\, ...$$
After finding the pattern, try to write an expression in order to obtain any term in the given sequence.",Basic,"$a_n = 4n-3, \forall n \geq 1$","$a_n = 4n, \forall n \geq 1$","$a_n = 4n-3, \forall n \geq 0$","$a_n = 4n, \forall n \geq 0$",,,2022-08-08 08:16:36+00,1,2022-10-10 11:00:11+00,64,1,4,1
1340,2956,"",28,47,"There is a pattern in the following numbers that allows us to move from one of them to the next. Can you find it?
$$0,\, 1,\, 3,\, 6,\, 2,\, 7,\, 13,\, 20,\, 12,\, 21,\, 31,\, 42,\, 30,\, 42,\, 55,\, 69,\, 53,\, \dots$$
After finding the pattern, try to write an expression that allow us to obtain a term in the sequence given the previous one(s).",Advanced,"$a_n = \begin{cases}
0 & n = 0 \\
a_{n-1}-n & n \text{ is a non-zero multiple of } 4 \\
a_{n-1}+n & \text{ otherwise}
\end{cases}, \ \ \ \forall n \geq 0$","$a_n = \begin{cases}
            0 & n = 0 \\
            a_{n-1}-n & n \text{ is a multiple of } 4 \\
            a_{n-1}+n & \text{ otherwise}
            \end{cases}, \ \ \ \forall n \geq 0$","$a_n = \begin{cases}
            0 & n = 0 \\
            a_{n-1}+n & n \text{ is a non-zero multiple of } 4 \\
            a_{n-1}-n & \text{ otherwise}
            \end{cases}, \ \ \ \forall n \geq 0$","$a_n = \begin{cases}
            0 & n = 0 \\
            a_{n-1}+n & n \text{ is a multiple of } 4 \\
            a_{n-1}-n & \text{ otherwise}
            \end{cases}, \ \ \ \forall n \geq 0$",,,2022-08-08 08:21:31+00,1,2022-10-10 11:00:17+00,64,4,1,1
1341,2956,"",28,47,Determine a closed expression for the number of binary arrays of length n with $n \geq 1$.,Basic,"$a_n = 2^n, \forall n \geq 1$","$a_n = 2n, \forall n \geq 1$","$a_n = n+1, \forall n \geq 1$","$a_n = 3n-1, \forall n \geq 1$",,,2022-08-08 08:23:31+00,1,2022-10-10 11:00:24+00,64,3,3,1
1342,2956,"",28,47,"Solve the equation
$$9+14+19+24+ \dots + x = 1239$$
where $9,\, 14,\, 19,\, 24,\, \dots,\, x$ are consecutive terms of an arithmetic progression.",Basic,$x = 109$,$x = 21$,$x = 213$,$x = 93$,,,2022-08-08 08:24:53+00,1,2022-10-10 11:00:30+00,64,4,3,1
1343,2956,"",28,47,"Anna and Josh decided to pick apples from a tree for 10 days.

Anna decided to pick 5 apples on the first day and every day that passed she would pick 3 more apples than the day before.

Josh decided to pick 3 apples on the first day and every day that passed he would pick 4 more apples than the day before.

Was there a day when Anna and Josh picked the same number of apples? If yes, what days were they?",Basic,$3^{rd}$ day,$10^{th}$ day,$5^{th}$ day,They never picked the same number of apples.,,,2022-08-08 08:31:20+00,1,2022-10-10 11:00:37+00,64,2,4,1
1344,2956,"",28,47,"Consider the following matrix
$$\begin{pmatrix} 
a_{1_1} & a_{1_2} & a_{1_3} & a_{1_4} & a_{1_5} & a_{1_6} & \dots \\
a_{2_1} & a_{2_2} & a_{2_3} & a_{2_4} & a_{2_5} & a_{2_6} & \dots \\
a_{3_1} & a_{3_2} & a_{3_3} & a_{3_4} & a_{3_5} & a_{3_6} & \dots \\
a_{4_1} & a_{4_2} & a_{4_3} & a_{4_4} & a_{4_5} & a_{4_6} & \dots \\
\vdots & \vdots & \vdots & \vdots & \vdots & \vdots & \vdots
\end{pmatrix}$$
where $\forall i \geq 1, \ (a_{i_n})_{n \geq 1}$ is an arithmetic progression whose first term is $a_{i_1}$ and the common difference is $r_i$. 

Find an expression that gives the sum, S, of the elements of any square of dimension $d \times d$ inside the matrix that starts on the $i$-th row and $j$-th column.

(For example, if the square is like the one in the attached image, we want an expression that gives us $a_{2_3}+a_{2_4}+a_{2_5}+a_{3_3}+a_{3_4}+a_{3_5}+a_{4_3}+a_{4_4}+a_{4_5}$.)",Advanced,$S = \sum\limits_{m=i}^{i+d-1}\left(\sum\limits_{k=j-1}^{d+j-2} (a_{m_1}+kr_m)\right)$,$S = \sum\limits_{m=i}^{i+d}\left(\sum\limits_{k=j-1}^{d+j-1} (a_{m_1}+kr_m)\right)$,$S = \sum\limits_{m=i}^{i+d-1}\left(\sum\limits_{k=j}^{d+j-1} (a_{m_1}+kr_m)\right)$,$S = \sum\limits_{m=i}^{i+d-1}\left(\sum\limits_{k=j}^{d+j} (a_{m_1}+kr_m)\right)$,Square_In_Matrix.png,png,2022-08-08 08:33:51+00,1,2022-10-10 11:00:45+00,64,5,2,1
1345,2956,"",28,47,"Find the solution set of the following equation:
$$1 + \frac{2}{x^2} + \frac{4}{x^4} + \frac{8}{x^6} + \frac{16}{x^8} + \dots = -2x$$",Advanced,"$\Big\{-\frac{1}{4}-\frac{\sqrt{33}}{4},\,
            -\frac{1}{4}+\frac{\sqrt{33}}{4} \Big\}$","$\Big\{ 0,\, -\frac{1}{4}-\frac{\sqrt{33}}{4},\,
            -\frac{1}{4}+\frac{\sqrt{33}}{4} \Big\}$","$\Big\{-\frac{3}{4}-\frac{\sqrt{23}}{4},\,
            -\frac{3}{4}+\frac{\sqrt{23}}{4} \Big\}$","$\Big\{0,\, -\frac{3}{4}-\frac{\sqrt{23}}{4},\,
            -\frac{3}{4}+\frac{\sqrt{23}}{4} \Big\}$",,,2022-08-08 08:37:12+00,1,2022-10-10 11:00:52+00,64,5,2,1
1346,2956,"",28,47,"If $a,\,b$ and $c$ are consecutive elements of an arithmetic progression and $x,\,y$ and $z$ are consecutive elements of a geometric progression, find the value of 
$$x^{b-c} \cdot y^{c-a} \cdot z^{a-b}$$",Basic,$1$,$0$,$x^{2a}$,$(3x)^{3a}$,,,2022-08-08 08:41:38+00,1,2022-10-10 11:00:59+00,64,4,1,1
1347,2956,"",28,47,"Solve the following recurrence equation
$$a_{n+3} = 4a_{n+2}-5a_{n+1}+2a_n$$ for $n \geq 0$ with initial conditions $a_0 = 2,\, a_1 = 2$ and $a_2 = 3$.",Basic,"$a_n = -2+2n+2^{2-n}, \forall n \geq 0$","$a_n = 2^n+1-n, \forall n \geq 0$","$a_n = 2^{n+1}-n, \forall n \geq 0$","$a_n = 2^{n-2}-\frac{9}{4}, \forall n \geq 0$",,,2022-08-08 08:43:41+00,1,2022-10-10 11:01:07+00,64,5,2,1
1348,2956,"",28,47,"A lake has 780 frogs. In the absence of predators, the frog population grows by 15% each month. However, if there are predators, 90 frogs are lost each month.

Give a recurrence relation for the population of frogs after n months, admitting the existence of  predators.
(consider ⌊⌋, the floor function).",Basic,"$a_n=\lfloor 1.15a_{n-1}-90 \rfloor, \ \ \forall n \geq 1$","$a_n=1.15a_{n-1}-90, \ \ \forall n \geq 1$","$a_n=\lfloor 0.15a_{n-1}-90 \rfloor, \ \ \forall n \geq 1$","$a_n=0.15a_{n-1}-90, \ \ \forall n \geq 1$",,,2022-08-08 08:49:15+00,1,2022-10-10 11:01:13+00,64,3,3,1
1349,2956,"",28,47,"John wants to make a term deposit of $\$1000$.

Bank $A$ offers a quarterly interest rate of $1.5\%$, while Bank $B$ offers an annual interest rate of $6.9\%$, both on a compound basis. 

If John wants to keep the deposit for exactly 1 year, he must choose:",Basic,Either bank because the difference is less than $\$1$.,Bank $A$ because the profit difference is greater than $\$10$.,Bank $B$ because the profit difference is greater than $\$10$.,Either bank because there is no difference.,,,2022-08-08 08:52:06+00,1,2022-10-10 11:01:20+00,64,3,3,1
1350,2956,"",28,47,"Given a number $n \geq 1$, it can be represented as the following array of length $n$:
$$n = (1,\, 1,\, 1,\, 1,\, \dots,\, 1)$$
Suppose we are playing a game in which at each step we can advance one entry or two entries of the array. This leads us to a way of representing $n$ as a sum of natural numbers.

As an example, consider $n=5$ and the steps $1,\, 2,\, 2$. Then we get

$5 = (1 $ $\color{red} |$ $ 1 + 1 $ $\color{red} | $ $ 1 + 1)$, this is, $5 = 1 + 2 + 2$.

Note we are considering that, for example, $5 = 1+2+2$ is different from $5 = 2+1+2$.

Find the number of ways of doing this division.",Advanced,"$a_n = \frac{5-\sqrt{5}}{10} \cdot \left( \frac{1-\sqrt{5}}{2}
            \right)^n + \frac{5+\sqrt{5}}{10} \cdot \left( \frac{1+\sqrt{5}}{2} \right)^n, \forall n \geq 1$","$a_n = \frac{3-\sqrt{5}}{5} \cdot \left( \frac{1-\sqrt{5}}{2}
            \right)^n + \frac{3+\sqrt{5}}{5} \cdot \left( \frac{1+\sqrt{5}}{2} \right)^n, \forall n \geq 1$","$a_n = \frac{2-\sqrt{5}}{5} \cdot \left( \frac{1-\sqrt{5}}{2}
            \right)^n + \frac{2+\sqrt{5}}{5} \cdot \left( \frac{1+\sqrt{5}}{2} \right)^n, \forall n \geq 1$","$a_n = \frac{2-\sqrt{5}}{10} \cdot \left( \frac{1-\sqrt{5}}{2}
            \right)^n + \frac{2+\sqrt{5}}{10} \cdot \left( \frac{1+\sqrt{5}}{2} \right)^n, \forall n \geq 1$",,,2022-08-08 08:57:10+00,1,2022-10-10 11:01:27+00,64,5,2,1
1351,2956,"",28,47,"$\forall n \geq 1$, let $a_n$ be the number of binary arrays of length $n$ with no consecutive 1's. Find a closed expression for $a_n$.",Advanced,"$a_n = \frac{5-3\sqrt{5}}{10} \cdot \left( \frac{1-\sqrt{5}}{2}
            \right)^n + \frac{5+3\sqrt{5}}{10} \cdot \left( \frac{1+\sqrt{5}}{2} \right)^n, \forall n \geq 1$","$a_n = \frac{5+3\sqrt{5}}{10} \cdot \left( \frac{1-\sqrt{5}}{2}
            \right)^n + \frac{5-3\sqrt{5}}{10} \cdot \left( \frac{1+\sqrt{5}}{2} \right)^n, \forall n \geq 1$","$a_n = \frac{3-2\sqrt{5}}{5} \cdot \left( \frac{1-\sqrt{5}}{2}
            \right)^n + \frac{3+2\sqrt{5}}{5} \cdot \left( \frac{1+\sqrt{5}}{2} \right)^n, \forall n \geq 1$","$a_n = \frac{3+2\sqrt{5}}{5} \cdot \left( \frac{1-\sqrt{5}}{2}
            \right)^n + \frac{3-2\sqrt{5}}{5} \cdot \left( \frac{1+\sqrt{5}}{2} \right)^n, \forall n \geq 1$",,,2022-08-08 13:15:04+00,1,2022-10-10 11:01:34+00,64,5,2,1
1352,2956,"",28,47,"Two men, James and Robert, are sitting on a bench in a garden. They decide to play a game:

- For every woman that passes, James has to give $\$1$ to Robert.
- For every man that passes, Robert has to give $\$1$ to James.

The game is over when one of the men has no money and at the beginning of the game James has $\$20$ and Robert has $\$30$.

Assuming that it is equally likely to pass a man or a woman, find the probability of James winning the game.",Advanced,$\frac{2}{5}$,$\frac{3}{5}$,$\frac{2}{3}$,$\frac{1}{3}$,,,2022-08-08 13:18:08+00,1,2022-10-10 11:01:40+00,64,4,1,1
1353,2956,"",28,47,"Consider the iterative process of building the Koch snowflake (see the attached image).

Find a general solution for the number of sides of each figure.",Advanced,"$a_n = 3 \times 4^{n-1}, \ \forall n \geq 1$","$a_n = 3 \times 4^n, \ \forall n \geq 1$","$a_n = 3 \times 4^{n-1}, \ \forall n \geq 0$","$a_n = 3 \times 4^n, \ \forall n \geq 2$",Koch_Snowflake.png,png,2022-08-08 13:20:34+00,1,2022-10-10 11:01:46+00,64,4,1,1
1354,2956,"",28,47,"Determine if $a_n$ converges or diverges, where $a_n$ satisfies the recurrence relation of the Hanoi Towers's game
$$a_n = 2a_{n-1}+1, \forall n \geq 1$$
If it converges, find its limit. ",Advanced,Diverges.,Converges to $0$.,Converges to $1$.,Converges to $\frac{1}{2}$.,Hanoi_Tower.jpg,jpg,2022-08-08 13:22:10+00,1,2022-10-10 11:01:54+00,64,5,2,1
1356,2956,"",28,47,"Find the general solution of the recurrence equation
$$a_{n} = 2a_{n-1}-a_{n-2}+2^n, \forall n \geq 3$$
with initial condition $a_1 = 0$ and $a_2 = 1$.",Basic,"$a_n = -1-7n+2^{n+2}, \forall n \geq 1$","$a_n = -1-7n+2^{n+2}, \forall n \geq 0$","$a_n = n-1, \forall n \geq 1$","$a_n = n-1, \forall n \geq 0$",,,2022-08-08 13:23:38+00,1,2022-10-10 11:02:01+00,64,5,2,1
1357,2956,"",28,47,"For $n \geq 1$, consider a sequence of $n$ implications
$$A_1 \overset{1st}{\Rightarrow} A_2 \overset{2nd}{\Rightarrow} A_3 \overset{3rd}{\Rightarrow} A_4 \overset{4th}{\Rightarrow} \dots \overset{nth}{\Rightarrow} A_{n+1}$$
Find a recurrence relation for the number of ways the above sequence is True. ",Advanced,"$a_n = 2^{n+1}-a_{n-1}, \forall n \geq 1$","$a_n = 2^{n-1}-a_{n-1}+1, \forall n \geq 1$","$a_n = 2^{n-1}-a_{n-1}-1, \forall n \geq 1$","$a_n = a_{n-1}+2, \forall n \geq 1$",,,2022-08-08 13:24:59+00,1,2022-10-10 11:02:07+00,64,5,2,1
1358,2956,"",28,47,"Use the method of generating functions to solve the recurrence equation 
$$a_n = 4a_{n-1}-4a_{n-2}, \forall n \geq 2$$
with initial conditions $a_0 = 1$ and $a_1 = -4$.",Advanced,"$a_n=2^n \cdot (1-3n), \forall n \geq 0$","$a_n=2^n-2n-(-\sqrt{2})^2, \forall n \geq 0$","$a_n=2^n \cdot (1-3n), \forall n \geq 2$","$a_n=2^n-2n-(-\sqrt{2})^2, \forall n \geq 2$",,,2022-08-08 13:26:43+00,1,2022-10-10 11:02:14+00,64,5,2,1
1359,2956,"",28,47,"Use the method of generating functions to solve the recurrence equation 
$$a_n = 2a_{n-1}, \forall n \geq 1$$",Basic,"$a_n = 2^na_0, \forall n \geq 0$","$a_n = 2^na_0, \forall n \geq 1$","$a_n = 2^n, \forall n \geq 0$","$a_n = 2^n, \forall n \geq 1$",,,2022-08-08 13:27:57+00,1,2022-10-10 11:02:20+00,64,5,2,1
1367,2943,"",5,45,"Use a triple integral to determine the volume of the solid bounded by $z\displaystyle =0\,$ and $\displaystyle z=9-(x^2+y^2)$.",Basic,$\dfrac{81\pi}{2}$,$\dfrac{51\pi}{2}$,$\dfrac{91\pi}{2}$,$\dfrac{31\pi}{2}$,,,2022-09-05 09:23:51+00,1,2022-09-05 09:49:43+00,38,2,3,1
1368,2943,"",5,45,"Evaluate $\displaystyle \iiint\limits_E (x+y-4z)\,dV$ where $\displaystyle E=\{(x,y,z)\in\mathbb{R}^3:\, -2\leq\,y\leq\,0\,\wedge\,0\leq\,x\leq\,y\,\wedge\,0\leq\,z\leq\,x+y^2\} $",Basic,$\dfrac{262}{15}$,$\dfrac{101}{15}$,$\dfrac{262}{5}$,$\dfrac{101}{5}$,,,2022-09-05 09:27:29+00,1,2022-09-05 09:49:48+00,38,2,3,1
1369,2943,"",5,45,Determine the volume inside of the cone $\phi=\dfrac{\pi}{3}$ and inside the sphere $\rho=6$.,Basic,$72\pi$,$50\pi$,$25\pi$,$12\pi$,,,2022-09-05 09:30:23+00,1,2022-09-05 09:49:51+00,38,3,1,1
1370,2943,"",5,45,"Evaluate $\displaystyle \iiint\limits_E (2y+z)\,dV$ where E is bounded by $\displaystyle z=x^2+y^2\,$, $\displaystyle z=1\,$ and $\displaystyle z=4$.",Basic,$15\pi\sqrt2$,$15\pi$,$\sqrt2$,$15\sqrt3$,,,2022-09-05 09:33:12+00,1,2022-09-05 09:49:56+00,38,3,1,1
1371,2943,"",5,45,"Evaluate $\displaystyle \iiint\limits_E \operatorname{e}^z\,dV$ where E is enclosed by $\displaystyle z=3+x^2+y^2\,$, $\displaystyle x^2+y^2=2\,$ and the xy-plane.",Basic,$\displaystyle \pi(\operatorname{e}^5-\operatorname{e}^3-2)$,$\displaystyle (\operatorname{e}^5-\operatorname{e}^3-2)$,$\displaystyle \pi(\operatorname{e}^5-\operatorname{e}^4-3)$,$\displaystyle(\operatorname{e}^4-\operatorname{e}^3-2)$,,,2022-09-05 09:39:03+00,1,2022-09-05 09:50:01+00,38,2,3,1
1372,2943,"",5,45,"Determine the volume outside $\displaystyle x^2+y^2+z^2=1\,$ and inside $\displaystyle x^2+y^2+z^2=4$.",Basic,$\dfrac{28\pi}{3}$,$\dfrac{14\pi}{3}$,$\dfrac{10\pi}{3}$,$\dfrac{32\pi}{3}$,,,2022-09-05 09:41:39+00,1,2022-09-05 09:50:05+00,38,3,1,1
1373,2943,"",5,45,"Evaluate $\displaystyle \iiint\limits_E 1\,dV$ where E is bouned by $\displaystyle z=0\,$, $\displaystyle x^2+y^2=1\,$, $\displaystyle x^2+y^2=4\,$ and $\displaystyle z=4-(x^2+y^2)$.",Basic,$\dfrac{9\pi}{2}$,$\dfrac{\pi}{2}$,$\dfrac{21\pi}{2}$,$\dfrac{17\pi}{2}$,,,2022-09-05 09:45:39+00,1,2022-09-05 09:50:13+00,38,3,1,1
1374,64,"",28,46,"Given $A = \left\{ x \colon x = 2x + 3, x \leq 3, x \in \mathbb{N} \right\} $ and $B = \left\{ x \colon x = 2x - 1, x \leq 5, x \in \mathbb{N} \right\} $, find $\left( A \cup B \right) - \left( A \cap B \right)$.",Advanced,"$ \left\{ x \colon x = 2x + 1, x \leq 4, x \in \mathbb Z^+_0 \right\} $","$ \left\{ x \colon x = 2x + 1, x \leq 4, x \in \mathbb{N} \right\} $","$ \left\{ x \colon x = 2x + 3, x \leq 4, x \in \mathbb Z^+_0 \right\} $","$ \left\{ x \colon x = 2x + 3, x \leq 4, x \in \mathbb{N} \right\} $",,,2022-09-08 05:57:56+00,1,2022-11-07 09:30:22+00,64,2,1,1
1375,64,"",28,46,If $\mathbb{U}$ is the set of natural numbers from $1$ to $10$. What is $\mathbb{U} \times \emptyset ?$,Basic,$\emptyset$,$\left\{\emptyset\right\}$,"$\left\{\left( 1,2\right), \left( 3,4\right),\left( 5,6\right),\left( 7,8\right),\left(9,10\right)\right\}$","$\left\{\left( 1,2\right), \left( 2,3\right),\left( 3,4\right),\left( 4,5\right),\left(5,6\right),\left( 6,7\right),\left( 7,8\right),\left(8,9\right),\left(9,10\right) \right\}$",,,2022-09-08 06:00:37+00,1,2022-11-07 09:31:09+00,64,5,3,1
1376,64,"",28,46,"Given $ U = \left\{1,2,3,4, \dots ,20\right\}, A = \left\{ x \colon 5 < x \leq 10  \right\}, B = \left\{ x \colon 8 \leq x \leq 15  \right\}$ and $C = \left\{ x \colon 1 \leq x \leq 5  \right\} $, find $\left( A \cap B \cap C \right) \cup C .$",Basic,"$\left\{ 1,2,3,4,5 \right\}$",$\emptyset$,"$\left\{ 8,9,10 \right\}$","$\left\{ 1,2,3,4,5, \dots , 20 \right\}$",,,2022-09-08 06:02:24+00,1,2022-11-07 09:31:29+00,64,1,4,1
1377,64,"",28,46,"If  $A$ is the set of even numbers and $B$ is the set of odd numbers in the universe $ U = \left\{1,2,3,4, \dots ,10\right\}$, find $ \overline{A \cup B}$.",Basic,$\emptyset$,"$\left\{1,2,3,4, \dots ,10\right\}$","$\left\{ 1,3,5,7,9 \right\}$","$\left\{ 2,4,6,8,10\right\}$",,,2022-09-08 06:03:49+00,1,2022-11-07 09:31:54+00,64,2,4,1
1378,64,"",28,46,"Let $A = \left\{a,b,c\right\}$. What is the power set of $A$?",Basic,"$\left\{ \left\{ a \right\} , \left\{ b \right\} , \left\{ c \right\}, \left\{  \right\}, \left\{ a,b,c \right\}, \left\{ a,b \right\} , \left\{ b,c \right\} , \left\{ a,c \right\} \right\}$","$\left\{ \left\{ a \right\} , \left\{ b \right\} , \left\{ c \right\}, \left\{  \right\}, \left\{ a,b,c \right\} \right\}$"," $\left\{ \left\{ a \right\} , \left\{ b \right\} , \left\{ c \right\}, \left\{ a,b \right\} , \left\{ b,c \right\} , \left\{ a,c \right\} \right\}$","$\left\{ a \right\} , \left\{ b \right\} , \left\{ c \right\}, \left\{  \right\}, \left\{ a,b,c \right\}, \left\{ a,b \right\} , \left\{ b,c \right\} , \left\{ a,c \right\}$",,,2022-09-08 06:40:45+00,1,2022-11-07 09:32:04+00,64,4,3,1
1379,64,"",28,46,"Let $ A = \left\{\emptyset , \tau , \left\{ \emptyset \right\} \right\}$. What is the power set of $A$?",Advanced,"$\left\{ \left\{ \emptyset \right\} , \left\{ \tau \right\} , \left\{ \left\{ \emptyset \right\} \right\}, \left\{  \right\}, \left\{\emptyset , \tau , \left\{ \emptyset \right\} \right\}, \left\{ \emptyset,\tau \right\} , \left\{ \emptyset,\left\{ \emptyset \right\} \right\} , \left\{ \tau,\left\{ \emptyset \right\} \right\} \right\}$","$\left\{ \left\{ \emptyset \right\} , \left\{ \tau \right\} , \left\{  \right\}, \left\{ \emptyset,\tau \right\} \right\}$","$\left\{ \left\{ \emptyset \right\} , \left\{ \tau \right\} , \left\{ \emptyset \right\}, \left\{  \right\}, \left\{\emptyset , \tau ,\emptyset \right\}, \left\{ \emptyset,\tau \right\} , \left\{ \emptyset, \emptyset \right\} , \left\{ \tau, \emptyset  \right\} \right\}$"," $ \left\{ \emptyset \right\} , \left\{ \tau \right\} , \left\{ \left\{ \emptyset \right\} \right\}, \left\{  \right\}, \left\{\emptyset , \tau , \left\{ \emptyset \right\} \right\}, \left\{ \emptyset,\tau \right\} , \left\{ \emptyset,\left\{ \emptyset \right\} \right\} , \left\{ \tau,\left\{ \emptyset \right\} \right\}$",,,2022-09-08 06:42:08+00,1,2022-11-07 09:32:16+00,64,5,3,1
1380,64,"",28,46,"In a class of $40$ students, every student attends at least one subject among Physics, Algebra and Calculus. $18$ attend Physics lectures, $20$ attend Algebra and $27$ attend Calculus lectures. Furthermore, $7$ attend Physics and Calculus, $12$ attend Calculus and Algebra and $4$ attend all three lectures. Find the number of students attend both Physics and Algebra lectures but not Calculus.",Basic,$6$,$10$,$7$,$4$,,,2022-09-08 06:43:13+00,1,2022-11-07 09:32:34+00,64,4,2,1
1381,64,"",28,46,"If $A$ and $B$ are two sets such that $A \subseteq B,$ when does $A \in \mathcal{P} \left( B \right)?$",Basic,Always.,Never., Only if $A$ is empty., When both $A$ and $B$ are singleton sets.,,,2022-09-08 06:44:30+00,1,2022-11-07 09:32:47+00,64,5,3,1
1382,64,"",28,46,In which of the following cases are the conditions $ A \subseteq B$ and $A \in B$ simultaneously true?,Basic,"$A = \left\{ a,b,c \right\}$ and $ B = \left\{\left\{ a,b,c \right\}, a, b, c, d, e \right\}$","$A = \left\{ a,b,c \right\}$ and $ B = \left\{\left\{ a,b,c \right\}, d,e,f \right\}$","$A = \left\{ 1,2 \right\}$ and $ B = \left\{\left\{ 1,2,3,4 \right\} \right\}$","$A = \left\{ a,b,c \right\}$ and $ B = \left\{a, b, c, d, e \right\}$",,,2022-09-08 06:45:59+00,1,2022-11-07 09:32:56+00,64,3,2,1
1383,64,"",28,46," Which of the following sets is a superset of $A = \left\{ a,b,c \right\}$ and a subset of $B = \left\{ a,b,c,d,e,f \right\}?$",Basic,"$\left\{ a,b,c \right\}$","$\left\{ \left\{a,b,c,d  \right\}, e ,f\right\}$"," $\left\{ a,c,d,e,f \right\}$",Such set doesn't exist.,,,2022-09-08 06:47:14+00,1,2022-11-07 09:35:30+00,64,2,1,1
1384,64,"",28,46,"If $A $ and $B$ are two non empty sets, when is $A\times B = B \times A?$",Basic,When $A = B$.,Always.,Never.,When $A \subset B$.,,,2022-09-08 07:21:28+00,1,2022-11-07 09:35:35+00,64,4,2,1
1385,64,"",28,46,"Let $A =\left\{ \emptyset, \tau \right\} $ and $B =\left\{ a, b,c, d \right\}$. How many elements can $\left( A \times B \right) ^ 3$ have $?$",Basic,$512$,$24$,$64$,$1024$,,,2022-09-08 07:22:39+00,1,2022-11-07 09:35:40+00,64,5,3,1
1386,64,"",28,46,"Let $A = \left\{ a,b,c \right\}$ and $B = \left\{ 1,2 \right\}$. What is $A \times B ?$",Basic,"$\left\{ \left( a,1 \right), \left( a,2 \right), \left( b,1 \right), \left( b,2 \right), \left( c,1 \right), \left( c,2 \right)   \right\}$","$\left\{ \left( 1,a \right), \left( 1,b \right), \left( 1,c \right), \left( 2,a \right), \left( 2,b \right), \left( 2,c \right)   \right\}$ ","$\left\{ \left( a,b \right), \left( a,c \right), \left( b,c \right), \left( 1,2 \right)   \right\}$","$\left\{ \left( a,1 \right), \left( a,2 \right), \left( b,1 \right), \left( b,2 \right), \left( c,1 \right), \left( c,2 \right), \left( a,b \right), \left( a,c \right), \left( b,c \right), \left( 1,2 \right) \right\}$",,,2022-09-08 07:24:04+00,1,2022-11-07 09:35:45+00,64,1,4,1
1387,64,"",28,46,When is a relation $R$ of a set $A$ antisymmetric?,Basic,"When $(a,b) \in R$ and $(b,a) \in R,$ implies $a=b$.","When there exist $x,y \in A$ such that $(x,y) \in R$ and $(y,x) \in R$ but $x \neq y$.","When in Relation $R$ of set $A$, $a=b$ implies $(a,b) \in R$ and $(b,a) \in R$.","When $(a,b)\in R$ but $(b,a) \notin R$.",,,2022-09-08 07:25:54+00,1,2022-11-07 09:35:50+00,64,3,1,1
1388,64,"",28,46,"If $A$ is a set such that $|A|=6$, what is $|\mathcal{P}(A)|?$",Basic,$64$,$32$,$12$,$10$,,,2022-09-08 07:27:13+00,1,2022-11-07 09:35:54+00,64,4,2,1
1391,64,"",28,46,"If $A$ is a set of odd numbers from 10 to 100 and $B$ is set of prime numbers from 10 to 100, what would be $A \cup B$ be?",Basic,Set of odd numbers from 10 to 100.,Set of prime numbers from 10 to 100.,Set of all natural numbers from 10 to 100.,Set of all multiples of 3 from 10 to 100.,,,2022-09-08 07:32:16+00,1,2022-11-07 09:36:09+00,64,3,2,1
1392,64,"",28,46,"If $| \overline{X} \cap Y | = 7 , | X \cap \overline{Y} |=8$ and $| X \cap Y |=5$, what is $| X \cup Y |?$",Basic,$20$,$10$,$25$,$15$,,,2022-09-08 07:33:23+00,1,2022-11-07 09:36:14+00,64,5,3,1
1393,64,"",28,46,"When set $A$ contains only few but not all elements of $B$, then set $A$ is a/an $\rule{3cm}{0.18mm}$ of set $B$.",Basic,proper subset,improper subset,proper superset,improper superset,,,2022-09-09 10:17:32+00,1,2022-11-07 09:36:20+00,64,4,2,1
1394,64,"",28,46,"Knowing $X = \left\{ \{a,b,c\}, \{a\}, \{b,c\} , d,e,f  \right\}$, which of the following statements is true?",Basic,"$ \left\{ a,b,c \right\} \in X$.","$ \left\{ a,b,c \right\} \subseteq X$.","$ \left\{ \{a\}, d,e \right\} \in X $.","$ \left\{ \{a\},\{a,b,c\} \right\} \nsubseteq X $.",,,2022-09-09 10:18:39+00,1,2022-11-07 09:36:25+00,64,3,1,1
1395,64,"",28,46,"If $A = \left\{1,2,3 \right\},$ which of the following relations in $A$ is reflexive but not transitive?",Basic,"$ R = \left\{\left(1,1\right), \left(2,2\right), \left(3,3\right), \left(1,3\right), \left(3,2\right) \right\} $","$ R = \left\{\left(1, 1\right), \left(2,2\right), \left(1,2\right), \left(1,3\right), \left(3,2\right) \right\} $","$ R = \left\{\left(1,1\right), \left(2,2\right), \left(3,3\right), \left(1,3\right) \right\}$","$ R = \left\{\left(1,1\right), \left(2,2\right), \left(3,3\right) \right\}$",,,2022-09-09 10:19:58+00,1,2022-11-07 09:36:29+00,64,5,3,1
1396,64,"",28,46,"Knowing that $|U| = 40$, $|\overline{A}| = 20$, $|\overline{B}| = 25$ and $|A \cap B| = 10$, find $|A - B|$ and $|B - A|$.",Advanced,$|A - B| = 10$ and $|B - A| = 5$,$|B - A| = 10$ and $|A - B| = 5$,$|A - B| = 15$ and $|B - A| = 20$,$|B - A| = 10$ and $|A - B| = 15$,,,2022-09-09 10:21:15+00,1,2022-11-07 09:36:34+00,64,5,3,1
1397,64,"",28,46,"If $A$ is a set formed by alphabetic letters of the word ""ENGINEERING"" and set $B$ is formed by alphabetic letters of ""MATHEMATICS"", find $A \cap B$.",Basic,"$\left\{ I, E \right\}$","$\left\{ I, E , E , E \right\}$",$\emptyset$, $\left\{ E\right\}$,,,2022-09-09 10:24:10+00,1,2022-11-07 09:36:41+00,64,2,4,1
1399,64,"",28,46,"Consider the relation $R = \left\{ (a,b) : (a^2 + 2ab + b^2) \in \mathbb Z^+_0  \right\}$ defined on a subset of $\mathbb{Z} \times \mathbb{Z}$. Here, $R$ is $\rule{3cm}{0.18mm}$.",Advanced,"Reflexive, symmetric and transitive.","Reflexive, symmetric and not transitive.",Only reflexive.,"Symmetric, transitive and not reflexive.",,,2022-09-09 10:27:07+00,1,2022-11-07 09:36:51+00,64,5,3,1
1400,64,"",28,46,"Consider $\mathbb{U} = \left\{ 1,2,3,4,5,6,7,8,9,10  \right\}$, $ A = \left\{ 2,3,5,7 \right\} $, $ B = \left\{ 2,4,6,8,10 \right\} $ and  $ C = \left\{ 1,3,5,7,9 \right\} $. Which of the following is true?",Basic,$(B \cup \overline{A} ) - C = B$,$(B - A ) = (A \cup B) - C$,$( \overline{A \cup B} ) = (C-A) \cap B$,$(\overline{A} - B ) = (\overline{B} - A ) \cup B$,,,2022-09-09 10:28:31+00,1,2022-11-07 09:36:56+00,64,3,1,1
1401,64,"",28,46,"Determine $\mathcal{P} \left( \left\{ a, b \right\} \right) \times \left\{ c,d \right\}$.",Advanced,"$\left\{ (\{a\},c), (\{a\},d), (\{b\},c), (\{b\},d), (\{a,b\},c), (\{a,b\},d), (\emptyset, c), (\emptyset, d) \right\}$","$\left\{ (\{a\},c), (\{a\},d), (\{b\},c), (\{b\},d), (\{a,b\},c), (\{a,b\},d) \right\}$","$\left\{ (\{a\},c), (\{a\},d), (\{b\},c), (\{b\},d), (\emptyset, c), (\emptyset, d) \right\}$","$\left\{ (\{a\},c), (\{a\},d), (\{b\},c), (\{b\},d) \right\}$",,,2022-09-09 10:29:43+00,1,2022-11-07 09:37:02+00,64,1,4,1
1402,64,"",28,46,"If $A$ is the set of all prime numbers greater than $2$ and $B$ is the set of all odd numbers, then which of the following is true about their relationship?",Basic,$A$ is a proper subset of $B$.,$A$ is a improper subset of $B$.It lacks information to identify the relationship between the sets.,$B$ is a subset of $A$.,It lacks information to identify the relationship between the sets.,,,2022-09-09 10:31:04+00,1,2022-11-07 09:37:07+00,64,3,1,1
1403,64,"",28,46,"Given that $|A| = 2$, Determine $ |\mathcal{P}(\mathcal{P}(A))|$.",Basic,$16$,$8$,$64$,$32$,,,2022-09-09 10:32:33+00,1,2022-11-07 09:35:16+00,64,4,2,1
1405,64,"",28,46,"If $A = \left\{1,2,3,10 \right\}$, $B = \left\{ 3,4,6,7,11\right\}$ and $C = \left\{5,6,7,8,9 \right\}$, determine $\left( A \cup B \cup C \right) - \left( \left( A \cap B \right) \cup \left( B \cap C \right) \right)$.",Basic,"$\left\{ 1,2,4,5,8,9,10,11 \right\}$","$\left\{ 3,6,7 \right\}$","$\left\{ 1,2,5,8,9,10 \right\}$","$\left\{ 1,2,3,4,5,6,7,8,9,10,11 \right\}$",,,2022-09-09 10:35:00+00,1,2022-11-07 09:34:11+00,64,2,4,1
1406,64,"",28,46,"If $X = \{x \in \mathbb{N} \ | \ x \textrm{ is a factor of 24} \}$ and $Y = \{x \in \mathbb{N} \ | \ x$ is a multiple of $4, x \leq 24 \}$, determine $X \cup Y$ and $X \cap Y$.",Basic,"$X \cup Y = \left\{ 1,2,3,4,6,8,12,16,20,24 \right\}$ and  $X \cap Y = \left\{ 4,8,12,24 \right\}$ ","$X \cup Y = \left\{ 2,3,4,6,8,12,16,20,24 \right\}$ and  $X \cap Y = \left\{ 4,8,12,24 \right\}$ ","$X \cup Y = \left\{ 1,2,3,4,6,8,12,16,20 \right\}$ and  $X \cap Y = \left\{ 4,8,12 \right\}$ ","$X \cup Y = \left\{ 2,3,4,6,8,12,16,20 \right\}$ and  $X \cap Y = \left\{ 4,8,12 \right\}$ ",,,2022-09-09 10:36:07+00,1,2022-11-07 09:34:01+00,64,4,4,1
1407,64,"",28,46,"If $A$ is a set with $n$ elements and $B$ is a set with $m$ elements, how many binary relations are there from $A$ to $B?$",Basic,$2 ^ {m \times n}$,$2 ^ {m + n}$,$\left( m + n \right) ^ 2$,$\left( m \times n \right) ^ 2$,,,2022-09-09 10:46:01+00,1,2022-11-07 09:33:52+00,64,5,3,1
1408,64,"",28,46,Choose the true proposition:,Basic,Every even number is the sum of two odd numbers.," $\forall x\in\mathbb{R}, x>0 \vee x<0$.","$1,3$ and $7$ are prime.",$3=2+1\Rightarrow 5<\sqrt{17}$.,,,2022-09-09 10:49:11+00,1,2022-11-07 09:33:38+00,64,3,1,1
1409,2956,"",28,47,"Let $(u_n)_{n \in \mathbb{N}}$ be a sequence defined by $u_n=\left( \frac{1}{5} \right)^{1-n}$.
Which of the following statements is true?",Basic,The sequence $(u_n)_{n \in \mathbb{N}}$ is a geometric sequence of common ratio 5.,The sequence $(u_n)_{n \in \mathbb{N}}$ is a geometric sequence of common ratio $\frac{1}{5}$.,The sequence $(u_n)_{n \in \mathbb{N}}$ is an arithmetic sequence of common ratio 5.,The sequence $(u_n)_{n \in \mathbb{N}}$ is an arithmetic sequence of common ratio $\frac{1}{5}$.,,,2022-09-11 01:04:22+00,1,2022-10-10 11:02:26+00,64,2,4,1
1410,2956,"",28,47,"From a monotone increasing geometric sequence $(u_n)_{n \in \mathbb{N}}$, it is known that $u_4=32$ and $u_8=8192$.

What is the fifth term of the sequence $(u_n)_{n \in \mathbb{N}}$?",Basic,128,64,256,512,,,2022-09-11 01:21:38+00,1,2022-10-10 11:02:32+00,64,2,4,1
1411,2956,"",28,47,"Consider the sequence of general term $u_n=5n-2$ with $n \geq 1$.

Which of the options below indicates the sum of the first 20 terms of this sequence?",Basic,1010,1009,1011,1012,,,2022-09-11 01:33:14+00,1,2022-10-10 11:02:37+00,64,1,4,1
1412,2956,"",28,47,"Consider the sequence of general term $u_n=2 \times 3^n$ with $n \geq 1$.

Which of the options below indicates the sum of the first 10 terms of this sequence?",Basic,177144,177138,177140,177142,,,2022-09-14 03:38:56+00,1,2022-10-10 11:02:43+00,64,2,4,1
1413,2956,"",28,47,"The common ratio of a geometric sequence is 3 and the sum of the first 8 terms is 3280.

What is the first term of the sequence?",Basic,1,3,5,7,,,2022-09-14 04:48:02+00,1,2022-10-10 11:02:49+00,64,1,4,1
1414,2956,"",28,47,"What is the sum of the first 9 terms of a geometric sequence whose first terms are 7, 21, 63, ...?",Basic,68887,22960,206668,9841,,,2022-09-14 04:54:34+00,1,2023-01-25 09:15:59+00,38,3,3,1
1415,2956,"",28,47,"Consider the sequence $u_n = -\frac{1}{3^n}$ with $n \geq 1$. 

About this sequence, we can say that:",Basic,It is a geometric sequence of common ratio $\frac{1}{3}$.,It is an arithmetic sequence of common ratio $\frac{1}{3}$.,It is a geometric sequence of common ratio -$\frac{1}{3}$.,It is an arithmetic sequence of common ratio -$\frac{1}{3}$.,,,2022-09-14 05:07:21+00,1,2022-10-10 11:03:01+00,64,3,3,1
1416,2956,"",28,47,"Consider that after purchasing a car, its value depreciates by $15\%$ annually.

Mr. Smith just bought a new car for $€30,000$. What is the approximate value of his car if he sells it in five years?",Basic,"$€13,311.16$","$€15,660.19$","$€11,314.49$","$€7,500$",,,2022-09-14 06:04:25+00,1,2022-10-10 11:03:07+00,64,2,4,1
1417,2956,"",28,47,"It is known that $u_{12}=15$ for an arithmetic sequence $(u_n)_{n \in \mathbb{N}}$ of common ratio 4.

Which of the following sentences is true?",Basic,$u_7=-5$ and $u_{20}=47$.,$u_7=-1$ and $u_{20}=43$.,$u_7=-9$ and $u_{20}=51$.,$u_7=-4$ and $u_{20}=46$.,,,2022-09-14 06:15:00+00,1,2022-10-10 11:03:19+00,64,1,4,1
1418,2956,"",28,47,"For an arithmetic sequence $(u_n)_{n \in \mathbb{N}}$ of common ratio $4$, it is known that $u_{12}=15$.

Verify if 139 and 150 are terms of the sequence.",Basic,"139 is a term of the sequence, but 150 isn't.","150 is a term of the sequence, but 139 isn't.",Both are terms of the sequence.,None of them is a term in the sequence.,,,2022-09-14 06:21:52+00,1,2022-10-10 11:03:24+00,64,1,4,1
1419,2956,"",28,47,"If $u_1=-1$ and $u_8=20$, find the common ratio and the general term of the arithmetic sequence $(u_n)_{n \in \mathbb{N}}$.",Basic,The common ratio is 3 and the general term is $u_n=3n-4$.,The common ratio is 4 and the general term is $u_n=3n-4$.,The common ratio is 3 and the general term is $u_n=n-4$.,The common ratio is 4 and the general term is $u_n=n-4$.,,,2022-09-14 06:27:09+00,1,2022-10-10 11:03:13+00,64,2,4,1
1420,2943,"",5,53,"Evaluate the surface integral $\displaystyle \iint\limits_S x^2\,dS\,$, where S defined by $\displaystyle x^2+y^2+z^2=1$.",Basic,$\dfrac{4\pi}{3}$,$\dfrac{\pi}{3}$,$\dfrac{4\pi}{5}$,$\dfrac{\pi}{5}$,,,2022-09-29 12:49:42+00,1,2023-02-06 05:24:00+00,38,3,2,1
1421,2943,"",5,53,"Evaluate the surface integral $\displaystyle \iint\limits_S y\,dS\,$, where S is the surface $\displaystyle z=x+y^2$ with $\,0\leq\,x\leq\,1\,$ and $\,0\leq\,y\leq\,2$.",Basic,$\dfrac{13\sqrt2}{3}$,$\dfrac{23\sqrt2}{3}$,$\dfrac{13\sqrt2}{6}$,$\dfrac{23\sqrt2}{6}$,,,2022-09-29 12:55:14+00,1,2023-02-06 05:24:08+00,38,2,1,1
1422,2943,"",5,53,"Evaluate the surface integral $\displaystyle \iint\limits_S z\,dS\,$, where S is the surface whose sides $S_1$ are given by $\displaystyle x^2+y^2=1$, whose bottom $S_2$ is given by $\displaystyle x^2+y^2\leq1$, and whose top $S_3$ is the part of $z=1+x\,$ that lies on top of $S_2$.",Basic,$\pi\Big(\dfrac{3}{2}+\sqrt2\Big)$,$\dfrac{3}{2}+\sqrt3$,$\pi$,$\pi\Big(\dfrac{3}{2}+\sqrt3\Big)$,,,2022-09-29 13:13:03+00,1,2023-06-27 15:31:32+00,38,3,2,1
1423,2943,"",5,53,"Evaluate the surface integral $\displaystyle \iint\limits_S (x+y+z)\,dS\,$, where S is the parallelogram with parametric equations $x=u+v\,$, $y=u-v\,$, $z=1+2u+v\,$, $0\leq\,u\leq\,2\,$, $0\leq\,v\leq\,1$.",Basic,$11\sqrt{14}$,$\sqrt{14}$,$15\sqrt{14}$,$7\sqrt{14}$,,,2022-09-29 13:27:54+00,1,2023-02-06 05:25:22+00,38,2,1,1
1424,2943,"",5,53,"Evaluate the surface integral $\displaystyle \iint\limits_S xyz\,dS\,$, where S is the cone with parametric equations $x=u\cos({v})\,$, $y=u\sin({v})\,$, with $0\leq\,u\leq\,1\,$, $0\leq\,v\leq\,\dfrac{\pi}{2}$.",Basic,$\dfrac{\sqrt2}{10}$,$\dfrac{\sqrt2}{5}$,$\dfrac{\sqrt5}{10}$,$\dfrac{\sqrt5}{5}$,,,2022-09-29 13:33:44+00,1,2023-02-06 05:25:35+00,38,3,2,1
1425,2943,"",5,53,"Evaluate the surface integral $\displaystyle \iint\limits_S y\,dS\,$, where S is the helicoid surface with vector equation $\textbf{r}(u,v)=(u\cos({v}),u\sin({v}),v)\,$, with $0\leq\,u\leq\,1\,$, $0\leq\,v\leq\,\pi\,$.",Basic,$\dfrac{2(2\sqrt2-1)}{3}$,$\dfrac{(2\sqrt2-3)}{3}$,$\dfrac{2(2\sqrt2-3)}{5}$,$\dfrac{2(\sqrt2-1)}{3}$,,,2022-09-29 13:42:09+00,1,2023-02-06 05:26:24+00,38,3,2,1
1426,2943,"",5,53,"Evaluate the surface integral $\displaystyle \iint\limits_S (x^2+y^2)\,dS\,$, where S is the surface with vector equation $\textbf{r}(u,v)=(2uv,u^2-v^2,u^2+v^2)\,$, with $u^2+v^2\leq\,1$.",Basic,$\sqrt{2}\pi$,$\sqrt{5}\pi$,$\pi$,$\dfrac{\sqrt{\pi}}{2}$,,,2022-09-29 13:49:51+00,1,2023-02-06 05:26:41+00,38,4,4,1
1427,2943,"",5,53,"Evaluate the surface integral $\displaystyle \iint\limits_S x^2yz\,dS\,$, where S is the part of $z=1+2x+3y\,$ that lies above $[0,3]\times[0,2]$.",Basic,$171\sqrt{14}$,$100\sqrt{11}$,$123\sqrt{11}$,$100\sqrt{11}$,,,2022-09-29 13:58:05+00,1,2023-02-06 05:26:49+00,38,2,1,1
1428,2943,"",5,53,"Evaluate the surface integral $\displaystyle \iint\limits_S xz\,dS\,$, where S is part of $2x+2y+z=4\,$ that lies in the first octant.",Basic,$4$,$1$,$0$,$2$,,,2022-09-29 14:00:45+00,1,2023-02-06 05:26:59+00,38,2,1,1
1429,2943,"",5,53,"Evaluate the surface integral $\displaystyle \iint\limits_S x\,dS\,$, where S is the region with vertices $(1,0,0)\,$, $(0,-2,0)\,$, and $(0,0,4)$.",Basic,$\dfrac{\sqrt{21}}{3}$,$\dfrac{\sqrt{21}}{2}$,$\sqrt{21}$,$2\sqrt{21}$,,,2022-09-30 03:33:57+00,1,2023-02-06 05:27:44+00,38,3,2,1
1430,2943,"",5,53,"Evaluate the surface integral $\displaystyle \iint\limits_S y\,dS\,$, where S is the surface given by $z=\dfrac{2}{3}\Big(x^{\frac{3}{2}}+y^{\frac{3}{2}}\Big)\,$, with $0\leq\,x\leq\,1\,$, $0\leq\,y\leq\,1$.",Basic,$\dfrac{4(9\sqrt3+4\sqrt2-2)}{105}$,$\dfrac{4(9\sqrt3-2)}{105}$,$\dfrac{4(25\sqrt5+9\sqrt3+4\sqrt2-2)}{105}$,$\dfrac{4(25\sqrt5+9\sqrt3-2)}{105}$,,,2022-09-30 03:40:48+00,1,2023-02-06 05:28:55+00,38,3,2,1
1431,2943,"",5,53,"Evaluate the surface integral $\displaystyle \iint\limits_S x^2z^2\,dS\,$, where S is part of  the surface given by $z^2=x^2+y^2\,$ that is bounded between $z=1\,$ and $z=3$.",Basic,$\dfrac{364\pi\sqrt2}{3}$,$\dfrac{183\pi\sqrt2}{5}$,$\dfrac{183\pi\sqrt3}{5}$,$\dfrac{364\pi\sqrt3}{3}$,,,2022-09-30 03:44:54+00,1,2023-02-06 05:29:44+00,38,3,2,1
1432,2943,"",5,53,"Evaluate the surface integral $\displaystyle \iint\limits_S z\,dS\,$, where S is the surface $x=y+2z^2\,$ with $0\leq\,y\leq\,1\,$, $0\leq\,z\leq\,1$.",Advanced,$\dfrac{13\sqrt2}{12}$,$\dfrac{14\sqrt2}{13}$,$\dfrac{15\sqrt3}{14}$,$\dfrac{16\sqrt3}{15}$,,,2022-09-30 03:48:48+00,1,2023-02-06 05:30:26+00,38,2,1,1
1433,2943,"",5,53,"Evaluate the surface integral $\displaystyle \iint\limits_S y\,dS\,$, where S is part of $y=x^2+z^2\,$ that lies inside $x^2+z^2=4$.",Advanced,$\dfrac{\pi(391\sqrt{17}+1)}{60}$,$\dfrac{391\sqrt{17}+1}{60}$,$\dfrac{391\sqrt{17}+\pi}{60}$,$\dfrac{391\pi\sqrt{17}+1}{60}$,,,2022-09-30 03:53:12+00,1,2023-02-06 05:30:58+00,38,1,3,1
1434,2943,"",5,53,"Evaluate the surface integral $\displaystyle\iint\limits_Sy^2\,dS\,$, where S is the part of $x^2+y^2+z^2=4\,$ that lies inside $ x^2+y^2=1\,$ and above the xy-plane.",Basic,$\pi\Big(\dfrac{32}{3}-6\sqrt3\Big)$,$\dfrac{32\pi}{3}-6\sqrt3$,$\dfrac{32}{3}-6\pi\sqrt3$,$\dfrac{32}{3}-6\sqrt3$,,,2022-09-30 04:04:54+00,1,2023-02-06 05:31:14+00,38,2,1,1
1435,2943,"",5,53,"Evaluate the surface integral $\displaystyle \iint\limits_S (x^2z+y^2z)\,dS\,$, where S is defined as $x^2+y^2+z^2=4\,$, with $z\geq\,0$.",Basic,$16\pi$,$18\pi$,$14\pi$,$12\pi$,,,2022-09-30 04:08:15+00,1,2023-02-06 05:31:26+00,38,2,1,1
1436,2943,"",5,53,"Evaluate the surface integral $\displaystyle\iint\limits_S xz\,dS\,$, where S is the boundary of the region enclosed by $y^2+z^2=9\,$, $x=0\,$ and $x+y=5$.",Basic,$0$,$\pi$,$1$,$\dfrac{\pi}{2}$,,,2022-09-30 04:14:19+00,1,2023-05-12 03:07:13+00,38,1,3,1
1437,2943,"",5,53,"Evaluate the surface integral $\displaystyle \iint\limits_S (z+x^2y)\,dS\,$, where S is the part of $y^2+z^2=1\,$ that lies between $x=0\,$ and $x=3\,$ in the first octant. ",Basic,$12$,$6\pi$,$12\pi$,$6$,,,2022-09-30 04:17:34+00,1,2023-05-12 03:08:50+00,38,2,1,1
1438,2943,"",5,53,"Evaluate the surface integral $\displaystyle\iint\limits_S (x^2+y^2+z^2)\,dS\,$, where S is part of $x^2+y^2=9,$ between $z=0\,$ and $z=2\,$, together with both its top and bottom disks.",Basic,$241\pi$,$482\pi$,$723\pi$,$964\pi$,,,2022-09-30 04:21:58+00,1,2023-05-12 03:09:15+00,38,3,2,1
1439,2943,"",5,53,"Find the flux of the vector field $\textbf{F}(x,y,z)=z\,\textbf{i}+y\,\textbf{j}+x\,\textbf{k}\,$ across the unit sphere $x^2+y^2+z^2=1$.",Basic,$\dfrac{4\pi}{3}$,$\pi$,$\dfrac{2\pi}{3}$,$\dfrac{\pi}{3}$,,,2022-10-03 12:30:15+00,1,2023-05-12 03:09:32+00,38,2,1,1
1440,2943,"",5,53,"Evaluate the surface integral $\displaystyle\iint\limits_S \textbf{F}\cdot\,d\textbf{S}\,$, where $\textbf{F}(x,y,z)=y\,\textbf{i}+x\,\textbf{j}+z\,\textbf{k}\,$ and S is the boundary of the solid region E enclosed by $z=1-x^2-y^2\,$ and $z=0$.",Basic,$\dfrac{\pi}{2}$,$\pi$,$1$,$0$,,,2022-10-03 12:41:28+00,1,2023-05-12 03:09:56+00,38,2,3,1
1441,2943,"",5,53,"Find the flux of $\textbf{F}$ across S, where $\textbf{F}(x,y,z)=z\operatorname{e}^{xy}\,\textbf{i}-3z\operatorname{e}^{xy}\,\textbf{j}+xy\textbf{k}\,$, and S is the parallelogram (with upward orientation) with parametric equations $x=u+v\,$, $y=u-v\,$, $z=1+2u+v\,$, $0\leq\,u\leq\,2\,$, $0\leq\,v\leq\,1$.",Basic,$4$,$\dfrac{5}{3}$,$2$,$\dfrac{7}{3}$,,,2022-10-03 13:18:53+00,1,2023-05-31 06:57:23+00,38,2,1,1
1472,2956,"",10,,"Let $W$ and $V$ be the set of roots in $\mathbb{C}$ of the equations $x^2-2x-1=0$ and $x^4+13x^2+36=0$, respectively.
Consider $U = V \cup W$.
The sum of the squares of the elements in $U$ is:",Advanced,$-20$,$4i$,$10$,$-7i$,,,2023-02-07 09:34:12+00,1,2023-02-17 07:41:50+00,64,2,2,1
1473,2956,"",10,,"If $w = 1+\frac{2i}{\sqrt{2}}$, determine $w^8$.",Basic,$17+56\sqrt{2}i$,$-7-\frac{8i}{\sqrt{2}}$,$-1+\frac{4i}{\sqrt{2}}$,$9-\sqrt{2}i$,,,2023-02-07 09:35:34+00,1,2023-02-17 07:43:23+00,64,4,3,1
1474,2956,"",10,,Let $z=\frac{3+2i}{\sqrt{2}}$. What are $|z|$ and $arg(z)$?,Basic,$|z|=\sqrt{\frac{13}{2}}$ and $arg(z)=\tan^{-1}\left(\frac{2}{3}\right)$,$|z|=\frac{13}{2}$ and $arg(z)=\tan^{-1}\left(\frac{3}{\sqrt{2}}\right)$,$|z|=\sqrt{\frac{5}{\sqrt{2}}}$ and $arg(z)=\tan^{-1}\left(\frac{2}{\sqrt{2}}\right)$,$|z|=\frac{\sqrt{13}}{2}$ and $arg(z)=\tan^{-1}\left(\frac{3}{2}\right)$,,,2023-02-07 09:36:41+00,1,2023-02-17 07:43:35+00,64,3,4,1
1475,2956,"",10,,Which of the following is equal to $\big(\cos(\theta)+i\cdot\sin(\theta)\big)^n$?,Basic,$\cos(n\theta)+i\cdot\sin(n\theta)$,$\left(\cos(\theta)\right)^n+i^n\left(\sin(\theta)\right)^n$,$\left(\cos(\theta)\right)^n+n\cos(\theta)\sin(\theta)i+\left(\sin(\theta)\right)^n$,$i\left(\left(\cos(\theta)\right)^n+\left(\sin(\theta)\right)^n\right)$,,,2023-02-07 09:38:52+00,1,2023-02-17 07:50:08+00,64,3,4,1
1476,2956,"",10,,"Let $z_1 =  \frac{1+\sqrt{3}i}{2}+i^{22} \in \mathbb{C}$ and $z_2 = \frac{-2}{iz_1} \in \mathbb{C}$.

Find the least natural number $n \in \mathbb{N}$ such that $(z_2)^n$ is a negative real number.",Basic,$6$,$3$,$4$,$5$,,,2023-02-07 09:39:42+00,1,2023-02-17 07:50:48+00,64,5,6,1
1477,2956,"",10,,"Let $z_1 = 1+i \in \mathbb{C}$ and $z_2 = e^{i\alpha} \in \mathbb{C}$.

Find $\alpha \in \left( -2\pi, \, -\pi \right)$ knowing that $z_2+\overline{z_1}$ is a real number.",Basic,$-\frac{3\pi}{2}$,$-\frac{\pi}{2}$,$-\frac{4\pi}{3}$,$-\frac{2\pi}{3}$,,,2023-02-07 09:40:52+00,1,2023-02-17 07:50:59+00,64,5,6,1
1478,2956,"",10,,"Let $z_1 = e^{i\alpha} \in \mathbb{C}$ and $z_2 = e^{i\left(\alpha+\frac{\pi}{2}\right)} \in \mathbb{C}$, where $\alpha \in \left( \frac{\pi}{4} ,\, \frac{\pi}{2} \right)$.

In which quadrant can we find $z_1+z_2$?",Advanced,In the second quadrant.,In the first quadrant.,In the third quadrant.,In the fourth quadrant.,,,2023-02-07 09:41:55+00,1,2023-02-17 07:52:56+00,64,4,3,1
1479,2956,"",10,,"Knowing that $z \in \mathbb{C}$ satisfies $|z|=1$, determine $|1+z|^2+|1-z|^2$.",Advanced,$4$,$2$,$6$,It is not possible to know with the given information.,,,2023-02-07 09:43:02+00,1,2023-02-17 07:53:14+00,64,4,3,1
1875,75,"",22,,How many non isomorphic trees with five vertices exists?,Basic,5,8,1,9,,,2019-12-15 08:22:12+00,1,2020-05-08 02:09:59+00,61,4,4,
1480,2956,"",10,,"Find the value of $\theta \in \left[0 ,\, \frac{\pi}{2}\right]$ so that $\left(2e^{i\theta}\right)^2 \times \left(1+\sqrt{3}i\right)$ belongs to the bisector of the third quadrant.",Advanced,$\theta = \frac{11\pi}{24}$,$\theta = \frac{7\pi}{45}$,$\theta = \frac{13\pi}{37}$,$\theta = \frac{9\pi}{27}$,,,2023-02-07 09:44:15+00,1,2023-02-17 07:53:38+00,64,5,6,1
1481,2956,"",10,,"Define, by a condition in $\mathbb{C}$, the region painted in the attached figure.",Basic,$2 \leq |z+3-2i| < 3$,$2 \leq |z+3-2i| \leq 3$,$2 < |z+3-2i| \leq 3$,$2 < |z+3-2i| < 3$,Domain_1.png,png,2023-02-07 09:46:00+00,1,2023-02-17 07:55:27+00,64,4,3,1
1482,2956,"",10,,"Define, by a condition in $\mathbb{C}$, the region painted in the attached figure.",Basic,$|z| \geq 3 \ \land \ 0 \leq \text{Im}(z) \leq 3 \ \land \ 0 \leq \text{Re}(z) \leq 5$,$|z| \geq 3 \ \land \ 0 \leq \text{Im}(z) \leq 3 \ \land \ 3 \leq \text{Re}(z) \leq 5$,$|z| < 3 \ \land \ 0 \leq \text{Im}(z) \leq 3 \ \land \ 3 < \text{Re}(z) \leq 5$,$|z| > 3 \ \land \ 0 < \text{Im}(z) < 3 \ \land \ 0 < \text{Re}(z) \leq 5$,Domain_2.png,png,2023-02-07 09:47:58+00,1,2023-02-17 07:55:45+00,64,5,6,1
1483,2956,"",10,,"Define, by a condition in $\mathbb{C}$, the region painted in the attached figure, where $r$ is the bisector of the segment that joins the points of coordinates $(-1,2)$ and $(4,1)$.",Advanced,$|z+1-2i| \leq |z-4-i| \ \land \ \text{Re}(z) \geq 0 \ \land \ \text{Im}(z) \geq 0$,$|z+1-2i| \leq |z-4-i| \ \land \ \text{Re}(z) \geq 0$,$|z-1+2i| \leq |z+4+i| \ \land \ \text{Re}(z) \geq 0 \ \land \ \text{Im}(z) \geq 0$,$|z-1+2i| \leq |z+4+i| \ \land \ \text{Im}(z) \geq 0$,Domain_3.png,png,2023-02-07 09:49:21+00,1,2023-02-17 07:56:04+00,64,5,6,1
1484,2956,"",10,,"Define, by a condition in $\mathbb{C}$, the region painted in the attached figure, where [ABCDEF] is a regular hexagon.",Advanced,$\left(\frac{\pi}{3} \leq \text{Arg}(z) \leq \frac{2\pi}{3} \ \lor \ \frac{4\pi}{3} \leq \text{Arg}(z) \leq \frac{5\pi}{3}\right) \ \land \ |z| \leq 2$,$\left(\frac{\pi}{6} \leq \text{Arg}(z) \leq \frac{\pi}{3} \ \lor \ \frac{2\pi}{3} \leq \text{Arg}(z) \leq \frac{5\pi}{6}\right) \ \land \ |z| \leq 4$,$\left(\frac{\pi}{3} \leq \text{Arg}(z) \leq \frac{2\pi}{3} \ \lor \ \frac{4\pi}{3} \leq \text{Arg}(z) \leq \frac{5\pi}{3}\right) \ \land \ |z| \leq 4$,$\left(\frac{\pi}{6} \leq \text{Arg}(z) \leq \frac{\pi}{3} \ \lor \ \frac{2\pi}{3} \leq \text{Arg}(z) \leq \frac{5\pi}{6}\right) \ \land \ |z| \leq 2$,Domain_4.png,png,2023-02-07 09:50:31+00,1,2023-02-17 07:56:23+00,64,5,6,1
1485,2956,"",10,,"Define, by a condition in $\mathbb{C}$, the region painted in the attached figure.",Basic,$|z-1-i| \leq \sqrt{2} \ \land \ 0 \leq \text{Arg}(z-1-i) \leq \frac{5\pi}{4}$,$|z-1-i| \leq \sqrt{2} \ \land \ 0 \leq \text{Arg}(z) \leq \frac{5\pi}{4}$,$|z-1-i| \leq 2 \ \land \ 0 \leq \text{Arg}(z-1-i) \leq \frac{5\pi}{6}$,$|z-1-i| \leq 2 \ \land \ 0 \leq \text{Arg}(z) \leq \frac{5\pi}{6}$,Domain_5.png,png,2023-02-07 09:51:35+00,1,2023-02-17 07:57:27+00,64,5,6,1
1486,2956,"",10,,"Define, by a condition in $\mathbb{C}$, the region painted in the attached figure.",Basic,$\frac{\pi}{4} < \text{Arg}(z-3-2i) \leq \frac{\pi}{2}$,$\frac{\pi}{4} \leq \text{Arg}(z-3-2i) < \frac{\pi}{2}$,$\frac{\pi}{4} < \text{Arg}(z) \leq \frac{\pi}{2}$,$\frac{\pi}{4} \leq \text{Arg}(z) < \frac{\pi}{2}$,Domain_6.png,png,2023-02-07 09:52:43+00,1,2023-02-17 07:57:59+00,64,5,6,1
1487,2956,"",10,,"On the Argand's plane, the image of the complex numbers $z$ that satisfy the condition $iz+\overline{z}=0$ is:",Basic,The line of equation $y=x$.,An horizontal line.,A vertical line.,A circumference.,,,2023-02-07 09:53:42+00,1,2023-02-17 07:58:26+00,64,2,2,1
1488,2956,"",10,,"If $z=\frac{i^{4n-1}+i^{2n}}{1-i}$ and $n \in \mathbb{N}$, then it is possible to say that:",Advanced,"$z=\begin{cases}
-i & \text{if } n \text{ is odd} \\
1 & \text{if } n \text{ is even}
\end{cases}$",$z$ is a real number.,$z$ has real and imaginary parts different from zero.,$z$ is a pure imaginary.,,,2023-02-07 09:55:08+00,1,2023-02-17 07:58:42+00,64,3,4,1
1489,2956,"",10,,Find the value of the real numbers $x$ and $y$ such that $2x-yi=3i^2+xi$.,Basic,$x=-\frac{3}{2}$ and $y=\frac{3}{2}$,$x=\frac{3}{2}$ and $y=-\frac{3}{2}$,$x=\frac{3}{2}$ and $y=\frac{3}{2}$,$x=-\frac{3}{2}$ and $y=-\frac{3}{2}$,,,2023-02-07 09:56:00+00,1,2023-02-17 07:58:53+00,64,1,1,1
1490,2956,"",10,,Find the value of the real numbers $x$ and $y$ such that $\frac{x}{1-i}=y+i$.,Basic,$x=2$ and $y=1$.,$x=1$ and $y=2$.,$x=-2$ and $y=-1$.,$x=-1$ and $y=-2$.,,,2023-02-07 09:57:05+00,1,2023-02-17 07:59:06+00,64,1,1,1
1491,2956,"",10,,Find the value of the real numbers $x$ and $y$ such that $(x-i)(1+yi)=i^7-2i^4$.,Advanced,($x=0$ and $y=-2$) or ($x=-2$ and $y=0$).,($x=0$ and $y=0$) or ($x=-2$ and $y=-2$).,($x=-2$ and $y=-2$) or ($x=0$ and $y=0$).,($x=-2$ and $y=0$) or ($x=2$ and $y=0$).,,,2023-02-07 09:58:06+00,1,2023-02-17 07:59:34+00,64,2,2,1
1492,2956,"",10,,"Consider the complex numbers $z$ of the form $z=a+bi$, with $a,b \in \mathbb{R}$. For which values of $a$ is it true that $z-i\overline{z}$ is a real number?",Basic,$a=b$,$a=-b$,$a \in \mathbb{R}$,$a=0$,,,2023-02-07 09:59:01+00,1,2023-02-17 07:59:43+00,64,1,1,1
1493,2956,"",10,,"Consider the complex numbers $z$ of the form $z=a+bi$, with $a,b \in \mathbb{R}$. For which values of $a$ is it true that $z^2$ is a pure imaginary?",Basic,$a=\pm\sqrt{b^2}$,$a=\sqrt{b^2}$,$a=-\sqrt{b^2}$,$a=\pm\sqrt{-b^2}$,,,2023-02-07 09:59:55+00,1,2023-02-17 08:00:44+00,64,1,1,1
1494,2956,"",10,,"Consider the complex numbers $z$ of the form $z=a+2i$, with $a \in \mathbb{R}$. 
For which values of $a$ is it true that $|z|=|1-i|$?",Advanced,It is impossible to have such a value of $a$.,$a=\pm\sqrt{2-b^2}$,$a=\pm\sqrt{b^2-2}$,$a=\pm\sqrt{2+b^2}$,,,2023-02-07 10:00:58+00,1,2023-02-17 08:01:00+00,64,2,2,1
1495,2956,"",10,,"Let $z_1=\frac{1}{2}+\sqrt{3}i$. 
Find $\text{Im}\left(\left(\overline{z_1}\right)^2\right)$.",Basic,$-\sqrt{3}$,$3$,$-3$,$\sqrt{3}$,,,2023-02-07 10:02:06+00,1,2023-02-17 08:01:22+00,64,3,4,1
1496,2956,"",10,,"Which of the following is equal to $\overline{z_1 \times z_2}, \ \forall z_1,\,z_2 \in \mathbb{C}$ ?",Basic,$\overline{z_1} \times \overline{z_2}$,$\overline{z_1} \times z_2$,$z_1 \times \overline{z_2}$,$z_1 \times z_2$,,,2023-02-07 10:03:59+00,1,2023-02-17 08:01:34+00,64,3,4,1
1497,2956,"",10,,Which of the following is equal to $|z|$?,Basic,$|\overline{z}|$,$-|\overline{z}|$,$|\overline{z}|^2$,$|\overline{z}^2|$,,,2023-02-09 00:55:51+00,1,2023-02-17 08:01:40+00,64,2,2,1
1498,2956,"",10,,"If $z=-\sin(\frac{\pi}{5})+i\cos(\frac{\pi}{5})$, the minimum positive argument of $z$ is:",Advanced,$\frac{7\pi}{10}$,$\frac{\pi}{5}$,$-\frac{\pi}{5}$,$\frac{3\pi}{10}$,,,2023-02-09 00:57:28+00,1,2023-02-17 08:02:47+00,64,5,6,1
1499,2956,"",10,,"Write $\cos(3\theta)$ in terms of $\cos(\theta)$.

Hint: Use De Moivre's formula.",Advanced,$\cos(3\theta)=2\cos^3(\theta)-\cos(\theta)$,$\cos(3\theta)=\cos^3(\theta)-2\cos(\theta)$,$\cos(3\theta)=-\cos^3(\theta)+\cos(\theta)$,$\cos(3\theta)=2\cos^3(\theta)+\cos(\theta)$,,,2023-02-09 00:59:32+00,1,2023-02-17 08:02:56+00,64,5,6,1
1500,2956,"",10,,The image of the complex numbers $z$ that satisfy $$8+\text{Re}(z^2)=3z\overline{z}$$ is:,Advanced,an ellipse.,a circumference.,a square.,a triangle.,,,2023-02-09 01:00:48+00,1,2023-02-17 08:03:12+00,64,4,3,1
1501,2956,"",22,,"Among a group of $5$ people, is it possible for everyone to be friends with exactly $2$ of the people in the group? 

What about $3$ of the people in the group?",Advanced,"It is possible for $2$, but not for $3$.","It is possible for $3$, but not for $2$.",It is possible for both $2$ and $3$.,It is not possible for both $2$ and $3$.,,,2023-02-10 09:02:16+00,1,2023-02-17 08:19:05+00,64,4,4,1
1502,2956,"",22,,Consider the graphs given in the image attached and choose the correct option.,Basic,II $\simeq$ III and I $\not\simeq$ III.,I $\simeq$ II and II $\not\simeq$ III.,I $\simeq$ III and II $\not\simeq$ III.,"II $\not\simeq$ III, I $\not\simeq$ III and I $\not\simeq$ II.",,,2023-02-10 09:03:44+00,2,2023-02-17 08:17:59+00,64,4,5,1
1503,2956,"",22,,Which pair of graphs on the attached image are isomorphic?,Basic,Pair B.,Pair A.,Pair C.,"All the pairs represent isomorphic graphs because, in each pair, the degree of the vertices is the same in both of the graphs.",,,2023-02-10 09:04:57+00,2,2023-02-17 08:19:19+00,64,4,5,1
1504,2956,"",22,,"Let $G=(V,\,E)$ be a simple graph such that $V=[10]$ and $E$ is defined by
$$\{a,\,b\} \in E \iff \text a \neq b \text{ and } a-b \text{ is a multiple of 2}$$ Consider the following sentences:
\vspace
- G is connected.
- G is bipartite.
- $|E|$ is a multiple of $4$.
- G is Hamiltonian.
\vspace
Note: $[10]=\{1,\,2,\,3,\,4,\,5,\,6,\,7,\,8,\,9,\,10\}$

Choose the correct option:",Advanced,Only one of the sentences is correct.,There are exactly two correct sentences.,There are exactly three correct sentences.,All the sentences are true.,,,2023-02-10 09:10:23+00,1,2023-02-17 08:19:42+00,64,5,4,1
1505,2956,"",22,,Is it true that all trees represent a bipartite graph?,Basic,Yes.,No.,It depends on the tree.,"To answer this question, the tree drawing is required.",,,2023-02-10 09:11:18+00,1,2023-02-17 08:20:26+00,64,3,2,1
1507,2956,"",22,,"Which of the following graphs is not connected, knowing that all of them have $5$ vertices?

$$\phi_1=\begin{pmatrix}
        1 & 2 & 3 & 4 & 5 & 6\\
        \{1,2\} & \{1,2\} & \{2,3\} & \{3,4\} & \{1,5\} & \{1,5\}     
    \end{pmatrix}$$
$$\phi_2=\begin{pmatrix}
        b & a & e & d & c & f\\
        \{4,5\} & \{1,3\} & \{1,3\} & \{2,3\} & \{2,5\} & \{4,5\}     
    \end{pmatrix}$$
$$\phi_3=\begin{pmatrix}
        b & f & e & d & c & a\\
        \{4,5\} & \{1,3\} & \{1,3\} & \{2,3\} & \{2,4\} & \{4,5\}     
    \end{pmatrix}$$

$$\phi_4=\begin{pmatrix}
        a & b & c & d & e & f\\
        \{1,2\} & \{2,3\} & \{1,2\} & \{2,3\} & \{3,4\} & \{1,5\}     
    \end{pmatrix}$$

$$\phi_5=\begin{pmatrix}
        a & b & c & d & e & f\\
        \{1,2\} & \{2,3\} & \{1,2\} & \{1,3\} & \{2,3\} & \{4,5\}     
    \end{pmatrix}$$",Basic,Graph $\phi_5$.,Graphs $\phi_2$ and $\phi_3$.,Graph $\phi_1$.,All of them are connected.,,,2023-02-10 09:15:45+00,1,2023-02-17 08:21:50+00,64,4,4,1
1508,2956,"",22,,"In which of the following graphs can we find an Eulerian circuit (a trail on $G$ that includes every edge of $G$ such that the only repeated vertices are the start and the end)? 


$$\phi_1=\begin{pmatrix}
        F & B & C & D & E & A\\
        \{1,2\} & \{1,2\} & \{2,3\} & \{3,4\} & \{4,5\} & \{4,5\}     
    \end{pmatrix}$$

$$\phi_2=\begin{pmatrix}
        b & f & e & d & c & a\\
        \{4,5\} & \{1,3\} & \{1,3\} & \{2,3\} & \{2,4\} & \{4,5\}     
    \end{pmatrix}$$

$$\phi_3=\begin{pmatrix}
        1 & 2 & 3 & 4 & 5 & 6\\
        \{1,2\} & \{1,2\} & \{2,3\} & \{3,4\} & \{4,5\} & \{4,5\}     
    \end{pmatrix}$$

$$\phi_4=\begin{pmatrix}
        b & a & e & d & c & f\\
        \{4,5\} & \{1,3\} & \{1,3\} & \{2,3\} & \{2,5\} & \{4,5\}     
    \end{pmatrix}$$

$$\phi_5=\begin{pmatrix}
        a & b & c & d & e & f\\
        \{1,3\} & \{3,4\} & \{1,2\} & \{2,3\} & \{3,5\} & \{4,5\}     
    \end{pmatrix}$$",Advanced,Graph $\phi_5$.,Graphs $\phi_1$ and $\phi_2$.,None of them has an Eulerian circuit.,All of them have an Eulerian circuit.,,,2023-02-10 09:17:24+00,1,2023-02-17 08:22:10+00,64,4,4,1
1509,2956,"",22,,How many simple graphs with $n$ vertices and $e$ edges are there?,Advanced,${n \choose 2} \choose e$,$2^{n \choose e}$,${n \choose e}$,$2^e$,,,2023-02-10 09:18:18+00,1,2023-02-17 08:22:31+00,64,5,4,1
1510,2956,"",22,,How many simple graphs with $n$ vertices are there?,Advanced,$2^{n \choose 2}$.,$2^n$.,$2n$.,${n \choose 2}$.,,,2023-02-10 09:19:05+00,1,2023-02-17 08:22:43+00,64,5,4,1
1511,2956,"",22,,"Consider the graph $G$ whose adjacency matrix is $$\begin{pmatrix}
    0 & 1 & 0 & 0 \\
    1 & 1 & 0 & 0 \\
    0 & 0 & 0 & 1 \\
    0 & 0 & 1 & 0
\end{pmatrix}$$ How many connected component does $G$ have?",Advanced,$2$.,$1$.,$3$.,$4$.,,,2023-02-10 09:21:24+00,1,2023-02-17 08:22:57+00,64,3,2,1
1512,2956,"",22,,"Let $G$ be a connected graph and $e \in E(G)$, where $E(G)$ denotes the set of edges of $G$. 
Assume that $e$ is in a cycle of $G$. 
What can we say about $G-e$ (the graph $G$ without the edge $e$)?",Advanced,$G-e$ is also connected.,$G-e$ is not connected.,We don't have enough information to conclude anything.,"To answer this question, a graph drawing is required.",,,2023-02-10 09:23:28+00,1,2023-02-17 08:23:10+00,64,5,4,1
1513,2956,"",22,,"Consider the graph given in the image attached and let $t$ be the number of spanning trees.
Choose the correct option:",Advanced,$20 < t \leq 25$.,$25 < t \leq 30$.,$10 < t \leq 15$.,$15 < t \leq 20$.,,,2023-02-10 09:36:02+00,2,2023-02-17 08:23:40+00,64,5,4,1
1514,2956,"",10,,"Let $z_1=3-4i \in \mathbb{C}$ and $z_2=-2+7i \in \mathbb{C}$.
Calculate the value of:
$\cdot \ z_1+z_2,$
$\cdot \ z_1-z_2$
$\cdot \ z_1 \times z_2$
$\cdot \ \frac{z_1}{z_2}$",Basic,"$z_1+z_2 = 1+3i$

$z_1-z_2 = 5-11i$

$z_1 \times z_2 = 22+29i$

$\frac{z_1}{z_2} = -\frac{34}{53}-\frac{13}{53}i$","$z_1+z_2 = 1+3i$

$z_1-z_2 = 1-11i$

$z_1 \times z_2 = -34+29i$

It is not possible to divide two complex numbers.","$z_1+z_2 = 1+3i$

$z_1-z_2 = 5-11i$

$z_1 \times z_2 = -34+29i$

$\frac{z_1}{z_2} = -\frac{22}{53}-\frac{13}{53}i$","$z_1+z_2 = 1+3i$

$z_1-z_2 = 1-11i$

$z_1 \times z_2 = -27+43i$

$\frac{z_1}{z_2} = -\frac{37}{53}+\frac{12}{53}i$",,,2023-02-16 02:49:29+00,1,2023-02-17 08:24:21+00,64,3,4,1
1517,2956,"",7,2,The solution of the equation $$-3x\left(x-\dfrac{1}{3}\right)=0$$ is:,Basic,$x=0 \ \vee \ x=\dfrac{1}{3}$,$x=0 \ \vee \ x=3$,$x=\dfrac{1}{3}$,$x=1 \ \vee \ x=\dfrac{1}{3}$,,,2023-04-25 08:06:56+00,1,2023-05-07 16:35:52+00,64,3,2,1
1518,2956,"",7,2,The solution of the equation $$x^3\left(2x-\dfrac{1}{2}\right)(x-1)=0$$ is:,Basic,"$x=0 \ \vee \ x=\dfrac{1}{4} \ \vee \ x=1$
","$x=0 \ \vee \ x=\dfrac{1}{2} \ \vee \ x=1$
    ","$x=0 \ \vee \ x=\dfrac{1}{4} \ \vee \ x=-1$
   ",$x=0 \ \vee \ x=2 \ \vee \ x=-1$,,,2023-04-25 08:11:05+00,1,2023-05-07 16:36:02+00,64,5,5,1
1519,2956,"",7,2,The solution of the equation $$\left(x-\sqrt{3}\right)\left(\sqrt{2}+2x\right)=0$$ is:,Basic,"$x=-\dfrac{\sqrt{2}}{2} \ \vee \ x=\sqrt{3}$
","$x=-\sqrt{3} \ \vee \ x=\dfrac{\sqrt{2}}{2}$
","$x=-\dfrac{\sqrt{3}}{2} \ \vee \ x=\sqrt{2}$
",$x=-\sqrt{2} \ \vee \ x=\dfrac{\sqrt{3}}{2}$,,,2023-04-25 08:15:46+00,1,2023-05-07 16:36:13+00,64,4,6,1
1520,2956,"",7,2,The solution of the equation $$\left(\dfrac{x}{2}-\sqrt{2}\right)(2\sqrt{2}-x)=0$$ is:,Basic,$x=2\sqrt{2}$,$x=\sqrt{2}$,$x=\sqrt{2} \ \vee \ x=2\sqrt{2}$,$x=-2\sqrt{2} \ \vee \ x=2\sqrt{2}$,,,2023-04-25 08:18:14+00,1,2023-05-07 16:36:21+00,64,4,6,1
1521,2956,"",7,2,The solution of the equation $$(3x-1)\left(\dfrac{1}{2}x-1\right)=0$$ is:,Basic,$x=\dfrac{1}{3} \ \vee \ x=2$,$x=-\dfrac{1}{3} \ \vee \ x=2$,$x=\dfrac{1}{3} \ \vee \ x=\dfrac{1}{2}$,$x=-\dfrac{1}{3} \ \vee \ x=\dfrac{1}{2}$,,,2023-04-25 08:21:17+00,1,2023-05-07 16:36:28+00,64,3,2,1
1522,2956,"",7,2,The solution of the equation $$x(2x-3)\left(x-\dfrac{5}{2}\right)=0$$ is:,Basic,$x=0 \ \vee \ x=\dfrac{3}{2} \ \vee \ x=\dfrac{5}{2}$,$x=0 \ \vee \ x=\dfrac{2}{3} \ \vee \ x=\dfrac{5}{2}$,$x=-\dfrac{5}{2} \ \vee \ x=0 \ \vee \ x=\dfrac{3}{2}$,$x=-\dfrac{3}{2} \ \vee \ x=0 \ \vee \ x=\dfrac{5}{2}$,,,2023-04-25 08:23:02+00,1,2023-05-07 16:36:31+00,64,4,6,1
1523,2956,"",7,2,The solution of the equation $$16x^2-\dfrac{1}{25}=0$$ is:,Basic,$x=-\dfrac{1}{20} \ \vee \ x=\dfrac{1}{20}$,$x=-\dfrac{1}{5} \ \vee \ x=\dfrac{1}{5}$,$x=-\dfrac{1}{4} \ \vee \ x=\dfrac{1}{4}$,$x=-\dfrac{4}{5} \ \vee \ x=\dfrac{4}{5}$,,,2023-04-25 08:24:55+00,1,2023-05-07 16:36:37+00,64,2,3,1
1524,2956,"",7,2,The solution of the equation $$3x^2-\dfrac{16}{3}=0$$ is:,Basic,$x=-\dfrac{4}{3} \ \vee \ x=\dfrac{4}{3}$,$x=-\dfrac{2}{3} \ \vee \ x=\dfrac{2}{3}$,$x=-3 \ \vee \ x=3$,$x=-\dfrac{10}{3} \ \vee \ x=\dfrac{10}{3}$,,,2023-04-25 08:26:19+00,1,2023-05-07 16:36:41+00,64,2,3,1
1525,2956,"",7,2,The solution of the equation $$1+6x+9x^2=0$$ is:,Basic,$x=-\dfrac{1}{3}$,$x=\dfrac{1}{3}$,$x=-\dfrac{1}{9}$,$x=\dfrac{1}{9}$,,,2023-04-25 08:27:44+00,1,2023-05-07 16:36:47+00,64,3,2,1
1526,2956,"",7,2,The solution of the equation $$4x^2+12x+9=0$$ is:,Basic,$x=-\dfrac{3}{2}$,$x=\dfrac{3}{2}$,$x=-\dfrac{2}{3}$,$x=\dfrac{2}{3}$,,,2023-04-25 08:29:15+00,1,2023-05-07 16:36:52+00,64,3,2,1
1527,2956,"",7,2,The solution of the equation $$\dfrac{x^2}{4}-\dfrac{x}{3}+\dfrac{1}{9}=0$$ is:,Basic,$x=\dfrac{2}{3}$,$x=\dfrac{4}{3}$,$x=2$,$x=3$,,,2023-04-25 08:30:48+00,1,2023-05-07 16:37:53+00,64,4,6,1
1528,2956,"",7,2,The solution of the equation $$\left(\dfrac{1}{2}x-3\right)^2-9=0$$ is:,Advanced,$x=0 \ \vee \ x=12$,$x=0 \ \vee \ x=6$,$x=\dfrac{3}{2} \ \vee \ x=12$,$x=\dfrac{3}{2} \ \vee \ x=6$,,,2023-04-25 08:32:31+00,1,2023-05-07 16:38:01+00,64,4,6,1
1529,2956,"",7,2,The solution of the equation $$\dfrac{9}{16}-(2x-1)^2=0$$ is:,Advanced,$x=\dfrac{1}{8} \ \vee \ x=\dfrac{7}{8}$,$x=\dfrac{3}{8} \ \vee \ x=\dfrac{7}{8}$,$x=\dfrac{1}{8} \ \vee \ x=\dfrac{5}{8}$,$x=\dfrac{3}{8} \ \vee \ x=\dfrac{5}{8}$,,,2023-04-25 08:35:12+00,1,2023-05-07 16:38:05+00,64,3,2,1
1530,2956,"",7,2,The solution of the equation $$(2x+1)^2-(5x+1)^2=0$$ is:,Advanced,$x=-\dfrac{2}{7} \ \vee \ x=0$,$x=0 \ \vee \ x=\dfrac{2}{7}$,$x=-\dfrac{5}{7} \ \vee \ x=0$,$x=0 \ \vee \ x=\dfrac{5}{7}$,,,2023-04-25 08:36:57+00,1,2023-05-07 16:38:11+00,64,4,6,1
1531,2956,"",7,2,The solution of the equation $$x^2-25-3(x-5)=0$$ is:,Basic,$x=-2 \ \vee \ x=5$,$x=-5 \ \vee \ x=5$,$x= -2 \ \vee \ x=3$,$x=-5 \ \vee \ x=3$,,,2023-04-25 08:38:31+00,1,2023-05-07 16:38:14+00,64,2,3,1
1532,2956,"",7,2,The solution of the equation $$2x(x+5)-(x+5)^2=0$$ is:,Advanced,$x=-5 \ \vee \ x=5$,$x=-2 \ \vee \ x=2$,$x=-1 \ \vee \ x=2$,$x=-1 \ \vee \ x=0$,,,2023-04-25 08:42:01+00,1,2023-05-07 16:38:17+00,64,4,6,1
1533,2956,"",7,2,The solution of the equation $$|3-x|=2$$ is:,Basic,$x=1 \ \vee \ x=5$,$x=3 \ \vee \ x=5$,$x=1 \ \vee \ x=7$,$x=3 \ \vee \ x=7$,,,2023-04-25 08:43:43+00,1,2023-05-07 16:38:23+00,64,2,3,1
1534,2956,"",7,2,The solution of the equation $$|2x+4|=1$$ is:,Basic,$x=-\dfrac{5}{2} \ \vee \ x=-\dfrac{3}{2}$,$x=\dfrac{5}{2} \ \vee \ x=-\dfrac{3}{2}$,$x=-\dfrac{5}{2} \ \vee \ x=\dfrac{3}{2}$,$x=\dfrac{5}{2} \ \vee \ x=\dfrac{3}{2}$,,,2023-04-25 08:45:07+00,1,2023-05-07 16:38:35+00,64,3,2,1
1536,2956,"",7,2,The solution of the equation $$|x+3|+2=0$$ is:,Basic,$x\in\emptyset$,$x\in\mathbb{R}$,$x=-2 \ \vee \ x=3$,$x=-3 \ \vee \ x=2$,,,2023-04-25 08:53:32+00,1,2023-05-07 16:38:44+00,64,3,2,1
1537,2956,"",7,2,The solution of the equation $$3-2|3x-1|=1$$ is:,Basic,$x=0 \ \vee \ x=\dfrac{2}{3}$,$x=-\dfrac{2}{3} \ \vee \ x=0$,$x=0 \ \vee \ x=\dfrac{3}{2}$,$x=-\dfrac{3}{2} \ \vee \ x=0$,,,2023-04-25 08:55:30+00,1,2023-05-07 16:38:54+00,64,3,2,1
1538,2956,"",7,2,The solution of the equation $$|x^2-3|=1$$ is:,Basic,$x=-2 \ \vee \ x=-\sqrt{2} \ \vee \ x=\sqrt{2} \ \vee \ x=2$,$x=-3 \ \vee \ x=-\sqrt{3} \ \vee \ x=\sqrt{3} \ \vee \ x=3$,$x=-2 \ \vee \ x=-\sqrt{3} \ \vee \ x=\sqrt{3} \ \vee \ x=2$,$x=-3 \ \vee \ x=-\sqrt{2} \ \vee \ x=\sqrt{2} \ \vee \ x=3$,,,2023-04-25 08:58:25+00,1,2023-05-07 16:39:06+00,64,4,6,1
1539,2956,"",7,2,The solution of the condition $$x^2-9>0$$ is:,Advanced,"$x \in \ (-\infty,-3) \ \cup \ (3,+\infty)$","$x\in \ (-\infty,-3]\ \cup \ [3,+\infty)$","$x\in \ (-3,3)$","$x\in \ [-3,3]$",,,2023-04-25 09:09:00+00,1,2023-05-07 16:39:13+00,64,2,3,1
1540,2956,"",7,2,The solution of the condition $$-2x^2+x-1 \ \leq \ 0$$ is:,Advanced,$x\in\mathbb{R}$,$x\in\emptyset$,"$x\in \ (-\infty,-2]\ \cup \ [-1,+\infty)$","$x\in \ (-\infty,-2]\ \cup \ [1,+\infty)$",,,2023-04-25 09:11:08+00,1,2023-05-07 16:39:17+00,64,4,6,1
1541,2956,"",7,2,The solution of the condition $$-x(x-3) \ \geq \ 0$$ is:,Advanced,"$x\in[0,3]$","$x\in(0,3)$","$x\in[-3,0]$","$x\in(-3,0)$",,,2023-04-25 09:13:28+00,1,2023-05-07 16:39:20+00,64,3,2,1
1542,2956,"",7,2,The solution of the condition $$2(1-3x^2) \ \leq \ x$$ is:,Advanced,"$x \in \bigg(-\infty,-\dfrac{2}{3}\bigg]\ \cup \ \bigg[\dfrac{1}{2},+\infty\bigg)$","$x \in \bigg(-\infty,-\dfrac{2}{3}\bigg)\ \cup \ \bigg(\dfrac{1}{2},+\infty\bigg)$","$x \in \bigg(-\infty,-\dfrac{1}{2}\bigg]\ \cup \ \bigg[\dfrac{2}{3},+\infty\bigg)$","$x \in \bigg(-\infty,-\dfrac{1}{2}\bigg)\ \cup \ \bigg(\dfrac{2}{3},+\infty\bigg)$",,,2023-04-25 09:18:01+00,1,2023-05-07 16:39:24+00,64,4,6,1
1543,2956,"",7,2,The solution of the condition $$5+\dfrac{(x-2)(x+2)}{4}>3-x$$ is:,Advanced,$x\in\mathbb{R}\backslash\{-2\}$,$x\in\mathbb{R}\backslash\{2\}$,$x\in\mathbb{R}\backslash\{4\}$,$x\in\mathbb{R}\backslash\{6\}$,,,2023-04-25 09:21:38+00,1,2023-05-07 16:39:29+00,64,4,6,1
1544,2956,"",7,2,The solution of the condition $$x^2+2x>\dfrac{x+2}{3}$$ is:,Advanced,"$x\in \ (-\infty,-2) \ \cup \ \bigg(\dfrac{1}{3},+\infty\bigg)$ ","$x\in (-\infty,-1) \ \cup \ \bigg(\dfrac{1}{3},+\infty\bigg)$","$x\in (-\infty,-2)\ \cup \ \bigg(\dfrac{2}{3},+\infty\bigg)$","$x\in (-\infty,-1) \ \cup \ \bigg(\dfrac{2}{3},+\infty\bigg)$",,,2023-04-25 09:24:54+00,1,2023-05-07 16:39:33+00,64,3,2,1
1545,2956,"",7,2,The solution of the condition $$\dfrac{(2x+1)^2}{3}\geq x+2$$ is:,Advanced,"$x\in\bigg(-\infty,-\dfrac{5}{4}\bigg]\ \cup \ [1,+\infty)$","$x\in\bigg(-\infty,-\dfrac{3}{4}\bigg]\ \cup \ [1,+\infty)$","$x\in\bigg(-\infty,-\dfrac{5}{4}\bigg]\ \cup \ [3,+\infty)$","$x\in\bigg(-\infty,-\dfrac{3}{4}\bigg]\ \cup \ [3,+\infty)$",,,2023-04-26 05:23:20+00,1,2023-05-07 16:39:37+00,64,4,6,1
1546,2956,"",7,2,The solution of the condition $$x(x-1)<\dfrac{(x-1)(x+1)}{2}$$ is:,Advanced,$x\in\emptyset$,$x\in\mathbb{R}$,"$x\in (-1,1)$","$x\in (-\infty,-1) \ \cup \ (1,+\infty)$",,,2023-04-26 05:25:52+00,1,2023-05-07 16:39:40+00,64,5,5,1
1547,2956,"",7,2,The solution of the condition $$2x^2-8x \ \leq \ 0$$ is:,Advanced,"$x\in[0,4]$","$x\in[0,2]$","$x\in[0,6]$","$x\in[0,8]$",,,2023-04-26 05:27:33+00,1,2023-05-07 16:39:43+00,64,2,3,1
1548,2956,"",7,2,The solution of the condition $$x^2+2x+5>0$$ is:,Advanced,$x\in\mathbb{R}$,"$x\in (-2,1)$","$x\in(0,3)$","$x\in(2,5)$",,,2023-04-26 05:29:38+00,1,2023-05-07 16:39:50+00,64,3,2,1
1549,2956,"",7,2,The solution of the condition $$x^2+4x-12>0$$ is:,Basic,"$x\in(-\infty,-6)\ \cup \ (2,+\infty)$","$x\in(-\infty,-3)\ \cup \ (2,+\infty)$","$x\in(-\infty,-6)\ \cup \ (1,+\infty)$","$x\in(-\infty,-3)\ \cup \ (1,+\infty)$",,,2023-04-26 05:32:00+00,1,2023-05-07 16:40:07+00,64,4,6,1
1550,2956,"",7,2,The solution of the condition $$x^2+4x-12>x^2+4x-4$$ is:,Advanced,$x\in\emptyset$,$x\in\mathbb{R}$,"$x\in(-4,12)$","$x\in(-12,4)$",,,2023-04-26 05:33:48+00,1,2023-05-07 16:40:13+00,64,3,2,1
1551,2956,"",7,2,The solution of the condition $$2x^2-8x\leq x^2+4x-20$$ is:,Advanced,"$x\in[2,10]$","$x\in[4,8]$",$x\in\emptyset$,$x\in\mathbb{R}$,,,2023-04-26 05:35:29+00,1,2023-05-07 16:40:18+00,64,3,2,1
1552,2956,"",7,2,The solution of the condition $$|x-3| \ \leq \ 2$$ is:,Advanced,"$x\in[1,5]$","$x\in[2,5]$","$x\in[1,6]$","$x\in[2,6]$",,,2023-04-26 05:37:22+00,1,2023-05-07 16:40:26+00,64,3,2,1
1553,2956,"",7,2,The solution of the condition $$|x-2|>1$$ is:,Advanced,"$x\in(-\infty,1)\ \cup \ (3,+\infty)$","$x\in(-\infty,-1)\ \cup \ (3,+\infty)$","$x\in(-\infty,1)\ \cup \ (2,+\infty)$","$x\in(-\infty,-1)\ \cup \ (2,+\infty)$",,,2023-04-26 05:39:21+00,1,2023-05-07 16:40:30+00,64,3,2,1
1554,2956,"",7,2,The solution of the condition $$|1-5x|+3 \ \geq \ 1$$ is:,Advanced,$x\in\mathbb{R}$,$x\in\emptyset$,"$x\in(-\infty,-5]\ \cup \ [-3,+\infty)$","$x\in(-\infty,3]\ \cup \ [5,+\infty)$",,,2023-04-26 05:42:47+00,1,2023-05-07 16:40:33+00,64,4,6,1
1555,2956,"",7,2,The solution of the condition $$1-|1-x| \ \geq \ -2$$ is:,Advanced,"$x\in[-2,4]$","$x\in[2,4]$","$x\in[-2,6]$","$x\in[2,6]$",,,2023-04-26 05:44:58+00,1,2023-05-07 16:40:36+00,64,4,6,1
1556,2956,"",7,2,The solution of the condition $$|2x+3|>5$$ is:,Advanced,"$x\in(-\infty,-4)\ \cup \ (1,+\infty)$","$x\in(-\infty,-3)\ \cup \ (0,+\infty)$",$x\in\emptyset$,$x\in\mathbb{R}$,,,2023-04-26 05:47:28+00,1,2023-05-07 16:40:40+00,64,4,6,1
1557,2956,"",7,2,The solution of the condition $$3-|x+3|>5$$ is:,Advanced,$x\in\emptyset$,$x\in\mathbb{R}$,"$x\in(-3,5)$","$x\in(-1,3)$",,,2023-04-26 05:49:39+00,1,2023-05-07 16:40:43+00,64,4,6,1
1558,2956,"",7,2,The solution of the condition $$x^3-9x > 0$$ is:,Basic,"$(-3,0) \ \cup \ (3,+\infty)$","$(-\infty,-3) \ \cup \ (0,3)$","$(3,+\infty)$","$(-\infty,3)$",,,2023-05-11 02:59:25+00,1,2023-05-26 09:13:57+00,64,4,6,1
1559,2956,"",7,2,The solution of the condition $$x^3+6x^2-6 > 2x^3-x$$ is:,Advanced,"$x \in (-3,-2) \ \cup \ (1,+\infty)$","$x \in (-\infty,-3) \ \cup \ (-2,1)$","$x \in (1,+\infty)$","$x \in (-\infty,-3)$",,,2023-05-11 06:39:39+00,1,2023-05-26 09:14:03+00,64,4,6,1
1560,2956,"",7,2,The solution of the condition $$(x+4)(x-2)(x-7)>0$$ is:,Advanced,"$x \in (-4,-2) \ \cup \ (7,+\infty)$","$x \in (-\infty,-4) \ \cup \ (2,7)$","$x \in (-4,7)$","$x \in (-\infty,2)$",,,2023-05-11 06:44:42+00,1,2023-05-26 09:14:07+00,64,2,3,1
1561,2956,"",7,2,The solution of the condition $$\left(x-\frac{7}{2}\right)^2(3x+3)(2x-1)>0$$ is:,Advanced,"$x \in (-\infty,-1) \ \cup \ \left( \frac{1}{2},\frac{7}{2}\right) \ \cup \ \left(\frac{7}{2},+\infty \right) $","$x \in \left(-1,\frac{1}{2}\right)$","$x \in \left(-1,\frac{7}{2}\right)$","$x \in (-1,+\infty)$",,,2023-05-11 06:52:40+00,1,2023-05-26 09:14:12+00,64,5,5,1
1562,2956,"",7,2,The solution of the condition $$7x^4 > 2x^3+9x^2$$ is:,Advanced,"$x \in (-\infty,-1) \ \cup \ \left(\frac{9}{7},+\infty \right)$","$x \in \left(-1,\frac{9}{7}\right)$","$x \in (-\infty,-1) \ \cup \ \left(0,\frac{9}{7} \right)$","$x \in (-1,0) \ \cup \ \left(\frac{9}{7},+\infty \right)$",,,2023-05-11 07:06:37+00,1,2023-05-26 09:14:15+00,64,5,5,1
1563,2956,"",7,2,The solution of the condition $$x^6+x^2 > -2x^4+4$$ is:,Basic,"$x \in (-\infty,-1) \ \cup \ (1,+\infty)$","$x \in (-1,1)$","$x \in (1,+\infty)$","$x \in (-\infty,1)$",,,2023-05-11 10:42:44+00,1,2023-05-26 09:14:19+00,64,5,5,1
1564,2956,"",7,2,The solution of the condition $$2x^6-2 > -3x^3$$ is:,Advanced,"$x \in \left(-\infty,-\sqrt[3]{2}\right) \ \cup \ \left( \frac{1}{\sqrt[3]{2}},+\infty\right)$","$x \in (-\infty,-2) \ \cup \ \left(\frac{1}{2},+\infty\right)$","$x \in \left(-2,\frac{1}{2}\right)$","$x \in \left(-\sqrt[3]{2},\frac{1}{\sqrt[3]{2}} \right)$",,,2023-05-12 12:25:05+00,1,2023-05-26 09:14:22+00,64,3,2,1
1565,2956,"",7,2,The solution of the condition $$\frac{x}{x+1} > 2$$ is:,Advanced,"$x \in (-2,-1)$","$x \in (-2,+\infty)$","$x \in (-\infty,2)$","$x \in (-\infty,-2) \ \cup \ (-1,+\infty)$",,,2023-05-12 12:33:00+00,1,2023-05-26 09:14:25+00,64,3,2,1
1566,2956,"",7,2,The solution of the condition $$\frac{2}{x^2+x} \geq 1$$ is:,Advanced,"$x \in [-2,-1) \ \cup \ (0,1]$","$x \in [-2,1]$","$x \in (0,2]$","$x \in (-2,1)$",,,2023-05-12 12:40:11+00,1,2023-05-26 09:14:28+00,64,3,2,1
1567,2956,"",7,2,The solution of the condition $$\frac{x-3}{x^2-4} > \frac{x}{x-2}$$ is:,Advanced,"$x \in (-2,2)$","$x \in (-\infty,-2) \ \cup \ (2,+\infty)$",$\emptyset$,"$x \in (-\infty,2)$",,,2023-05-12 12:50:26+00,1,2023-05-26 09:14:34+00,64,5,5,1
1568,2956,"",7,2,The solution of the equation $$\frac{x}{|x|}=0$$ is:,Advanced,$x \in \emptyset$,$x \in \mathbb{R}$,$x=0$,$x \in \mathbb{R} \setminus \{0\}$,,,2023-05-15 10:38:37+00,1,2023-05-26 09:14:40+00,64,3,2,1
1570,2956,"",7,2,The solution of the equation $$\frac{x^2-9}{|x+3|}=0$$ is:,Advanced,$x \in \{3\}$,"$x \in \{-3,3\}$",$x \in \emptyset$,$x \in \{-3\}$,,,2023-05-16 08:41:40+00,1,2023-05-26 09:14:43+00,64,4,6,1
1571,2956,"",7,2,The solution of the equation $$\frac{2x^2-8}{|x+3|}=1$$ is:,Advanced,$x \in \bigg\{ \frac{5}{2} \bigg\}$,$x \in \{-2\}$,"$x \in \bigg\{ -2,\frac{3}{2},\frac{5}{2} \bigg\}$",$x \in \emptyset$,,,2023-05-16 08:56:19+00,1,2023-05-26 09:14:46+00,64,4,6,1
1572,2956,"",7,2,The solution of the condition $$\frac{x^3+9x^2-36x}{|x^3-1|} \leq 0$$ is:,Advanced,"$x \in (-\infty,-12] \ \cup \ [0,1) \ \cup \ (1,3]$","$x \in (-\infty,-12] \ \cup \ [0,3]$","$x \in [-12,0] \ \cup \ [3, +\infty)$","$x \in \{-12,0,3\}$",,,2023-05-16 09:49:38+00,1,2023-05-26 09:14:50+00,64,5,5,1
1573,2956,"",7,2,The solution of the condition $$\frac{|x+1|}{|x+2|} > 0$$ is:,Advanced,"$x \in (-\infty,-2) \ \cup \ (-2,-1) \ \cup \ (-1,+\infty)$",$x \in \mathbb{R}$,"$x \in (-\infty,-1) \ \cup \ (-1,+\infty)$","$x \in (-\infty,-2) \ \cup \ (-2,+\infty)$",,,2023-05-16 10:04:59+00,1,2023-05-26 09:14:53+00,64,5,5,1
1574,2956,"",7,2,The solution of the equation $$\frac{x^3+6x^2-3x-4}{|x^2-1|}=0$$ is:,Advanced,"$x \in \{\frac{-7-\sqrt{33}}{2},\frac{-7+\sqrt{33}}{2} \}$","$x \in \{1,\frac{-7-\sqrt{33}}{2},\frac{-7+\sqrt{33}}{2} \}$","$x \in \{\frac{-7-\sqrt{33}}{8},\frac{-7+\sqrt{33}}{8} \}$","$x \in \{1,\frac{-7-\sqrt{33}}{8},\frac{-7+\sqrt{33}}{8} \}$",,,2023-05-17 08:20:26+00,1,2023-05-26 09:14:57+00,64,5,5,1
1575,2956,"",7,2,The solution of the equation $$\frac{\log(x)}{x-1}=0$$ is:,Advanced,$x \in \emptyset$,$x \in \{1\}$,$x \in \{e\}$,$x \in \{0\}$,,,2023-05-18 04:31:46+00,1,2023-05-26 09:15:02+00,64,5,5,1
1576,2943,"",5,53,"Find the flux of $\textbf{F}$ across S, where $\displaystyle\textbf{F}(x,y,z)=z\textbf{i}+y\textbf{j}+x\textbf{k}\,$, where S is the helicoid surface with vector equation $\displaystyle\textbf{r}(u,v)=(u\cos({v}),u\sin({v}),v)\,$, with $\displaystyle 0\leq\,u\leq\,1\,$, $\displaystyle0\leq\,v\leq\,\pi\,$ with upward orientation.",Basic,$\pi$,$2\pi$,$1$,$0$,,,2023-06-29 08:01:36+00,1,2023-07-21 10:49:28+00,38,2,1,1
1577,2943,"",5,53,"Find the flux of $\displaystyle\textbf{F}$ across S, where $\displaystyle\textbf{F}(x,y,z)=xy\textbf{i}+yz\textbf{j}+zx\textbf{k}\,$, where S is part of the paraboloid $\displaystyle z=4-x^2-y^2$ that lies above the square $\displaystyle0\leq\,x\leq\,1\,$, $\displaystyle0\leq\,y\leq\,1\,$, and has upward orientation.",Basic,$\dfrac{713}{180}$,$\dfrac{713}{90}$,$\dfrac{719}{180}$,$\dfrac{719}{90}$,,,2023-06-29 08:04:51+00,1,2023-07-21 10:50:26+00,38,1,3,1
1578,2943,"",5,53,"Find the flux of $\displaystyle\textbf{F}$ across S, where $\displaystyle\textbf{F}(x,y,z)=-x\textbf{i}-y\textbf{j}+z^3\textbf{k}\,$, where S is part of the cone $\displaystyle z=\sqrt{x^2+y^2}\,$ between $\displaystyle z=1\,$ and $\displaystyle z=3\,$, with downward orientation.",Advanced,$-\dfrac{1712\pi}{15}$,$-\dfrac{1712\pi}{3}$,$-\dfrac{1712\pi}{5}$,$-\dfrac{1712\pi}{7}$,,,2023-06-29 08:07:49+00,1,2023-07-21 10:51:07+00,38,5,4,1
1579,2943,"",5,53,"Find the flux of $\displaystyle\textbf{F}$ across S, where $\displaystyle\textbf{F}(x,y,z)=x\textbf{i}-z\textbf{j}+y\textbf{k}\,$, where S is part of the sphere $\displaystyle x^2+y^2+z^2=4\,$ in the first octant, with orientation toward the origin.",Basic,$-\dfrac{4\pi}{3}$,$\dfrac{4\pi}{3}$,$-\dfrac{5\pi}{3}$,$\dfrac{5\pi}{3}$,,,2023-06-29 08:09:37+00,1,2023-07-21 10:52:13+00,38,3,2,1
1580,2943,"",5,53,"Find the flux of $\displaystyle\textbf{F}$ across S, where $\displaystyle\textbf{F}(x,y,z)=xz\textbf{i}+x\textbf{j}+y\textbf{k}\,$, where S is the hemisphere $\displaystyle x^2+y^2+z^2=25\,,\,y\geq\,0\,$, oriented in the direction of the positive y-axis.",Basic,$0$,$1$,$2$,$-1$,,,2023-06-29 08:12:19+00,1,2023-07-21 10:54:46+00,38,3,2,1
1581,2943,"",5,53,"Find the flux of $\displaystyle\textbf{F}$ across S, where $\displaystyle\textbf{F}(x,y,z)=y\textbf{j}-z\textbf{k}\,$, where S consists of the paraboloid $\displaystyle y=x^2+z^2\,, 0\leq\,y\leq\,1\,,$ and the disk $\displaystyle x^2+z^2\leq\,1\,, y=1$.",Basic,$0$,$1$,$5$,$3$,,,2023-06-29 08:15:11+00,1,2023-07-21 10:55:24+00,38,4,4,1
1582,2943,"",5,53,"Find the flux of $\displaystyle\textbf{F}$ across S, where $\textbf{F}(x,y,z)=xy\textbf{i}+4x^2\textbf{j}+yz\textbf{k}\,$.
S is the surface $\displaystyle z=x\operatorname{e}^y\,$, where $\displaystyle 0\leq\,x\leq\,1\,,\,0\leq\,y\leq\,1\,$, with upward orientation.",Basic,$1-\operatorname{e}$,$\operatorname{e}$,$\operatorname{e}-1$,$1$,,,2023-06-29 08:17:33+00,1,2023-07-21 10:56:10+00,38,1,3,1
1583,2943,"",5,53,"Find the flux of $\textbf{F}$ across S, where $\displaystyle\textbf{F}(x,y,z)=x\textbf{i}+2y\textbf{j}+3z\textbf{k}\,$, where S is the cube with vertices $\displaystyle(\pm 1, \pm 1, \pm 1)$.",Basic,$48$,$24$,$12$,$6$,,,2023-06-29 08:19:11+00,1,2023-07-21 10:56:38+00,38,1,3,1
1584,2943,"",5,53,"Find the flux of $\displaystyle\textbf{F}$ across S, where $\displaystyle\textbf{F}(x,y,z)=x\textbf{i}+y\textbf{j}+5\textbf{k}\,$, where S is the boundary of the region enclosed by the cylinder $\displaystyle x^2+z^2=1\,$ and the planes $\displaystyle y=0\,$ and $\displaystyle x+y=2$.",Basic,$4\pi$,$\pi$,$\dfrac{\pi}{4}$,$\dfrac{\pi}{2}$,,,2023-06-29 08:21:46+00,1,2023-07-21 10:57:27+00,38,3,2,1
1585,2943,"",5,53,"Find the flux of $\displaystyle\textbf{F}$ across S, where $\textbf{F}(x,y,z)=x^2\textbf{i}+y^2\textbf{j}+z^2\textbf{k}\,$, where S is the boundary of the solid half-cylinder $\displaystyle 0\leq\,z\leq\,\sqrt{1-y^2}\,,\,0\leq\,x\leq\,2$.",Basic,$2\pi+\dfrac{8}{3}$,$\pi+\dfrac{8}{3}$,$2\pi+\dfrac{4}{3}$,$4\pi+\dfrac{4}{3}$,,,2023-06-29 08:24:05+00,1,2023-07-21 10:58:05+00,38,3,2,1
1586,2943,"",5,53,"Find the flux of $\displaystyle\textbf{F}$ across S, where $\displaystyle\textbf{F}(x,y,z)=y\textbf{i}+(z-y)\textbf{j}+x\textbf{k}\,$, where S is the surface of the tetrahedron with vertices $\displaystyle(0,0,0),\,(1,0,0),\,(0,1,0),\,(0,0,1)$.",Basic,$-\dfrac{1}{6}$,$\dfrac{1}{6}$,$-\dfrac{1}{4}$,$\dfrac{1}{4}$,,,2023-06-29 08:26:04+00,1,2023-07-21 10:58:46+00,38,2,1,1
1587,2943,"",5,53,"Evaluate the surface integral $\displaystyle\iint\limits_S yz\,dS\,$, where S is part of the plane $x+y+z=1$ that lies in the first octant.",Basic,$\dfrac{\sqrt{3}}{24}$,$\dfrac{\sqrt{2}}{24}$,$\dfrac{\sqrt{5}}{24}$,$\dfrac{\sqrt{6}}{24}$,,,2023-06-29 08:30:52+00,1,2023-07-21 11:00:03+00,38,1,3,1
1588,2943,"",5,53,"Evaluate $\displaystyle\iint\limits_S yz\,dS\,$, where S is the surface with parametric equations $\displaystyle x=u^2\,,\,y=u\sin({v})\,,\,z=u\cos({v})$, where $\displaystyle 0\leq\,u\leq\,1\,,\,0\leq\,v\leq\,\dfrac{\pi}{2}$.",Advanced,$\dfrac{5\sqrt{5}}{48}+\dfrac{1}{240}$,$\dfrac{\sqrt{5}}{48}+\dfrac{1}{120}$,$\dfrac{\sqrt{2}}{48}+\dfrac{1}{120}$,$\dfrac{\sqrt{2}}{50}+\dfrac{1}{240}$,,,2023-06-29 08:34:09+00,1,2023-07-21 11:02:10+00,38,4,4,1
1589,2943,"",5,53,"Evaluate $\displaystyle\iint\limits_S x\,dS\,$, where S is the surface defined by $y=x^2\,$, $0\leq x\leq2\,,\,0\leq z\leq 3$.",Basic,$\dfrac{17\sqrt{17}-1}{4}$,$\dfrac{17\sqrt{17}-1}{2}$,$\dfrac{15\sqrt{15}-1}{2}$,$\dfrac{15\sqrt{15}-1}{4}$,,,2023-06-29 08:41:27+00,1,2023-07-21 11:03:23+00,38,1,1,1
1590,2943,"",5,53,"Evaluate $\displaystyle\iint\limits_S z\,dS\,$, where S is the surface defined by $y^2+z^2=4\,$, $0\leq z\,,\,1\leq x\leq 4$.",Basic,$24$,$12$,$18$,$6$,,,2023-06-29 08:43:52+00,1,2023-07-21 11:04:27+00,38,3,2,1
1591,2943,"",5,53,"Evaluate $\displaystyle\iint\limits_S z^2\,dS\,$, where S is the hemisphere defined by $\displaystyle x^2+y^2+z^2=a^2\,$, $\displaystyle z\geq\,0$.",Basic,$\dfrac{2a^4\pi}{3}$,$\dfrac{a^4\pi}{3}$,$\dfrac{5a^4\pi}{3}$,$\dfrac{7a^4\pi}{3}$,,,2023-06-29 08:46:09+00,1,2023-07-21 11:08:04+00,38,4,4,1
1592,2943,"",5,53,"Evaluate $\displaystyle\iint\limits_S z\,dS\,$, where S is the portion of the plane $x+y+z=4$ that lies above the square $0\leq x\leq1\,,\,0\leq y\leq 1$, in the xy-plane.",Basic,$3\sqrt{3}$,$2\sqrt{2}$,$5\sqrt{5}$,$6\sqrt{6}$,,,2023-06-29 08:47:28+00,1,2023-07-21 11:09:53+00,38,1,1,1
1876,50,"",7,2,"Evaluate:

$\dfrac{\log_{10}625 +\dfrac{1}{2}log_{10}25 +\dfrac{1}{3}log_{10}125}{3log_{10}5}$",Basic,$2$,$\dfrac{3}{4}$,$1$,$\dfrac{4}{3}$,,,2019-10-17 11:17:08+00,1,2020-05-11 09:15:36+00,37,4,6,
1593,2943,"",5,53,"Evaluate the surface integral $\displaystyle \iint\limits_S (z-x)\,dS\,$, where S is defined by $z=\sqrt{x^2+y^2}\,$, where $0\leq z\leq1$.",Basic,$\dfrac{2\pi\sqrt{2}}{3}$,$\dfrac{4\sqrt{2}}{3}$,$\dfrac{\pi\sqrt{2}}{3}$,$\dfrac{\sqrt{2}}{3}$,,,2023-06-29 08:49:12+00,1,2023-07-21 11:11:29+00,38,2,1,1
1594,2943,"",5,53,"Evaluate the surface integral $\displaystyle \iint\limits_S \big(x^2\sqrt{5-4z}\big)\,dS\,$, where S defined by $z=1-x^2-y^2\,$, where $z\geq 0$.",Advanced,$\dfrac{11\pi}{12}$,$\dfrac{5\pi}{12}$,$\dfrac{11}{12}$,$\dfrac{5}{12}$,,,2023-06-29 08:50:56+00,1,2023-07-21 11:12:13+00,38,4,4,1
1595,2943,"",5,53,"Evaluate $\displaystyle\iint\limits_S yz\,dS\,$, where S is the part of the sphere  $x^2+y^2+z^2=4\,$, that lies above the cone $z=\sqrt{x^2+y^2}$.",Basic,$0$,$\pi$,$1$,$2\pi$,,,2023-06-29 08:52:25+00,1,2023-07-21 11:13:02+00,38,5,4,1
1596,2943,"",5,53,"Find the flux of the vector field $\textbf{F}(x,y,z)=z^2\textbf{i}+x\textbf{j}-3z\textbf{k}\,$ across the surface cut from the parabolic cylinder $z=4-y^2$ by the planes $x=0\,,x=1\,,z=0$, with outward orientation.",Basic,$-32$,$-16$,$32$,$16$,,,2023-06-29 08:53:38+00,1,2023-07-21 11:15:23+00,38,4,4,1
1597,2943,"",5,53,"Find the flux of the vector field $\textbf{F}(x,y,z)=x^2\textbf{j}-xz\textbf{k}\,$ across the surface cut from the parabolic cylinder $y=x^2\,,-1\leq x\leq1\,$, by the planes $z=2\,$ and $z=0$, with Positive $y$ orientation.",Basic,$-\dfrac{4}{3}$,$\dfrac{4}{3}$,$-\dfrac{2}{3}$,$\dfrac{2}{3}$,,,2023-06-29 08:55:26+00,1,2023-07-21 11:16:43+00,38,2,1,1
1598,2943,"",5,53,"Find the flux of the vector field $\textbf{F}(x,y,z)=z\textbf{k}\,$ across the portion of the sphere $x^2+y^2+z^2=a^2\,$ in the first octant in the direction away from the origin.",Basic,$\dfrac{a^3\pi}{6}$,$\dfrac{a^3\pi}{4}$,$\dfrac{a^4\pi}{6}$,$\dfrac{a^4\pi}{4}$,,,2023-06-29 08:56:54+00,1,2023-07-21 11:17:33+00,38,4,4,1
1599,2943,"",5,53,"Find the flux of the vector field $\textbf{F}(x,y,z)=x\textbf{i}+y\textbf{j}+z\textbf{k}\,$ across the sphere $x^2+y^2+z^2=a^2\,$ in the direction away from the origin.",Basic,$4\pi a^3$,$2\pi a^3$,$4\pi a^2$,$2\pi a^2$,,,2023-06-29 08:58:18+00,1,2023-07-21 11:18:26+00,38,1,3,1
1600,2943,"",5,53,"Find the flux of the vector field $\textbf{F}(x,y,z)=2xy\textbf{i}+2yz\textbf{j}+2xz\textbf{k}\,$ across the plane $x+y+z=2a\,$ that lies above the square $0\leq x\leq a\,,0\leq y\leq2a\,$, in the xy-plane with upward orientation.",Basic,$\dfrac{13a^4}{6}$,$\dfrac{11a^4}{6}$,$\dfrac{7a^4}{6}$,$\dfrac{5a^4}{6}$,,,2023-06-29 09:02:12+00,1,2023-07-21 11:19:28+00,38,2,1,1
1601,2943,"",5,53,"Find the flux of the vector field $\textbf{F}(x,y,z)=x\textbf{i}+y\textbf{j}+z\textbf{k}\,$ across the portion of the cylinder $x^2+y^2=1\,$ cut by the planes $z=0\,$ and $z=a$, with outward orientation.",Basic,$2\pi a$,$\pi a$,$4\pi a$,$3\pi a$,,,2023-06-29 09:03:40+00,1,2023-07-21 11:20:25+00,38,4,4,1
1602,2943,"",5,53,"Find the flux of the vector field $\textbf{F}(x,y,z)=xy\textbf{i}-z\textbf{k}\,$ across the surface of the cone $z=\sqrt{x^2+y^2}\,, 0\leq z\leq1$, with outward orientation.",Basic,$\dfrac{2\pi}{3}$,$\dfrac{\pi}{3}$,$\dfrac{2}{3}$,$\dfrac{1}{3}$,,,2023-06-29 09:05:45+00,1,2023-07-21 11:21:25+00,38,2,1,1
1603,2943,"",5,53,"Find the flux of the vector field $\textbf{F}(x,y,z)=z\textbf{i}+y\textbf{j}+x\textbf{k}\,$ over the unit sphere $x^2+y^2+z^2=1$.",Basic,$\dfrac{4\pi}{3}$,$\dfrac{4\pi r^3}{3}$,$\dfrac{2\pi}{3}$,$\dfrac{2\pi r^3}{3}$,,,2023-07-20 09:29:54+00,1,2023-07-21 11:24:10+00,38,1,3,1
1604,2943,"",5,53,"Find the flux of the vector field $\textbf{F}(x,y,z)=xy\textbf{i}+(y^2+\operatorname{e^{xz^2}})\textbf{j}+\sin{(xy)}\textbf{k}\,$, where S is the boundary of the solid region E bounded by $z=1-x^2$, $y=0$, $z=0\,$ and $z+y=2$.",Basic,$\dfrac{184}{35}$,$\dfrac{154}{35}$,$\dfrac{184}{21}$,$\dfrac{154}{21}$,,,2023-07-21 02:56:14+00,1,2023-07-21 11:25:18+00,38,4,4,1
1605,2943,"",5,53,"Using the Divergence Theorem, find the flux of the vector field $\textbf{F}(x,y,z)=xy\operatorname{e^z}\textbf{i}+xy^2z^3\textbf{j}-y\operatorname{e^z}\textbf{k}\,$, where S is the surface of the box bounded by the coordinate planes and the planes $x=3$, $y=2\,$ and $z=1$.",Basic,$\dfrac{9}{2}$,$\dfrac{7}{2}$,$\dfrac{5}{2}$,$\dfrac{3}{2}$,,,2023-07-21 03:30:00+00,1,2023-07-21 11:26:50+00,38,1,3,1
1606,2943,"",5,53,"Using the Divergence Theorem, find the flux of the vector field $\textbf{F}(x,y,z)=3xy^2\textbf{i}+x\operatorname{e^z}\textbf{j}+z^3\textbf{k}\,$, where S is the surface of the solid bounded by  $y^2+z^2=1$, $x=-1\,$ and $x=2$.",Basic,$\dfrac{9\pi}{2}$,$\dfrac{3\pi}{2}$,$\dfrac{\pi}{2}$,$\dfrac{5\pi}{2}$,,,2023-07-21 03:52:59+00,1,2023-07-21 11:32:50+00,38,1,3,1
1607,2943,"",5,53,"Using the Divergence Theorem, find the flux of the vector field $\textbf{F}(x,y,z)=(x^3+y^3)\textbf{i}+(y^3+z^3)\textbf{j}+(z^3+x^3)\textbf{k}\,$, where S is the sphere with center the origin and radius 2.",Basic,$\dfrac{384\pi}{5}$,$\dfrac{342\pi}{5}$,$\dfrac{321\pi}{5}$,$\dfrac{363\pi}{5}$,,,2023-07-21 04:07:51+00,1,2023-07-21 11:34:22+00,38,4,4,1
1608,2943,"",5,53,"Using the Divergence Theorem, find the flux of the vector field $\textbf{F}(x,y,z)=x^2\sin{(y)}\textbf{i}+x\cos{(y)}\textbf{j}-xz\sin{(y)}\textbf{k}\,$, where S is the ""fat sphere"" defined by $x^8+y^8+z^8=8$.",Basic,$0$,$1$,$\pi$,$2\pi$,,,2023-07-21 09:10:32+00,1,2023-07-21 11:35:47+00,38,5,4,1
1609,2943,"",5,53,"Using the Divergence Theorem, find the flux of the vector field $\textbf{F}(x,y,z)=z\textbf{i}+y\textbf{j}+zx\textbf{k}\,$, where S is the surface of the tetrahedron enclosed by the coordinate planes and the plane $\dfrac{x}{a}+\dfrac{y}{b}+\dfrac{z}{c}=1$, and where $a,b,c > 0$.",Basic,$\dfrac{abc(a+4)}{24}$,$\dfrac{abc(a+2)}{24}$,$\dfrac{abc(a+4)}{12}$,$\dfrac{abc(a+2)}{12}$,,,2023-07-21 09:19:39+00,1,2023-07-27 06:21:07+00,38,4,4,1
1610,2943,"",5,53,"Using the Divergence Theorem, find the flux of the vector field $\textbf{F}(x,y,z)=x^2yz\textbf{i}+xy^2z\textbf{j}+xyz^2\textbf{k}\,$, where S is the surface of the box enclosed by the planes $x=0$, $x=a$, $y=0$, $y=b$, $z=0$, $z=c$, where $a$, $b\,$ and $c\,$ are positive numbers. ",Basic,$\dfrac{3a^2b^2c^2}{4}$,$\dfrac{a^2b^2c^2}{4}$,$\dfrac{3a^2b^2c^2}{2}$,$\dfrac{a^2b^2c^2}{2}$,,,2023-07-21 09:27:32+00,1,2023-07-21 11:43:52+00,38,1,3,1
1611,2943,"",5,53,"Using the Divergence Theorem, find the flux of the vector field $\textbf{F}(x,y,z)=(\cos{(z)}+xy^2)\textbf{i}+x\operatorname{e^{-z}}\textbf{j}+(\sin{(y)}+x^2z)\textbf{k}\,$, where S is the surface of the solid bounded by $z=x^2+y^2$ and $z=4$.",Basic,$\dfrac{32\pi}{3}$,$\dfrac{16\pi}{3}$,$\dfrac{64\pi}{3}$,$\dfrac{8\pi}{3}$,,,2023-07-21 09:41:25+00,1,2023-07-21 11:45:07+00,38,3,2,1
1612,2943,"",5,53,"Using the Divergence Theorem, find the flux of the vector field $\textbf{F}(x,y,z)=x^4\textbf{i}-x^3z^2\textbf{j}+4xy^2z\textbf{k}\,$, where S is the surface of the solid bounded by $x^2+y^2=1\,$, $z=x+2$ and $z=0$.",Basic,$\dfrac{2\pi}{3}$,$\dfrac{4\pi}{3}$,$\dfrac{7\pi}{3}$,$\dfrac{5\pi}{3}$,,,2023-07-21 09:53:37+00,1,2023-07-21 11:47:06+00,38,3,2,1
1613,2943,"",5,53,"Using the Divergence Theorem, find the flux of the vector field $\textbf{F}(x,y,z)=\operatorname{e^x}\sin{(y)}\textbf{i}+\operatorname{e^x}\cos{(y)}\textbf{j}+yz^2\textbf{k}\,$, where S is the surface of the box where $0\leq\, x\leq\,1\,,\,0\leq\, y\leq\,1\,,\,0\leq\, z\leq\,2$.",Basic,$2$,$0$,$1$,$3$,,,2023-07-21 10:09:21+00,1,2023-07-21 11:50:41+00,38,1,3,1
1623,3390,,10,,Simplify the expression \( i^{148} \).,Basic,kk,3,2,1,,,2024-05-22 05:23:12+00,2,,,1,1,
1625,41,"",14,,The $t_{\frac{\alpha}{2}}$ value for a $\mu$ confidence interval is $2.821$  when the sample size is 10. Identify the confidence level of this interval.,Advanced, $98 \%$.,$80 \%$.,$99 \%$.,$95 \%$.,tables.pdf,pdf,2019-09-18 08:07:28+00,1,2019-11-27 05:28:52+00,38,1,1,
1626,41,"",14,,"The goal of the manager of a huge international company is to have a team with the mean IQ equal to 85 and the variance equal to 10. 13 randomly selected team members were tested and results are: 85; 92; 93; 90; 81; 78; 76; 78; 77; 80; 89; 92; 94. A statistician of this company performed a test with the following hypothesis:  $H_0: \sigma^2 = 10$ v.s. $H_a: \sigma^2 \neq10$.  If the significance level is $\alpha= 0.05$,  what is the non-rejection region for this test?",Advanced,$[4.404;23.336]$.,$[5.009;24.736]$.,$[5.123;23.321]$.,"$[5.892;22,362]$.",tables.pdf,pdf,2019-09-18 08:15:14+00,1,2019-11-27 05:29:30+00,38,3,4,
1627,79,"",17,,"A system consists of eight components, connected as shown in the diagram. Suppose that the components function independently, and have the following probabilities of functioning successfully: $P(A)=0.995$, $P(B)=0.99$, $P(C)=P(D)=P(E)=0.95$, $P(F)=0.90$, $P(G)=0.90$, and $P(H)=0.98$. 
Considering that the system functions if and only if there is a path of functional components from left to right, what is the probability that the system functions?",Advanced,"0.973
","0.985
","0.999
",0.015,system2.png,png,2019-12-08 04:44:31+00,1,2019-12-09 07:15:22+00,41,2,5,
1628,79,"",17,,"A system consists of eight components, connected as shown in the diagram. Suppose that the components function independently, and have the following probabilities of functioning successfully: $P(A)=0.995$, $P(B)=0.99$, $P(C)=P(D)=P(E)=0.95$, $P(F)=0.90$, $P(G)=0.90$, and $P(H)=0.98$. 
Considering that the system functions if and only if there is a path of functional components from left to right, what is the probability that the system fails?",Advanced,"0.027
","0.015
","0.001
",0.985,system2.png,png,2019-12-08 04:46:34+00,1,2019-12-09 07:14:33+00,41,2,5,
1629,79,"",17,,"A system consists of four components, connected as shown in the diagram. Suppose that the components function independently, and that the probabilities of failure are 5% for $A$, 3% for $B$, 7% for $C$, and 14% for $D$. 
Considering that the system functions if and only if there is a path of functional components from left to right, what is the probability that the system functions?",Advanced,"0.913
","0.003
","0.679
",0.290,system1.png,png,2019-12-08 04:37:46+00,1,2019-12-09 07:15:51+00,41,2,5,
1630,79,"",17,,"A system consists of four components, connected as shown in the diagram. Suppose that the components function independently, and that the probabilities of failure are 5% for $A$, 3% for $B$, 7% for $C$, and 14% for $D$. 
Considering that the system functions if and only if there is a path of functional components from left to right, what is the probability that the system fails?",Advanced,"0.088
","0.999
","0.321
",0.710,system1.png,png,2019-12-08 04:41:48+00,1,2019-12-09 07:13:01+00,41,3,2,
1634,1666,"",28,46,"From the given venn diagram, determine $\left( P - Q \right) \cup \left( R - Q \right)$.
     ",Basic,"$\left\{ a,i,j,b,l,k,g \right\}$","$\left\{ a,i,j,h,e,f,b,l,k,g \right\}$","$\left\{ a,i,j \right\}$","$\left\{ c,m,n,d \right\}$",set3sfa.jpg,jpg,2020-10-03 03:57:51+00,1,2020-10-28 11:30:56+00,64,1,4,
1635,1666,"",28,46,The shaded region in the given venn diagram represents $\rule{3cm}{0.18mm}$,Basic,$ \left( P \cap Q \right) \cup R$,$ \overline{P} \cap \overline{Q} $, $ P \cup Q \cup R $,$ \left( P \cap Q \right) \cup R$,,,2020-10-03 03:05:12+00,1,2020-10-28 12:47:37+00,80,1,4,
1636,1666,"",28,46,Which of the following expression is represented by the shaded region in the given venn diagram?,Basic,$A-B$,$B-A$,$\overline{B}$,$A \cap B$,set1sfa.jpg,jpg,2020-10-03 03:01:35+00,1,2020-10-28 12:47:45+00,80,1,4,
1638,41,"",14,,"An experiment is conducted to measure the sugar levels of 12 diabetes patients before and after a special diet of one month. For each patient, one reading ($x$) was taken soon after the diagnosis, and then another one ($y$) after the one month diet. The resulting sugar levels are presented in the attached scattergram. What relationship between these two variables can be seen?",Advanced,No dependence (or dependence can't be seen)  between before and after  the one month program sugar levels.,There is negative linear dependence between before and after the one month program sugar levels.,There are both positive and negative linear dependence between before and after the one month program sugar levels. ,There is positive linear dependence between before and after the one month program sugar levels.,scatt.png,png,2019-09-19 03:56:56+00,1,2019-11-27 05:31:59+00,38,3,4,
1639,80,"",15,41,"Find the level curve of the function $f(x,y) = -x^3-2-y$ for the values $k = -1, 0, 1, 2 $.",Advanced,D,A,B,C,plus2.png,png,2020-01-08 09:57:58+00,1,2020-02-08 12:54:39+00,67,1,1,
1640,38,"",15,41,"Considera que a figura associada a esta questão representa o domínio de uma determinada função $f$. Indica qual dos seguintes conjuntos representa o domínio:
",Basic,"$\displaystyle D=\big\{(x,y)\in\mathbb{R}^2: x\neq 0 \land y\neq x^2  \big\}$","$\displaystyle D=\big\{(x,y)\in\mathbb{R}^2: y\neq 0 \land y\neq x^2  \big\}$","$\displaystyle D=\big\{(x,y)\in\mathbb{R}^2:  y\neq x^2  \big\}$","$\displaystyle D=\big\{(x,y)\in\mathbb{R}^2: x\neq 0 \land x\neq y^2  \big\}$",IMG_2622.jpg,jpg,2019-12-13 04:58:50+00,2,,,1,1,
1641,41,"",14,,The testing of the statistical hypothesis is shown graphically (attached). Which statement corresponds to the graphical situation?,Advanced,Accept the null hypothesis with the significance level $\alpha=0.05$.,Reject the null hypothesis with the significance \\ level $\alpha=0.025$.,Accept the null hypothesis with the significance \\ level $\alpha=0.025$.,Accept the alternative hypothesis with the significance level $\alpha=0.5$.,hypo1.png,png,2019-09-18 08:18:54+00,1,2019-11-27 05:30:21+00,38,4,4,
1642,80,"",15,41,"Find the level curve of the function $f(x,y) = x^4-3x^3+2x^2-y $ for the values $k = -1.5, -0.8, 0, 0.4, 0.8$.",Advanced,A,B,C,D,graphic11.png,png,2020-01-08 09:49:47+00,1,2020-02-08 12:54:27+00,67,1,1,
1665,1666,"",5,44,Find the area bounded by the curve $\displaystyle y=x^2$ and $\displaystyle y = |x| $.,Advanced," $\dfrac{1}{3}$ square units
 ",$2$ square units,$\dfrac{2}{5}$ square units,$\dfrac{1}{4}$ square units,,,2020-10-10 04:41:44+00,1,2020-11-23 12:21:52+00,38,1,1,
1870,50,"",7,2,"Make $p$ the subject of the expression: 

$\dfrac{t}{h}=\displaystyle \sqrt\frac{p-q}{p+q}$",Advanced,$p=\dfrac{-q(h^2 +t^2)}{(t^2-h^2)}$,$p=\dfrac{q(h^2 -t)}{(h^2-t^2)}$,$p=\dfrac{(h^2 +t)}{q(h^2-t^2)}$,$p=\dfrac{(h^2 -t)}{q(h^2+t^2)}$,,,2019-10-17 10:53:53+00,1,2020-05-11 09:07:15+00,37,2,3,
1643,75,"",22,,The adjacency matrix that represents the graph,Basic,"$\left[\begin{array}{cccc}
		0 & 1 & 1 & 1 \\
		1 & 0 & 0 & 1 \\
		1 & 0 & 0 & 0 \\ 
		1 & 1 & 0 & 0 
		\end{array}\right]$","$\left[\begin{array}{cccc}
		0 & 1 & 0 & 1 \\
		1 & 0 & 1 & 1 \\
		0 & 1 & 0 & 0 \\ 
		1 & 1 & 0 & 0 
		\end{array}\right]$","$\left[\begin{array}{cccc}
		0 & 1 & 0 & 1 \\
		1 & 1 & 1 & 1 \\
		0 & 1 & 1 & 0 \\ 
		1 & 1 & 0 & 0 
		\end{array}\right]$","$\left[\begin{array}{cccc}
		0 & 0 & 1 & 1 \\
		0 & 0 & 0 & 1 \\
		1 & 0 & 0 & 1 \\
		0 & 1 & 0 & 0 \\ 
		1 & 1 & 0 & 0 
		\end{array}\right]$",graph2_FA.JPG,JPG,2019-11-28 15:50:57+00,1,2020-05-08 00:42:03+00,61,1,1,
1644,75,"",22,,The graph,Basic,is disconnected.,has one vertex with degree three.,has every vertices are adjacent.,has every vertices are adjacent.,graph1_FA.JPG,JPG,2019-11-28 15:23:11+00,1,2020-05-08 00:37:57+00,61,1,1,
1645,91,"",7,1,Which are the polygons? Mark the correct answer.,Basic,"B, D, E, F and G.","D, E and G.","A, D, E, G and H.","B, C and F.",figuras_geometricas.jpg,jpg,2019-12-13 05:17:02+00,1,2020-01-23 03:24:19+00,67,1,1,
1646,75,"",22,,"The incidence matrix 	$\left[\begin{array}{cccccc}
		1 & 0 & 1 & 0 & 0 & 0 \\
	    1 & 1 & 0 & 0 & 0 & 0 \\	
		0 & 1 & 1 & 1 & 1 & 0 \\ 
		0 & 0 & 0 & 0 & 1 & 1 \\
		0 & 0 & 0 & 1 & 0 & 1 \\
		\end{array}\right]$ represents the graph:
",Basic,(c),(d),(a),(b),Fig2_FA.JPG,JPG,2019-11-28 15:54:57+00,1,2020-05-08 00:42:52+00,61,1,1,
1647,75,"",22,,Which pair of simple graphs are isomorphic?,Basic,(c),(b),(d),(a),Fig1_FA.JPG,JPG,2019-11-28 15:48:20+00,1,2020-05-08 00:41:16+00,61,3,2,
1648,75,"",22,,"Consider the following weighted graph and, only one do not indicate the shortest path between $v_0$ and $v_3$ using Dijkstra's algorithm.",Basic,$v_0v_4v_8v_3$,$v_0v_1v_2v_3$,$v_0v_4v_2v_3$ ,$v_0v_4v_1v_2v_3$,FA19_graph.JPG,JPG,2019-12-15 08:14:28+00,1,2020-05-08 02:06:12+00,61,3,2,
1649,75,"",22,,"Consider the weighted graph in the picture. Applying the Prim's algorithm to find the minimum spanning tree starting at vertex $a$, the order in which edges are added to form a tree is:
",Basic,"$\{a,\;d\}$, $\{d,\;e\}$, $\{d,\;c\}$, $\{d,\;b\}$","$\{e,\;d\}$, $\{d,\;c\}$, $\{b,\;d\}$, $\{a,\;d\}$","$\{a,\;b\}$, $\{b,\;e\}$, $\{e,\;d\}$, $\{d,\;c\}$","$\{c,\;d\}$, $\{d,\;e\}$, $\{e,\;b\}$, $\{b,\;d\}$",FA18_graph.JPG,JPG,2019-12-15 08:12:37+00,1,2020-05-08 01:59:52+00,61,3,2,
1650,75,"",22,,How many non isomorphic spanning trees has the following graph?,Basic,2,7,8,1,FA15_graph.JPG,JPG,2019-12-15 08:08:33+00,1,2020-05-08 01:57:52+00,61,3,2,
1651,75,"",22,,Which of the following graphs is planar?,Advanced,$G_1$,$G_2$,none,both,FA13_graph.JPG,JPG,2019-12-15 08:00:29+00,1,2020-05-08 01:55:16+00,61,4,4,
1652,75,"",22,,The indidence matrix of the following graph is,Basic,"$\left[\begin{array}{cccccc} 
	 -1 & 0 & 0 & 0 & 0 & 1 \\
	  1 &-1 &-1 & 0 & 0 & 0 \\	
		0 & 1 & 0 &-1 & 0 & 0 \\ 
		0 & 0 & 1 & 1 & 1 & 0 \\
		0 & 0 & 0 & 0 &-1 &-1 \\
		\end{array}\right]$  ","$\left[\begin{array}{ccccc}
		0 & -1 & 0 & 0 & 1\\
	  1 & 1 & 0 & -1 & 1\\	
		0 & 0 & 0 & 0 & 1\\
		0 & 1 & 0 & 0 & 0\\ 
		1 & 1 & -1 & 0 & 0\\ 
		\end{array}\right]$","$\left[\begin{array}{ccccc}
		0 & 1 & 0 & 0 & 1\\
	  1 & 0 & 1 & 1 & 0\\	
		0 & 1 & 0 & 1 & 0\\
		0 & 1 & 1 & 0 & 1\\ 
		1 & 0 & 0 & 1 & 0\\ 
		\end{array}\right]$ ","$\left[\begin{array}{cccccc}
	  1 & 0 & 0 & 0 & 0 & 1 \\
	  1 & 1 & 1 & 0 & 0 & 0 \\	
		0 & 1 & 0 & 1 & 0 & 0 \\ 
		0 & 0 & 1 & 1 & 1 & 0 \\
		0 & 0 & 0 & 0 & 1 & 1 \\
		\end{array}\right]$",directed_graph.JPG,JPG,2019-12-15 08:17:44+00,1,2020-05-08 02:09:39+00,61,2,3,
1653,79,"",17,,"In the diagram a triangle is represented inside a square. If a point is chosen at random inside the square, what is the probability that it is inside the triangle?",Advanced,$\dfrac{1}{2}$,$\dfrac{1}{4}$,$\dfrac{3}{4}$,$\dfrac{1}{8}$,diagram2.png,png,2019-12-08 17:13:41+00,1,2019-12-09 07:00:49+00,41,1,5,
1654,79,"",17,,"In the diagram the sides of the rectangle have a ratio of 1:2, and the circle is tangent to three sides of the rectangle. If a point is chosen at random inside the rectangle, what is the probability that it is not inside the circle?",Advanced,"$\dfrac{8-\pi}{8}$
","$\dfrac{4+\pi}{4}$
","$\dfrac{4-\pi}{4}$
",$\dfrac{8+\pi}{8}$,diagram1.png,png,2019-12-08 17:07:32+00,1,2019-12-09 07:02:41+00,41,3,2,
1656,79,"",17,,"On graduation day at a large university, one graduate is selected at random. Let $A$ represent the event that the student is an engineering major, and let $B$ represent the event that the student took a calculus course in college. Which of the following statements is correct?",Advanced,"$P(B|A) > P(A|B)$ 
","$P(B|A) < P(A|B)$
","$P(B|A) = P(A|B)$
",$P(B) = P(A)$,,,2019-12-08 04:34:34+00,1,2019-12-09 07:16:29+00,41,4,1,
1657,1666,"",5,44,Find the area bounded by the curve $\displaystyle y = 4-x^2$ and $\displaystyle y = x-2 $.,Basic,$\dfrac{125}{6}$ square units,$\dfrac{100}{3}$ square units,$\dfrac{200}{3}$ square units,$\dfrac{150}{7}$ square units,,,2020-10-10 04:34:51+00,1,2020-11-23 12:21:29+00,38,2,4,
1658,37,"",7,2,Find the root of $f(x)=4x-12$.,Basic,$x=3$,$x=-3$,$x=4$,$x=16$,,,2019-09-17 08:42:48+00,1,,,1,3,
1659,1666,"",5,44,Find the area bounded by the curve $\displaystyle y = \sin{x}$ between $ x = 0 $ and $x= \frac{3\pi}{2}$.,Basic,$3$ square units,$2\sqrt{2}$ square units,$3\sqrt{2}$ square units,$5$ square units,,,2020-10-10 04:37:55+00,1,2020-11-23 12:21:35+00,38,3,2,
1660,41,"",14,," The Statistical Department reported that all the persons that emigrated from the country in a given year, $25 \%$ were not more than 30 years old. What does this statement mean?",Basic,The lower quartile is 30 years.,The upper quartile is 30 years.,The median is 30 years, The mean is 30 years.,,,2019-09-18 03:30:52+00,1,2019-11-27 05:19:15+00,38,3,4,
1661,1666,"",5,44,Find the area bounded by the curve $\displaystyle y = x^3$ and $\displaystyle y = x $.,Basic,$\dfrac{1}{2}$ square units,$2$ square units,$\dfrac{2}{5}$ square units,$\dfrac{1}{4}$ square units,,,2020-10-10 04:39:52+00,1,2020-11-23 12:21:41+00,38,2,4,
1662,41,"",14,,"In the recent study, 10 households were asked about their monthly spending (in euros) on heating, which are: 
100, 80, 55, 91, 40,85, 60, 76, 58, 94. What is the average monthly spending?",Basic,73.90.,78.,74.,80.,,,2019-09-18 03:33:45+00,1,2019-11-27 05:20:39+00,38,1,1,
1663,1666,"",5,44,Find the area bounded by the curve $\displaystyle y^2 = x$ and $\displaystyle x= y+6 $.,Basic,$\dfrac{125}{6}$ square units,$55$ square units,$\dfrac{100}{3}$ square units, $\dfrac{75}{4}$ square units,,,2020-10-10 04:40:38+00,1,2020-11-23 12:21:47+00,38,1,1,
1664,41,"",14,,The children's therapist  wants to know the average weight of newborns in their country. The sample of 100 newborns was randomly chosen from the database of 5 hospitals. What is the variable of interest in this study?,Basic,The weight of a newborn baby.,5 hospitals of the country.,All the newborns in the country.,100 newborns.,,,2019-09-18 03:37:13+00,1,2019-11-27 05:21:06+00,38,1,1,
1666,41,"",14,,There were 1000 participants in the Christmas Marathon Run. A cardiologist measured the heart rate of 50 randomly chosen participants after the run. The mean heart rate was 90 and the standard deviation was 15. Choose the correct statement.,Basic,"The sample is 50 runners, the population is 1000 runners.","The sample is 1000 runners, the population  is 50 runners.",The sample is 1050 runners.,The population is 1050 runners.,,,2019-09-18 03:39:45+00,1,2019-11-27 05:21:49+00,38,1,1,
1667,79,"",17,,"A population of 600 semiconductor wafers contains wafers from three lots. The wafers are categorised by lot and by whether they conform to a thickness specification. The following table presents the number of wafers in each category.

$$\begin{array}{ l c c } 
 \hline
\text{Lot} & \text{Conforming} & \text{Nonconforming} \\ 
\hline
A & 88  & 12 \\ 
B & 165 & 35 \\ 
C & 260 & 40 \\ 
 \hline
\end{array}$$

If the wafer is conforming, what is the probability that it is not from Lot C?",Advanced,"0.493
","0.880
","0.172
",0.843,,,2019-12-08 04:50:50+00,1,2019-12-09 07:11:58+00,41,3,2,
1668,1666,"",5,44,"Find the volume of the revolution solid (obtained from the rotation of the region $R$ around around the $x$-axis). $R$ is bounded by the curves:
$
   \displaystyle y = \frac{1}{x} ;\quad x=2 ;\quad  y=4
$",Basic,$\dfrac{49\pi}{2}$ cubic units,$\dfrac{35\pi}{6}$ cubic units,$\dfrac{13\pi}{7}$ cubic units,$\dfrac{100\pi}{3}$ cubic units,,,2020-10-10 04:42:31+00,1,2020-11-23 12:21:58+00,38,1,1,
1669,41,"",14,,"A class of 50 students  was taking a 100 points test for Statistics, English, Physics  and  Information Technology subjects. The following information was obtained:
$$\begin{array}{ |r|c| c| c|} 
 \hline
\text{Test} &\text{ Mean} & \text{Standard deviation} & \text{John's score} \\ 
\hline
\text{Statistics} & 77& 5 & 77\\ 
\text{English} & 84 & 4&82 \\ 
\text{Physics}  & 59 &2& 69 \\ 
\text{Information Technology} & 99 &10& 90 \\
 \hline
\end{array}$$

What was the John's best and the worst performance, relative to his classmates?",Basic,The best - Physics; the worst - Information technology.,The best - Information technology; the worst - Physics.,The best - Information technology; the worst - Statistics.,The best - Physics; the worst - English. ,,,2019-09-18 03:49:35+00,1,2019-11-27 05:22:32+00,38,3,4,
1670,79,"",17,,"A population of 600 semiconductor wafers contains wafers from three lots. The wafers are categorised by lot and by whether they conform to a thickness specification. The following table presents the number of wafers in each category.
\[
\begin{array}{ l c c } 
 \hline
 Lot & Conforming & Nonconforming \\ 
\hline
A & 88  & 12 \\ 
B & 165 & 35 \\ 
C & 260 & 40 \\ 
 \hline
\end{array}
\]
If the wafer is not from Lot C, what is the probability that it is conforming?",Advanced,"0.843
","0.880
","0.172
",0.493,,,2019-12-08 04:55:37+00,1,2019-12-09 07:11:18+00,41,2,5,
1671,1666,"",5,44," Find the volume of the revolution solid (obtained from the rotation of the region $R$ around around the $x$-axis). $R$ is bounded by the curves: 

$
   \displaystyle y =x^2 ;\quad y=0 ;\quad  x=3
$",Basic,$\dfrac{243\pi}{5}$ cubic units,$\dfrac{150\pi}{7}$ cubic units,$\dfrac{333\pi}{4}$ cubic units,$\dfrac{200\pi}{3}$ cubic units,,,2020-10-10 04:43:26+00,1,2020-11-23 12:22:04+00,38,2,4,
1672,41,"",14,,"A beginner psychologist investigates the motivation and health of employees at a local factory with 100 people. He collects data from 15 workers. The number of days absent (during the past year) for each worker is recorded. The obtained variance is 9 and the mean is 12. If Liza's number of days absent is two standard deviations above the mean, how many days was she absent? ",Basic,18.,30.,14.,16.,,,2019-09-18 03:53:04+00,1,2019-11-27 05:22:51+00,38,2,2,
1673,79,"",17,,"Suppose 2% of cotton fabric rolls and 3% of nylon fabric rolls contain flaws. Of the rolls used by a manufacturer, 70% are cotton and 30% are nylon. What is the probability that a randomly selected roll used by the manufacturer contains flaws?",Advanced,"0.023
","0.977
","0.050
",0.006,,,2019-12-08 04:57:50+00,1,2019-12-09 07:10:33+00,41,4,1,
1674,1666,"",5,44,"Find the volume of the revolution solid (obtained from the rotation of the region $R$ around around the $y$-axis). $R$ is bounded by the curves:
$
   \displaystyle y =2-x ;\quad x=y ;\quad x=0
$",Advanced,$\dfrac{2\pi}{3}$ cubic units,$\dfrac{\pi}{6}$ cubic units,$\dfrac{\pi}{7}$ cubic units,$\dfrac{\pi}{2}$ cubic units,,,2020-10-10 04:44:29+00,1,2020-11-23 12:22:09+00,38,3,2,
1675,41,"",14,,"If for the distribution  $\text{mode}=\text{mean}=\text{median}$, the correct statement about the central tendency is:",Basic,the distribution is symmetric.,the distribution is skewed to the right.,the distribution is skewed to the left.,impossible to determine from the given information.,,,2019-09-18 07:29:41+00,1,2019-11-27 05:24:37+00,38,2,2,
1676,79,"",17,,"The edge roughness of slit paper products increases as knife blades wear. Only 1% of products slit with new blades have rough edges, 3% of products slit with blades of average sharpness exhibit roughness, and 5% of products slit with worn blades exhibit roughness. If 25% of the blades in manufacturing are new, 60% are of average sharpness, and 15% are worn, what is the proportion of products that exhibit edge roughness?",Advanced,"0.028 
","0.972
","0.009
",0.080,,,2019-12-08 16:49:37+00,1,2019-12-09 07:09:55+00,41,4,1,
1677,1666,"",5,44,"Find the volume of the revolution solid (obtained from the rotation of the region $R$ around around the $y$-axis). $R$ is bounded by the curves:
$
   \displaystyle x=\sqrt{y} ;\quad y=2 ;\quad y=6 ;\quad x=0
$",Basic,$16\pi$ cubic units,$10\pi$ cubic units,$20\pi$ cubic units,$5\pi$ cubic units,,,2020-10-10 04:45:18+00,1,2020-11-23 12:22:14+00,38,3,2,
1678,41,"",14,,"The population of an extremely rare genetic disease is very small and consists of only 20 persons. Their ages are: 15, 22, 25, 26, 18, 44, 68, 12, 19, 23, 33, 25, 27, 21, 46, 54, 55, 28, 77, 81. Complete the table.
\[\begin{array}{ |r|c| c|} 
 \hline
\text{Class of the age} & \text{Class frequency} &\text{Class relative frequency} \\ 
\hline
\text{11 - 30 year} & x& 0.60 \\ 
\text{31 - 50 year} & 3 & 0.15 \\ 
\text{51 - 70 year} & 3 & y \\ 
\text{71 - 90 year} & 2 & 0.10 \\
 \hline
\end{array}
\]",Basic,$x=12$; $y=0.15$., $x=5$; $y=0.03$.,$x=3$; $y=0.15$.,$x=12$; $y=0.03$.,,,2019-09-18 07:39:13+00,1,2019-11-27 05:25:26+00,38,2,2,
1679,79,"",17,,"A batch of 25 injection-molded parts contains 5 that have suffered excessive shrinkage. If three parts are selected at random, and with replacement, what is the probability that the second part selected is one with excessive shrinkage?",Advanced,"0.20 
","0.80
","0.032
",0.368,,,2019-12-08 16:51:12+00,1,2019-12-09 07:08:55+00,41,3,2,
1680,38,"",5,44,"Find the area of the planar region given by
$y\geq x^2$ and $y\geq 4$ and $y\leq 9$ and $x\geq 0$",Basic,$\displaystyle \frac{38}{3}$u.a.,$\displaystyle \frac{22}{3}$u.a.,$\displaystyle 22 $u.a.,All the other answers are wrong,,,2020-11-23 12:39:21+00,1,2020-11-23 12:41:58+00,38,2,4,
1726,81,"",25,,"A unit vector orthogonal to $u=(3, -1, 2)$ and $v=(0, -2, 1)$ is: ",Basic,"$(\frac{-\sqrt{6}}{6}, \frac{\sqrt{6}}{6}, 2\frac{\sqrt{6}}{6})$","$(-3, 3, 6)$","$(\frac{-\sqrt{6}}{6}, -\frac{\sqrt{6}}{6}, 2\frac{\sqrt{6}}{6})$","$(-3, -3, 6)$",,,2019-12-09 04:08:46+00,2,2019-12-12 09:51:21+00,43,1,1,
1681,41,"",14,,"An engineer is studying the lifetime (in years) of an electrical appliance. The sample of 10 randomly selected units is: 5, 4, 7, 8, 2, 3, 9, 7, 5, 4. Find the standard deviation of this sample. Round the result to two decimal places.",Basic,2.27 years of the lifetime.,5 units of an electrical appliance.,5.16 years of the lifetime.,2.15 units of an electrical appliance.,,,2019-09-18 07:43:18+00,1,2019-11-27 05:25:49+00,38,1,1,
1682,79,"",17,,"Customers are used to evaluate preliminary product designs. In the past, 95% of highly successful products received good reviews, 60% of moderately successful products received good reviews, and 10% of poor products received good reviews. In addition, 40% of products have been highly successful, 35% have been moderately successful, and 25% have been poor products. What is the probability that a product attains a good review?",Advanced,"0.615
","0.618
","0.052
",0.385,,,2019-12-08 16:53:34+00,1,2019-12-09 07:08:22+00,41,4,1,
1684,41,"",14,,"A student has 16 lectures of statistics during the semester. Sometimes the lecture is so boring that she just looks through the window and counts the birds. She sampled the number of birds outside the window: 7, 2, 0, 11, 8. Find the range and the size of the sample. ",Basic,"The range $=11$, the size $=5$.","The range $=5$, the size $=11$."," The range $=11$, the size $=16$.","The range $=16$, the size $=11$.",,,2019-09-18 07:45:52+00,1,2019-11-27 05:27:15+00,38,1,1,
1685,79,"",17,,"Customers are used to evaluate preliminary product designs. In the past, 95% of highly successful products received good reviews, 60% of moderately successful products received good reviews, and 10% of poor products received good reviews. In addition, 40% of products have been highly successful, 35% have been moderately successful, and 25% have been poor products. If a new design attains a good review, what is the probability that it will be a highly successful product?",Advanced,"0.618
","0.615
"," 0.052
",0.385,,,2019-12-08 16:56:02+00,1,2019-12-09 07:07:43+00,41,5,4,
1687,41,"",14,,"In a particular furniture store a red sofa is a popular item. The weekly sales for the last 5 weeks are: 10, 5, 8, 12, 9 items. What is the variance of this sample? Round it to two decimal places. ",Basic,6.70.,2.32.,2.59.,5.08.,,,2019-09-18 07:48:36+00,1,2019-11-27 05:27:29+00,38,1,1,
1688,79,"",17,,"The probability that a person selected at random from a population will exhibit the classic symptom of a certain disease is 20%, and the probability that a person selected at random has the disease is 23%. The probability that a person who has the symptom also has the disease is 18%. A person selected at random from the population does not have the symptom. What is the probability that the person has the disease?",Advanced,"0.063
","0.938
"," 0.243
", 0.236,,,2019-12-08 16:58:11+00,1,2019-12-09 07:06:45+00,41,4,1,
1690,41,"",14,,"To assess the physical activity of employees, the number of kilometers walked per day was recorded for a sample of 14 employees. The values were: 4, 2.5, 1.0, 1.5, 5.1, 10.0, 0.5, 2.8, 4.1, 5.4, 4.4, 3.6, 9.2, 6.1. According to this result, $60 \%$ of workers walk less or equal to $\rule{1cm}{0.15mm}$  kilometers a day. ",Advanced,4.34., 4.,4.1.,4.4.,,,2019-09-18 07:52:37+00,1,2019-11-27 05:27:47+00,38,2,2,
1692,41,"",14,,"The sample of the respondents' age at the beginning of a chronic disease: 40, 17, 56, 54, 59, 58, 66, 62, 77, 70, 68, 85, 68. Using interquartile range identify which observation is the outlier.",Advanced,17. , 85.,17 and 85.,77 and 85.,,,2019-09-18 07:55:42+00,1,2019-11-27 05:28:02+00,38,1,1,
1693,41,"",14,,"A politician X claims that 6 of 10 potential voters would vote for him. His opponent does not believe in this political statement, and thus interviewed 50 randomly chosen voters. The result is that 27 people support the politician X. Which of the following represent the null and alternative hypotheses for testing the claim of the politician X?",Advanced,$H_0: p = 0.6$ v.s. $H_a: p \neq 0.6 $.,$H_0: p = 0.54$ v.s. $H_a: p \neq 0.54 $.,$H_0: \mu = 0.6$ v.s. $H_a: \mu < 0.6 $ ,$H_0: \mu = 6$ v.s. $H_a: \mu \neq 6 $.,,,2019-09-18 07:58:23+00,1,2019-11-27 05:28:30+00,38,1,1,
1694,79,"",17,,"A game consists of 3 challenges: C1, C2 and C3. The probabilities of overcoming the challenges are 0.7, 0.5 and 0.4, respectively. Challenges are independent. To win the game, you must be successful at challenge C1 and, at least, another one. What is the probability of winning?",Advanced,"0.49
","0.14
","0.26
",0.55,,,2019-12-08 17:01:29+00,1,2019-12-09 07:05:47+00,41,3,2,
1695,79,"",17,,"A game consists of 2 challenges: C1 and C2. The probability of overcoming C1 is 0.6. If you overcome C1, the probability of being successful at C2 is 0.8. If you do not accomplish C1, the probability of being successful at C2 is 0.3. What is the probability of being successful at only one of the challenges?",Advanced,"0.24
",0.12,0.48,0.72,,,2019-12-08 17:03:14+00,1,2019-12-09 07:05:17+00,41,2,5,
1696,38,"",12,13,"Find and classify all the critical points of the following function:

$f(x,y)=\left( x-2\right) y^{2}-x^{2}$
",Basic,"$\left( 0,0\right) $ is a maximizer

$\left( 2,2\right) $ saddle point

$\left( 2,-2\right) $ saddle point
","$\left( 0,0\right) $ is a minimizer

$\left( 2,2\right) $ saddle point

$\left( 2,-2\right) $ saddle point","$\left( 0,0\right) $ is a maximizer

$\left( 2,2\right) $ saddle point

$\left( -2,2\right) $ saddle point","$\left( 0,0\right) $ saddle point  

$\left( -2,2\right) $ is a minimizer

$\left( 2,-2\right) $ saddle point",,,2021-01-18 09:28:26+00,1,2021-01-18 09:29:28+00,38,1,3,
1697,79,"",17,,"There are two sets of letters, and you are going to pick exactly one letter from each set: $S_1=\left\{A, B, C, D, E\right\}$; $S_2=\left\{K, L, M, N, O, P\right\}$. What is the probability of picking a C and a M?",Advanced,"$\dfrac{1}{30}$
","$\dfrac{1}{15}$
","$\dfrac{13}{30}$
",$\dfrac{1}{2}$,,,2019-12-08 17:05:03+00,1,2019-12-09 07:04:35+00,41,2,5,
1701,79,"",17,,"Consider events $A$ and $B$ from sample space $S$ with $P(A\cup B)=0.7$, $P(B)=0.4$ and $P(A|B) = 0.5$. $A$ and $B$ are independent events if:",Advanced,"$P(A)=0.5$
","$P(A)=0.2$
","$P(A)=0.4$
",$P(A)=0.3$,,,2019-12-08 17:09:06+00,1,2019-12-09 07:01:58+00,41,2,5,
1703,37,"",7,2,Simplify $\displaystyle \frac{3}{2}-\frac{5}{5}$,Basic,$\displaystyle \frac{5}{10}$,$\displaystyle - \frac{5}{10}$,$\displaystyle \frac{2}{3}$,$\displaystyle -\frac{2}{3}$,,,2019-09-18 09:18:03+00,2,2019-09-20 04:55:09+00,37,1,1,
1704,79,"",17,,"Consider events $A$ and $B$ from sample space $S$. Given $P(A\cup B)=0.7$, $P(B)=0.4$ and $P(A|B)=0.5$, calculate $P(A)$. ",Advanced,"0.5 
",0.2,0.4,0.3,,,2019-12-08 17:10:38+00,1,2019-12-09 07:01:27+00,41,1,5,
1727,2956,"",28,47,"Use generating functions to solve the following recurrence relation: 
$$a_n = 5a_{n-1}-6a_{n-2}, \text{ for } n \geq 2$$ with $a_0=0$ and $a_1=3$.",Advanced,"$a_n=3(3^n-2^n), \ \text{ for } n \geq 0$","$a_n=3^n, \ \text{ for } n \geq 0$","$a_n=3(3^n-2^n), \ \text{ for } n \geq 2$","$a_n=3^n, \ \text{ for } n \geq 2$",,,2022-10-13 08:07:37+00,1,2022-11-07 09:51:58+00,64,5,2,
1728,52,"",18,7,"Let $M=\left( 
 \begin{array}{rrrr}
1 & 0  & -2  \\ 
0 & -2 & 5  \\ 
 -2 & 5 & 4 \end{array}
\right)$. What is a determinant of $M^{-1}\cdot M^T$?",Advanced,$1$,$-1$,$0$,$-8$,,,2019-09-19 10:53:07+00,1,2019-09-20 08:12:14+00,37,3,4,
1708,41,"",14,,The teacher gave the same assignment for 10 randomly chosen first-year students and 10 randomly chosen second-year students. The goal of this study was to compare the time (in minutes) required to finish the task by the first-year and the second-year students. Which parametric and non-parametric hypotheses are appropriate in this study? ,Advanced,"Parametric $H_0: \mu_I = \mu_{II}$ v.s. $H_a:  \mu_I \neq \mu_{II} $; $\\$
        non-parametric $H_0:$ The two distributions of time are the same; v.s.
            $H_a:$  The two distributions of time are not the same.","Parametric $H_0: \mu_I = \mu_{II}$ v.s. $H_a:  \mu_I \neq \mu_{II} $;  $\\$
        non-parametric $H_0:\sigma^2_I=\sigma^2_{II}$ v.s. $H_a:\sigma^2_I \neq \sigma^2_{II}$.  
","Parametric $H_0: \mu_I > \mu_{II}$ v.s. $H_a:  \mu_I \leq \mu_{II} $;  $\\$
        non-parametric $H_0:$ The two distributions of time are the same; v.s.
  $ \ \ \ \   \ \   \  \ \  \   \ \ \ \ \ \ \ \ \ \ \  $ $H_a:$  The two distributions of time are not the same.","Parametric  $H_0:$ The two distributions of time are the same; v.s.
 $ \ \ \   \  \ \ \ \ \ \ \ \ \ \ \  $ $H_a:$  The two distributions of time are not the same;   $\\$
        non-parametric  $H_0: \mu_I = \mu_{II}$ v.s. $H_a:  \mu_I \neq \mu_{II} $.",,,2019-09-19 03:49:58+00,1,2019-11-27 05:30:51+00,38,4,4,
1709,81,"",25,,"Let be the vectors $u=(2,1,1)$ and $v=(1, 2, -2)$ of $\mathbb{R}^3$. The cross product $u\times v$ is: ",Basic," The vector $w=(-4,5,3)$ that is a vector normal to $u$ and  $v$, with norm $5\sqrt{2}$ ","The vector $w=(-4,-5,3)$ parallel to $u$ and $v$, with norm $5\sqrt{2}$ "," A vector that is perpendicular to both $u$ and $v$, with norm $5$ ","A vector parallel to $u$ and $v$, with norm $5$ ",,,2019-12-09 03:52:38+00,1,2019-12-12 09:11:20+00,43,1,2,
1711,41,"",14,,"A group of ten students attended a course in statistics once a week over a period of 4months. The number of times on which a student was absent, and the final grade of the student was recorded. The lecturer estimated a linear regression model to predict the final grade of a student: $\hat{y} = 92-5x$. Identify the correct conclusions.",Advanced,The y-intercept implies that the estimated mean grade is equal to 92 when the number of times  a student was absent is equal to 0.,"The slope of $-5$ implies that for every unit increase in the number of attended lectures, the mean value of the final grade is estimated to increase by $5$ units.",The lecturer found a positive linear relationship between the grade and the number of absences.,The lecturer found that there is no relationship between the grade and the number of absences.,,,2019-09-19 03:52:29+00,1,2019-11-27 05:31:34+00,38,2,2,
1712,81,"",25,," In $\mathbb{R}^3$, the point of intersection of the line $r$ that passes through the points $A=(1,0,-1)$ and $B=(3,2,-2)$ with the plane $\pi: x - y + 2z = 0$ is:",Advanced,"$\left(0, -1, -\dfrac{1}{2}\right)$","$\left(0, 3, \dfrac{1}{2}\right)$","$(1, -1, 2)$","$\left(0, 1, \dfrac{1}{2}\right)$",,,2019-12-09 03:55:41+00,2,2019-12-14 03:12:14+00,43,3,1,
1713,64,"",28,46,"Which of the following is true for the relation $R = \left\{ \left(w,x \right),  \left(x,y \right),  \left(w,w \right),  \left(x,x \right),  \left( y,y\right) \right\} $ defined in $X = \left\{w,x,y \right\}$?",Basic,R is reflexive.,"R is reflexive, symmetric but not transitive.","R is reflexive, symmetric and transitive.",R is only symmetric.,,,2022-09-09 10:22:45+00,1,2022-11-01 15:46:58+00,64,3,1,
1714,81,"",25,,"Let be $u=(1, -1, 1), v=(2, -2, 0) \in \mathbb{R}^3$. The magnitude of a cross product $v\times u$ is:",Basic,$2\sqrt{2}$ and and represents the area of a parallelogram ,$8$ and represents the area of a parallelogram ,$2\sqrt{2}$ and represents the area of a triangle,$\sqrt{8}$ and represents the area of a rectangle,,,2019-12-09 04:00:11+00,2,2019-12-12 09:29:38+00,43,2,1,
1715,64,"",28,46,Choose the pair of equivalent propositions.,Basic,$a\Rightarrow b$ and $\sim a\vee b$,$b\Rightarrow a$ and $\sim b\Rightarrow\sim a$,$\sim(a\vee b))$ and $\sim a\wedge\sim a$,$\sim(a\vee a))$ and $\sim b\wedge\sim a$,,,2022-09-09 10:54:38+00,1,2023-02-17 08:24:46+00,64,4,2,
1716,52,"",18,7,"Matrix $\left( \begin{array}{rrrr}
1 & 5 &  3 & 0  \\ 
 0 & 3 &  -2 & -1  \\ 
 0 & 0 &  3 & 5  \\ 
 0& 0 &  0 & 1 \end{array} \right)$
was obtained from matrix $A$ after row operations such that 
$R_2\leftrightarrow R_4, R_3\leftarrow R_3+2R_1, R_3 \leftrightarrow -\frac{1}{4}R_3,$ and $R_4\leftarrow R_4-2R_1$. What is the determinant of $A$?  ",Basic,$36$,$9$,insufficient information to solve,$\displaystyle-\frac{9}{4}$,,,2019-09-19 10:42:19+00,1,2019-09-20 04:56:13+00,37,3,4,
1717,81,"",25,,"The distance from point $P = (0, -2, 1)$ to the line $r: \dfrac{x-1}{2}= \dfrac{y+1}{3}=z$ is:",Basic,$\dfrac{\sqrt{91}}{7}$,$\dfrac{\sqrt{13}}{7}$,$\dfrac{\sqrt{26}}{14}$,$\dfrac{26}{\sqrt{14}}$,,,2019-12-09 04:01:53+00,2,2019-12-12 11:30:08+00,43,1,1,
1718,2956,"",28,47,Which of the following is an arithmetic sequence?,Basic,"$1, -1, -3, -5, \dots$","$1, 10, 20, 30, \dots$","$1, 2, 3, 5, 7, 9, \dots$","$-2, -4, -8, -16, \dots$",,,2022-10-12 07:54:55+00,1,2022-11-07 09:50:27+00,64,1,4,
1719,52,"",18,7,"Suppose that $A=\left( \begin{array}{rrr}
-1 & 3 & 2 \\ 
1 & 0 & 3 \\ 
0 & -1 & -1 \end{array}
\right)$ and $B=\left( \begin{array}{rrr}
2 & 0 & 0 \\ 
2 & 1 & 1 \\ 
-1 & 1 & -1 \end{array}
\right)$. Find $\mathrm{det} \left(X\right)$ knowing that $$\frac{1}{2} X\cdot A +  \mathrm{det} \left(B\right) \cdot A=B$$",Advanced,$0$,$-2$,$5$,undefined,,,2019-09-19 10:46:03+00,1,2019-09-20 08:09:57+00,37,3,4,
1720,81,"",25,,Consider the intersection line $r$ of planes $\pi_1: x-2y+z=1$ and $\pi_2: 2x+3y-z=0$. Choose the right answer: ,Basic,"The line $r$ has the direction of the vector $w=(1, -3, -7)$","The line $r$ has the direction of the vector $v=(1, 3, -1)$ ","The line $r$ is perpendicular with $v=(1, -2, 1)$ and is collinear with $u=(2, 3, -1)$","The line $r$ is collinear with the vectors $v=(1, -2, 1)$ and $u=(2, 3, -1)$",,,2019-12-09 04:03:37+00,2,2019-12-12 09:41:23+00,43,1,1,
1721,2956,"",28,47,"Given that $a_1 = 3$ and $a_2 = 5$, which of the following expressions gives the general term?",Basic,"$a_n = 1+2n, \ \forall n \geq 1$ ","$a_n = 3+2^n, \ \forall n \geq 1$ ","$a_n = 1+2n, \ \forall n \geq 0$ ","$a_n = 2n, \ \forall n \geq 1$",,,2022-10-12 08:02:26+00,1,2022-11-07 09:50:34+00,64,2,4,
1722,52,"",18,7,"Let  $A=\left( \begin{array}{rrr}
1 & 2 & 0\\ 
1 & 0 & 2\\ 
0 & 1 & 1\end{array}
\right)$ and $g\left(x\right)=x^2-2x-3I_{3\times 3}$. Find $\mathrm{det} \left(g(A) \right)$.",Basic,$16$,$0$,$25$,undefined,,,2019-09-19 10:48:23+00,1,2019-09-20 08:11:02+00,37,2,1,
1723,81,"",25,," Consider in the Cartesian space the vectors $\overrightarrow{A B}=(2, 1, 0)$ and $\overrightarrow{A C}=(2, 0, 1)$. The area of the triangle $[ABC]$ is:",Basic,$\dfrac{3}{2}$,$\dfrac{5}{4}$,$\dfrac{5}{2}$,$3$,,,2019-12-09 04:06:38+00,2,2019-12-14 03:12:52+00,43,1,1,
1724,2956,"",28,47,Which of the following is a geometric sequence?,Basic,"$1, -2, 4, -8, 16, \dots$","$-1, -2, -4, -8, -16, \dots$","$1, 2, 3, 4, 5, 6, \dots$","$1, 11, 21, 31, \dots$",,,2022-10-12 08:05:07+00,1,2022-11-07 09:51:44+00,64,1,4,
1725,52,"",18,7,"What is the determinant of the matrix  $A=\left( 
 \begin{array}{rrrr}
0 & -1 &  -2 & 4  \\ 
-4 & 0 & 3 & -1  \\ 
 -1 & 1 & 1 & 0  \\ 
0 & 2 &  -1 & 2 \end{array}
\right)$?",Basic,$-15$, $-1$,$0$,$-12$,,,2019-09-19 10:51:10+00,1,2019-09-20 08:12:04+00,37,2,1,
1729,81,"",25,,"Consider, in $\mathbb{R}^3$, the plane $\pi: x+2y-z=0$ and the lines $r: x-2=-y=2-z$ and $s: \dfrac{x-1}{2}= \dfrac{y-1}{3}=\dfrac{z-3}{2}$. Choose the true statement:",Advanced,$\pi$ does not contain $s$ but contains $r$,$\pi$ contains $r$ e $s$,$\pi$ does not contain any of the lines $r$ and $s$,$\pi$ does not contain $r$ but contains $s$ ,,,2019-12-09 04:11:48+00,2,2019-12-12 09:53:29+00,43,1,1,
1730,2956,"",28,47,Find the sum of the geometric series $$2 + 6 + 18 + 54 + \dots$$ knowing that there are 6 terms in the series.,Basic,728,364,432,694,,,2022-10-13 08:13:59+00,1,2022-11-07 09:52:38+00,64,3,3,
1731,52,"",18,7," Suppose that $A=\left( 
 \begin{array}{rrr}
2 & 2  & 3  \\ 
-1 & 1 & 0  \\ 
 -1 & 4 & 2 \end{array}
\right)$ and $M=\left( 
 \begin{array}{rrr}
0 & 1  & 1  \\ 
2 & 2 & 0  \\ 
0 & 3 & 2 \end{array}
\right)$. Determine $X$ knowing that $$2A-X\cdot A=M$$",Advanced,"$\left( 
 \begin{array}{rrr}
1 & -3  & 1  \\ 
8 & 32 & -12  \\ 
0 & 1 & 1 \end{array}
\right)$"," $\left( 
 \begin{array}{rrr}
18 & 9  & -4  \\ 
14 & 9 & -4  \\ 
-20 & -11 & 7 \end{array}
\right)$","$\left( 
 \begin{array}{rrr}
12 & 2  & -3  \\ 
-10 & 0 & 1  \\ 
 -11 & 14 & 12 \end{array}
\right)$",operations given are not valid,,,2019-09-19 10:54:58+00,1,2019-09-20 08:12:59+00,37,3,4,
1732,81,"",25,,"Let be, in $\mathbb{R}^3$, the planes $\pi_1: x+2y-z=0 $ and $\pi_2: y-z+1=0 $. The angle between the planes $\pi_1$ and $\pi_2$ is of:  ",Basic,$\dfrac{\pi}{6}$,$\dfrac{\pi}{3}$,$\dfrac{\pi}{4}$,$\dfrac{\pi}{2}$,,,2019-12-09 04:26:03+00,2,2019-12-12 09:54:41+00,43,1,1,
1733,2956,"",28,47,"Given the sequence whose first few terms are
$$7, 2, −3, −8,−13, \dots$$ calculate the sum of its first 100 terms.",Basic,−24 050,-24 300,-24 650,-24 400,,,2022-10-18 00:16:59+00,1,2022-11-07 09:53:02+00,64,4,1,
1734,52,"",18,7,"Suppose that $$A=\left( 
 \begin{array}{rrr}
1 & 2  & -1  \\ 
0 & 0 & 2  \\ 
-1 & -2 & 3  \\ 
2 & 4 & 0 \end{array}
\right)$$ and $$B=\left( 
 \begin{array}{rrr}
0 & 1  & 1  \\ 
2 & 2 & 0  \\ 
0 & 3 & 2 \end{array}
\right).$$ Which of the following matrices has rank $3$?",Basic,$B$,$B \cdot A^T$,$A$,$A \cdot B$,,,2019-09-19 10:57:15+00,1,2019-09-20 08:13:21+00,37,3,4,
1735,81,"",25,,"Let be, in $\mathbb{R}^3$, the lines $r: x-2=-y=2-z$ and $s: \dfrac{x-1}{2}= \dfrac{y-1}{3}=\dfrac{z-1}{2}$. Choose the true statement:  ",Basic,$r$ and $s$ are non-coplanar lines,$r$ and $s$ are parallel coplanar lines,$r$ and $s$ are intersecting non-perpendicular lines,$r$ and $s$ are intersecting perpendicular lines,,,2019-12-09 04:29:37+00,1,2019-12-12 09:59:34+00,43,3,3,
1736,52,"",18,7,Suppose that the order of the real matrix $A$ is at least $2\times 2$. Which of the following statements is correct?,Advanced,"${\mathrm{det} \left(k \cdot A\right)\ }=k^n \cdot {\mathrm{det} \left(A\right), k\neq 0 }$",${\mathrm{det} \left(A\cdot B\right)\ }\neq {\mathrm{det} A\ }\cdot {\mathrm{det} B\ }$,${\mathrm{det} \left(A^{-1}\right)\ }=-{\mathrm{det} \left(A\right)\ }$,${\mathrm{det} \left(A^T\right)\ }=\dfrac{1}{{\mathrm{det} \left(A\right)\ }}$,,,2019-09-19 10:59:29+00,1,2019-09-20 08:14:08+00,37,3,4,
1737,81,"",25,,"Consider the equations 
 $x + ay + 2 = 0$, 
$ 2x + (a + 1) y + (a-1) z = 1 $ and 
$x + ay + (b + 2) z = 2$ of three planes of $\mathbb{R}^3$.
The values of $a$ and $b$ for which the three planes are parallel are:",Advanced,"$a=1$, $b=-2$","$a=-1$, $b=2$","$a=1$, $b=3$","$a=0$, $b=-3$",,,2019-12-12 04:02:18+00,1,2019-12-12 10:00:36+00,43,4,1,
1738,2956,"",28,47,"Find a recurrence relation for $S(n)$, the number of subsets of the set $\{1, 2, 3, \dots, n\}$.
",Basic,"$S(n) = 2 \cdot S(n-1),\ \forall n \geq 2$","$S(n) = 2^{S(n-1)}, \ \forall n \geq 1$","$S(n) = 2 \cdot S(n-1),\ \forall n \geq 1$","$S(n) = 2^{S(n-1)}, \ \forall n \geq 2$",,,2022-10-18 10:30:32+00,1,2022-11-07 09:55:05+00,64,4,1,
1739,52,"",18,7,"Suppose that the rank of the square real matrix $A$ is $k, k\neq 0$. Which of the following statements is false?",Advanced,the number of rows of matrix $A$ is $k$,$\left( A^{-1}\right)^T=\left( A^{T}\right)^{-1}$,"if matrix $A$ is invertible, then $det(A)\neq 0$",the number of non-zero rows of the echelon form of the matrix $A$ is $k$,,,2019-09-19 11:01:00+00,1,2020-01-13 16:00:16+00,37,4,3,
1740,81,"",25,," A plane $\pi$ perpendicular to the plane $x-y+2z= 0$ and containing the point $(0, 1, 2)$ is:  ",Basic,$2x-z+2=0$,$2x+z+2=0$, $x+y-z-2=0$, $x+y+2z=0$,,,2019-12-12 04:08:17+00,1,2019-12-12 10:02:10+00,43,4,1,
1741,52,"",18,7,"Let $A=\left( \begin{array}{rrr}
1 & 0 & 0 \\ 
0 & 1 & 0 \\
1 & 0 & m \end{array}
\right)$ and $B=\left( \begin{array}{rrr}
2 & 4 & 0 \\ 
3 & 1 & 0 \\
-1 & -4 & 1 \end{array}
\right)$. For which value of $m$ will the matrices $A$ and $B$ commute?",Basic,$2$, such value does not exist,$0$,any value of $m$,,,2019-09-19 11:03:23+00,1,2019-09-20 08:16:07+00,37,4,3,
1742,81,"",25,,"Let be the line $r: \dfrac {x-1} {3} = \dfrac {2-y} {2} = 3-z $ and the plane $\pi: x + 2y-z-2 = 0$. 
Choose the true statement:",Advanced,The line $r$ belongs to the plane $\pi$,"The line $r$ is parallel to the plane $\pi$, but outside it.","The point $A=(7, -2, 1)$ is the unique  intersection point of $r$ and $\pi$.",The line $r$ is perpendicular to the plane $\pi$.,,,2019-12-12 04:10:27+00,1,2019-12-12 10:03:45+00,43,5,1,
1743,2956,"",28,47,"Consider the sequence
$$5, 3, 1, −1, −3, \dots$$
Find the sum, $S(n)$, of the first $n$ odd entries of the sequence.",Advanced,"$S(n) = -2n^2+7n, \ \forall n \geq 1$","$S(n) = -n^2+6n, \ \forall n \geq 1$","$S(n) = -4n^2+14n, \ \forall n \geq 1$","$S(n) = -n^2+5n, \ \forall n \geq 1$",,,2022-10-20 08:24:29+00,1,2023-02-17 08:25:03+00,64,4,1,
1744,52,"",18,7,"Suppose that $A$ and $B$  are real $n \times m$, with $n\neq m$ and $n, m \neq 0 $ matrices. Which of the following statements is false?",Advanced,"$\mathrm{det} \left(k \left(A+B \right)\right) = k \cdot \mathrm{det} \left(B+A \right), k\neq 0 $",$A+B= B+A$,$\mathrm{det} \left(A+B\right)$ is undefined,$\mathrm{det} \left(A \cdot B^T\right) = \mathrm{det} \left(B^T \cdot A\right)$,,,2019-09-19 11:05:04+00,1,2020-01-20 08:01:31+00,37,4,3,
1745,81,"",25,,"Consider in $\mathbb{R}^3$, the point $P=(5,4,-4)$ and the plane $\pi: x+5y-2z=3$.
The distance from $P$ to $\pi$ is:",Advanced,$\sqrt{30}$ ,$\dfrac{6}{\sqrt{30}}$,$\dfrac{6}{5}$, $-6$,,,2019-12-12 04:12:00+00,1,2019-12-12 10:04:57+00,43,3,3,
1746,2956,"",28,47,"Find a recursive relation for the number of involutions $I(n)$ of a set with $n$ elements. Consider $I(1)=1$ and $I(2)=2$.
 $\\$
$\underline{Note}:$ An involution of a set $S$ is a permutation of $S$ that does not contain any permutation cycles of length $>2$ (it only consists of fixed points and transpositions).
",Advanced,"$I(n)=I(n-1)+(n-1) \cdot I(n-2), \ \forall n \geq 3$","$I(n)=(n-1) \cdot I(n-1), \ \forall n \geq 3$","$I(n)=\left(I(n-1)\right)^2, \ \forall n \geq 3$","$I(n)=I(n-1)+I(n-2), \ \forall n \geq 3$",,,2022-10-21 01:31:10+00,1,2023-02-17 08:25:19+00,64,5,2,
1747,52,"",18,7,Suppose that $A$ is invertible. Which of the following statements is false? ,Advanced,"$\left(k\cdot A \right)^{-1}=k\cdot A^{-1}, k\neq 0$",$\left(A^{-1} \right)^{-1}=A$,$\left(A^T \right)^{-1}=\left(A^{-1} \right) ^T$,$\left(A \cdot B \right)^{-1}=B^{-1} \cdot A^{-1} $ if $B$ is also invertible matrix,,,2019-09-19 11:06:35+00,1,2019-09-20 08:26:52+00,37,4,3,
1748,81,"",25,,Consider in $\mathbb{R}^3$ the planes $\pi_1: x+2z-1=0$ and $\pi_2: 2x-4y+2z-3=0$. Choose the right answer:,Advanced,"$\pi_1\cap \pi_2$ is the line passing through $A=(1, -\dfrac{1}{4}, 0)$ and $B=(0, -\dfrac{1}{2}, \dfrac{1}{2})$ ",$\pi_1\cap \pi_2=\emptyset$,"$\pi_1\cap \pi_2=(1, \dfrac{1}{4}, 1)$",$\pi_1\cap \pi_2=\pi_1$ ,,,2019-12-12 04:13:29+00,1,2019-12-12 10:06:18+00,43,4,1,
1750,52,"",18,7,Suppose $A$ is a real $4\times 4\ $ matrix with determinant $10$ and $B$ is a $4\times 4$ matrix with determinant $-1$. What is determinant of $A + B$? ,Basic,Information is insufficient.,$9$,$11$,$0$,,,2019-09-19 11:08:21+00,1,2019-09-20 08:27:24+00,37,3,4,
1751,81,"",25,,"Consider in $\mathbb{R}^3$, the line 
$r: (x, y, z)=(0,3,0)+k(2,2,-2)$ and the plane $\pi: x+2y+3z+1=0$.
The distance from $r$ to $\pi$ is:",Advanced,$\dfrac{\sqrt{14}}{2}$, $\dfrac{1}{2}$,$\dfrac{\sqrt{2}}{7}$,$\dfrac{3}{7}$ ,,,2019-12-12 04:14:54+00,1,2019-12-14 03:15:21+00,43,3,3,
1752,2956,"",28,47,"Solve the following recurrence equation
$$a_n=2a_{n-1}+3a_{n-2}$$ with initial conditions $a_1=3$ and $a_2=7$.",Advanced,"$a_n=\frac{5}{2} \cdot 3^{n-1} + \frac{1}{2} \cdot (-1)^{n-1}, \ \forall n \geq 1$","$a_n=3^{n-1}+2^n, \ \forall n \geq 1$","$a_n=(-1)^n+3^n, \ \forall n \geq 1$","$a_n=\frac{5}{2} \cdot 3^n + \frac{1}{2} \cdot (-1)^n, \ \forall n \geq 1$",,,2022-10-21 08:23:03+00,1,2023-02-17 08:26:24+00,64,4,1,
1753,52,"",18,7,Suppose $A$ is a real $4\times 4\ $matrix with determinant $10$. What is determinant of $-2A$? ,Basic,$160$, $-10$,insufficient information to solve,$-20$,,,2019-09-19 11:09:51+00,1,2019-09-20 08:27:54+00,37,2,1,
1754,81,"",25,,"The plane $\pi_1$ which contains a line $r: \dfrac{x-3}{2}=y+1=2z$ and is perpendicular to the plane $\pi: 2x-2z+1=0$, is:",Advanced,$2x-5y+2z-11=0$,$-x-3y-5z-6=0$,$x+3y-10z=0$ ,$-x+3y-5z=0$,,,2019-12-12 04:16:43+00,1,2019-12-12 11:36:12+00,43,4,1,
1755,2956,"",28,47,"Find a closed formula for
$$S(n)=2+10+50+ \dots + 2 \cdot 5^n$$",Basic,"$S(n)=\frac{5^{n+1}-1}{2}, \ \forall n \geq 0$","$S(n)=2\cdot(1+4n), \ \forall n \geq 0$","$S(n)=\frac{5^{n+1}-1}{2}, \ \forall n \geq 1$","$S(n)=2\cdot(1+4n), \ \forall n \geq 1$",,,2022-10-21 08:59:42+00,1,2023-02-17 08:27:11+00,64,4,1,
1756,52,"",18,7,The value of the determinant changes the sign when,Basic,two rows are interchanged,a multiple of one row is added to another row,a row is multiplied by $k>0$,a matrix is multiplied by $k\neq 0$,,,2019-09-19 11:11:19+00,1,2019-09-20 08:28:22+00,37,2,1,
1757,81,"",25,,Consider the plane $\pi: 3y+5=0$. Choose the right answer:,Basic,$\pi$ is parallel to the axes $OX$  and $OZ$ ,$\pi$ is parallel to the axes $OX$  and $OY$,$\pi$ is parallel to the axis $OY$ ,$\pi$ is perpendicular to the axes $OX$  and $OZ$.,,,2019-12-12 04:18:03+00,1,2019-12-12 10:12:45+00,43,2,3,
1758,2956,"",28,47,"A new bacteria appears in a lake and starts reproducing itself as follows: $\\$
$\hspace{10mm} \bullet \ $ On the first day, there is only one bacteria in the lake.  $\\$
$\hspace{10mm} \bullet \ $ Each bacteria replicates itself once a day.  $\\$
$\hspace{10mm} \bullet \ $ Each bacteria can replicate only twice. After replicating a second time, it dies immediately. $\\$

Consider $B(1)=1$, determine $B(2)$ and find a closed formula for the number of bacteria in the lake after $n$ days of its appearance, $B(n)$.",Advanced,"$B(2) = 1$ 
$B(n)=\frac{1}{\sqrt{5}}\left(\frac{1+\sqrt{5}}{2}\right)^n-\frac{1}{\sqrt{5}}\left(\frac{1-\sqrt{5}}{2}\right)^n, \ \forall n \geq 1$","$B(2) = 2$ 
$B(n)=\frac{1}{\sqrt{5}}\left(\frac{1+\sqrt{5}}{2}\right)^n-\frac{1}{\sqrt{5}}\left(\frac{1-\sqrt{5}}{2}\right)^n, \ \forall n \geq 1$","$B(2) = 1$ 
$B(n)=\frac{2}{\sqrt{5}}\left(\frac{1-\sqrt{5}}{2}\right)^n-\frac{2}{\sqrt{5}}\left(\frac{1+\sqrt{5}}{2}\right)^n, \ \forall n \geq 1$","$B(2) = 2$ 
$B(n)=\frac{2}{\sqrt{5}}\left(\frac{1-\sqrt{5}}{2}\right)^n-\frac{2}{\sqrt{5}}\left(\frac{1+\sqrt{5}}{2}\right)^n, \ \forall n \geq 1$",,,2022-10-21 09:41:04+00,1,2023-02-17 08:27:18+00,64,4,1,
1759,52,"",18,7,"Suppose $X=\left( A \cdot B \right) \cdot \left(B^{-1} \cdot A^{-1} \right)$, where $A=\left( \begin{array}{rr}
-4 & 3  \\
1 & -1  \end{array}
\right)$ and $B=\left( \begin{array}{rr}
-1 & 1  \\
3 & -2  \end{array}
\right)$. Which of the following statements about $X$ is correct?",Advanced,it is an identity matrix,it is undefined as operations given are not valid,it is a non-symmetric matrix of size $2\times 2$,it is a matrix of rank $1$,,,2019-09-19 11:12:47+00,1,2019-09-20 08:59:23+00,37,3,4,
1760,81,"",25,,"Consider the plane $\pi: (x,y,z)=(1, 0, 2)+k(2, -1, 3)+t(3, 2, 1), \quad k, t \in \mathbb{R}$ and the line $r: \dfrac{x+3}{2}=y-2=z+1$. Choose the right answer:",Advanced,$r$ is parallel to the plane $\pi$ ,$r$ is perpendicular to the plane $\pi$,$r\subset\pi$,$r\cap\pi$ is a point,,,2019-12-12 04:19:40+00,1,2019-12-15 14:27:35+00,43,4,1,
1761,2956,"",28,47,"In an arithmetic sequence, the sum of the first ten terms is $400$ and the sum of the next ten terms is $1000$. 
Find the common difference and the first term.",Advanced,The common difference is $\textbf{6}$ and the first term is $\textbf{13}$.,The common difference is $\textbf{2}$ and the first term is $\textbf{31}$.,The common difference is $\textbf{-2}$ and the first term is $\textbf{49}$.,The common difference is $\textbf{4}$ and the first term is $\textbf{6}$.,,,2022-10-22 02:29:08+00,1,2023-02-17 08:27:39+00,64,4,1,
1762,52,"",18,7,"Suppose that $A=\left( \begin{array}{rrr}
1  & 3 & 0\\ 
0 & -3 & 1\\
2  & 4 & 1\end{array}
\right)$. Find $B$ such that matrices $A$ and $B$ are inverses of each other.",Basic," $B=\left( \begin{array}{rrr}
7  & 3 & -3\\ 
-2 & -1 & 1\\
-6  & -2 & 3\end{array}
\right)$","$B=\left( \begin{array}{rrr}
7  & 0 & -3\\ 
2 & 1 & -1\\
6  & 1 & 3\end{array}
\right)$ ",insufficient information to find $B$,"$B=\left( \begin{array}{rr}
1  & 0\\ 
0 &  1 \end{array}
\right)$",,,2019-09-19 11:15:06+00,1,2019-09-20 08:59:38+00,37,3,4,
1763,81,"",25,,Consider the plane $\pi$ of equation $x-z-1=0$ and the line $r: \dfrac{-x+1}{2}=\dfrac{y}{2}=z+1$. The angle $\theta$ formed by $\pi$ and $r$ is: ,Advanced,$\theta=\dfrac{\pi}{4}$,$\theta=\dfrac{3\pi}{4}$,$\theta= \dfrac{2\pi}{3}$,$\theta= \dfrac{5\pi}{6}$,,,2019-12-12 04:21:25+00,2,2019-12-12 11:46:57+00,43,1,1,
1764,2956,"",28,47,"A geometric sequence has first term $\log_{2} 27$ and common ratio $\log_2 y$.
Find the exact value of $y$ for which the sum to infinity of the geometric sequence is $3$.",Advanced,$y=\frac{2}{3}$,$y=\frac{3}{2}$,$y=\frac{2}{\sqrt[3]{29}}$,$y=\sqrt[3]{\frac{3}{7}}$,,,2022-10-24 00:23:04+00,1,2023-02-17 08:27:57+00,64,4,1,
1765,52,"",18,7,Which matrix has linearly dependent rows?,Basic,"$\left( \begin{array}{rrrr}
3  & 6 & 3 & -3\\ 
5 & 10 & 5 & -5\\
5  & 6 & 5 & -1\end{array}
\right)$","$\left( \begin{array}{rrrr}
3  & 1 & 3 & -1\\ 
4 & 8 & 4 & -4\\
5  & 2 & 5 & -1\end{array}
\right)$ ","$\left( \begin{array}{rrr}
3  & 1 & 0 \\ 
8 & 0 & -1 \\
0  & 0 & 2 \end{array}
\right)$ ",any diagonal matrix,,,2019-09-19 11:16:51+00,1,2019-09-20 08:59:59+00,37,2,1,
1871,50,"",7,2,Consider $t \neq 0$. Make $g$ the subject of the expression $t=2\pi\sqrt\frac{l}{g}$,Basic,$g=\dfrac{4\pi^2l}{t^2}$,$g=\dfrac{t^2}{4\pi^2l}$,$g=\dfrac{2\pi l}{t^2}$,$g=\dfrac{t^2}{2\pi l}$,,,2019-10-17 11:02:21+00,1,2020-05-08 18:09:53+00,37,2,3,
1766,74,"",12,12,"The staff of a seaport works 8 hours a day, two blocks of 4 hours, which are separated by 1 hour to rest. Given the 24 hours a day, the company has to hire six shifts with a 4-hour interval start (e.g. the 1st shift starts at 0:00 a.m., the 2nd at 4 a.m., the 3rd at 8:00 a.m., ..., the 6th at 8:00 p.m.). Suppose that the number of workers required for the proper functioning of the port is indicated in the following table: 
	
	
		\[\begin{array}{|l|c|}
			\hline
			\text{Day period} & \text{Required number of workers} \\
			\hline
			\text{0:00 a.m. to 8:00 a.m.} & 10 \\
			\text{8:00 a.m. to 4:00 p.m.} & 40\\
			\text{4:00 p.m. to 0:00 a.m.} & 20 \\
			\hline
		\end{array}
		\]
	In this problem, what are the decision variables to formalize the Linear Programming (LP) model that allows planning the proper functioning of the port.	",Basic,$x_{i}$ is the number of  workers in shift $i~(i = 1~to~6)$;,"$x_1$, $x_2$, $x_3$ is the number of  workers in shift $1, 2$ and $3$, respectively;","$x_4$, $x_5$, $x_6$ is the number of  workers in shift $4, 5$ and $6$, respectively;",$x$ is the number of workers in each shift;,,,2019-12-12 08:10:31+00,1,2020-05-08 00:46:40+00,61,2,3,
1767,2956,"",28,47,"The first three terms of an arithmetic sequence are $2x, \, x+4$ and $2x-7$ respectively. 
Find the value of $x$.",Basic,$x=\frac{15}{2}$,$x=\frac{7}{2}$,$x=\frac{5}{2}$,"With the information provided, the question cannot be answered.",,,2022-10-24 00:33:10+00,1,2023-02-17 08:28:09+00,64,3,3,
1768,52,"",18,7,"Find $\mathrm{det}(R)\cdot A^T\cdot  B + R^{-1}$, where $A=\left( \begin{array}{rrr}
2  & -1 & 0 \end{array}
\right)$, $B=\left( \begin{array}{rrr}
3  & 2 & 1 \end{array}
\right)$, and $R=\left( \begin{array}{rrr}
1  & 0 & -2 \\ 
3 & -1 & 0 \\
0  & 0 & 1 \end{array}
\right)$.",Advanced,"$\left( \begin{array}{rrr}
-5  & -4 & 0 \\ 
6 & 1 & 7 \\
0  & 0 & 1 \end{array}
\right)$","$\left( \begin{array}{rrr}
7  & 4 & 4 \\ 
0 & -3 & 5 \\
0  & 0 & 1 \end{array}
\right)$","$\left( \begin{array}{rrr}
-5  & -4 & -4 \\ 
6 & 1 & 1 \\
0  & 0 & 1 \end{array}
\right)$","$\left( \begin{array}{rrr}
7  & 4 & 0 \\ 
0 & -3 & -1 \\
0  & 0 & 1 \end{array}
\right)$",,,2019-09-19 11:18:20+00,1,2019-09-20 09:00:21+00,37,3,4,
1769,74,"",12,12,"The Omega Manufacturing Company has discontinued the production of a certain unprofitable product line. This act created considerable excess production capacity. Management is considering devoting this excess capacity to one or more of three products; call them products 1, 2, and 3. The available capacity on the machines that might limit output is summarized in the following table:
	
	\[\begin{array}{|c|c|}
			\hline
			\text{Machine Type} & \text{Available Time (machine hours per week)} \\
			\hline
			\text{Milling machine} & 500 \\
			\text{Lathe} & 350 \\
			\text{Grinder} & 150 \\
			\hline
			\end{array}\]
	
The number of machine hours required for each unit for a given product is the following:
	
		\[\begin{array}{|l|c|c|c|}
			\hline
			\text{Machine Type} & \text{Product 1} & \text{Product 2} & \text{Product 3} \\
			\hline
			\text{Milling machine} & 9 & 3 & 5 \\
			\text{Lathe} & 5 & 4 & 0 \\
		\text{Grinder} & 3 & 0 & 2 \\
			\hline
		\end{array}\]
	
	The sales department indicates that the sales potential for products 1 and 2 exceeds the maximum production rate and the sales potential for product 3 is 20 units per week. The unit profit would be 50€, 20€, and 25€ for products 1, 2, and 3, respectively. The objective is to determine how much of each product the company should produce to maximize the profit. Formulate a linear programming model for this problem, considering that $x_{i}$ is the number of units of product $i~(i = 1~to~3)$ produced.	",Basic,"	\[\begin{array}{ll}	
			\text{Maximize} & Z= 50x_{1}+ 20x_{2}+ 25x_{3}\\
			\text{subject to} & 9x_{1}+ 3x_{2}+ 5x_{3}\leq 500\\
			& 5x_{1}+ 4x_{2} \leq 350\\
			& 3x_{1}+ 2x_{3} \leq 150\\
			& x_{3}\leq 20\\
			&  x_{i}\geq 0, i=1~to~3\\ 
			\end{array}
			\]","\[\begin{array}{ll}	
			\text{Maximize} & Z= 50x_{1}+ 20x_{2}+ 25x_{3}\\
			\text{subject to} & 9x_{1}+ 3x_{2}+ 5x_{3}\leq 500\\
			& 5x_{1}+ 4x_{2} \leq 350\\
			& 3x_{1}+ 2x_{3} \leq 150\\
			& x_{3}\leq 20\\
			\end{array}
			\]","	\[\begin{array}{ll}	
			\text{Maximize} & Z= 50x_{1}+ 20x_{2}+ 25x_{3}\\
			\text{subject to} & 9x_{1}+ 3x_{2}+ 5x_{3}\leq 500\\
			& 5x_{1}+ 4x_{2} \leq 350\\
			& 3x_{1}+ 2x_{3} \leq 150\\
			& x_{3}\geq 20\\
			&  x_{i}\geq 0, i=1~to~3\\
			\end{array}
			\]","\[\begin{array}{ll}	
			\text{Maximize} & Z= 50x_{1}+ 20x_{2}+ 25x_{3}\\
			\text{subject to} & 9x_{1}+ 3x_{2}+ 5x_{3}\leq 500\\
			& 5x_{1}+ 4x_{2} \leq 350\\
			& 3x_{1}+ 2x_{3} \leq 150\\
		    & x_{i}\geq 0, i=1~to~3\\ 
			\end{array}
			\]",,,2019-12-12 08:26:10+00,1,2020-05-08 00:47:30+00,61,4,2,
1770,2956,"",28,47,"The Stirling number of the second kind, denoted by $\mathbf{S(n,k)}$, counts the number of ways to partition a set of $\mathbf{n}$ elements into $\mathbf{k}$ non-empty subsets.

Let $f_k(x) = \sum\limits_{n \geq 0} S(n,k)x^n$.

Using the method of generating functions, find an expression for $f_k(x)$ that only depends on $n$ and $k$.

$\underline{\text{Hint}}$: Start by finding a recurrence relation for $S(n,k)$.",Advanced,"$f_k(x) = \frac{x^k}{(1-x)(1-2x)\dots(1-kx)}, \ \forall k \geq 0$","$f_k(x) = \frac{x}{(1-x)(1-2x)\dots(1-kx)}, \ \forall k \geq 0$","$f_k(x) = \left(\frac{x^k}{1-x}\right)^{k-1}, \ \forall k \geq 0$","$f_k(x) = \left(\frac{x}{1-x}\right)^{k-1}, \ \forall k \geq 0$",,,2022-10-24 10:08:44+00,1,2023-02-17 08:28:20+00,64,5,2,
1771,52,"",18,7,"Find all the values of $x$ so that $A=\left( \begin{array}{rrrr}  
1  & x & 0 & 0 \\ 
0 & -1 & 0 & 2\\
0 & 0 & 2 & x\\
0  & 1 & x & 0\end{array}
\right)$ 
is a singular matrix.",Basic,$2$ and $-2$ , $0$, $1$, $-1$,,,2019-09-19 11:19:50+00,1,2019-09-20 09:00:35+00,37,1,2,
1772,74,"",12,12,"The Omega Manufacturing Company has discontinued the production of a certain unprofitable product line. This act created considerable excess production capacity. Management is considering devoting this excess capacity to one or more of three products; call them products 1, 2, and 3. The available capacity on the machines that might limit output is summarized in the following table:
	
	\[\begin{array}{|c|c|}
	\hline
	\text{Machine Type} & \text{Available Time (machine hours per week)} \\
	\hline
	\text{Milling machine} & 500 \\
	\text{Lathe} & 350 \\
	\text{Grinder} & 150 \\
	\hline
	\end{array}\]
		
The number of machine hours required for each unit for a given product is the following:
	
	\[\begin{array}{|l|c|c|c|}
	\hline
	\text{Machine Type} & \text{Product 1} & \text{Product 2} & \text{Product 3} \\
	\hline
	\text{Milling machine} & 9 & 3 & 5 \\
	\text{Lathe} & 5 & 4 & 0 \\
	\text{Grinder} & 3 & 0 & 2 \\
	\hline
	\end{array}\]
	
	The sales department indicates that the sales potential for products 1 and 2 exceeds the maximum production rate and the sales potential for product 3 is 20 units per week. The unit profit would be 50€, 20€, and 25€ for products 1, 2, and 3, respectively. The objective is to determine how much of each product the company should produce to maximize the profit. Use a computer (Solver Add-in in Excel) to solve this model by the simplex method, considering that $x_{i}$ is the number of units of product $i~(i = 1~to~3)$ produced.",Basic,"$x_1=26.19,~x_2=54.76,~x_3=20$;","$x_1=20,~x_2=20,~x_3=20$;","$x_1=36.67,~x_2=41.67,~x_3=20$;","$x_1=0,~x_2=87.50,~x_3=47.50$; ",,,2019-12-12 08:30:30+00,1,2020-05-08 00:53:57+00,61,5,2,
1784,43,"",18,9,"Solve the following linear system:
$$\left\{\begin{array}{ccccccc}
x & - & 2y & - & z & = & -4\\ 
2x & - & 2y & + & z & = & 3\\
x & + & y & + & z & = & 5
\end{array}\right.$$
",Basic,"The system has $(1,1,3)$ as unique solution",The system has no solutions,"The system has $(-1,1,3)$ as unique solution","The system has $(x+1,x-1,2x-3)$ as solution for every $x\in\mathbb{R}$",,,2019-09-24 08:37:34+00,1,2019-11-12 04:48:35+00,61,1,4,
1785,91,"",7,1,The sum of the number of faces with the number of vertices of a solid is 20. Choose the right answer.,Basic,The solid is a enneagonal pyramid. ,The solid is a decagonal pyramid.,The solid is a decagonal prism.,The solid is a enneagonal prism.,,,2019-12-13 05:37:17+00,1,2020-01-23 06:10:31+00,67,3,3,
1773,2956,"",28,47,"Elsa is carrying out a series of experiments that involve using increasing amounts of a chemical. $\\$

In the first experiment she uses 6g of the chemical, and in the second experiment she uses 7.8g of the chemical. $\\$

$\textbf{1.}$ Given that the amount of chemical used in each experiment forms an arithmetic sequence, find the total amount of chemical used in the first 30 experiments. $\\$

$\textbf{2.}$ Instead, it is given that the amout of chemical used form a geometric sequence. Elsa has a total of 1800g of chemical available.  $\\$
How many experiments can she do? $\\$",Advanced,"$\textbf{1.}$ 963g  $\\$
$\textbf{2.}$ 17 experiments","$\textbf{1.}$ 990g  $\\$
$\textbf{2.}$ 18 experiments","$\textbf{1.}$ 1980g  $\\$
$\textbf{2.}$ 16 experiments","$\textbf{1.}$ 873g  $\\$
$\textbf{2.}$ 20 experiments",,,2022-10-24 10:24:50+00,1,2023-02-17 08:28:32+00,64,3,3,
1774,38,"",5,5,"Find $\displaystyle\int (2x+1)\cos(3x)\, dx$",Basic,$\displaystyle \dfrac{1}{3}\sin \left(3x\right)\left(2x+1\right)+\dfrac{2}{9}\cos \left(3x\right)+c$,"$\displaystyle \dfrac{x^4}{5}\ln(x)+c$ 
","$\displaystyle\dfrac{x^5}{5}\ln(x)-\dfrac{x^5}{25}+c$
", $\displaystyle \dfrac{x^5}{5}\dfrac{\ln^2(x)}{2}+c$,,,2019-09-23 11:48:21+00,1,2019-12-07 10:05:16+00,52,3,4,
1775,74,"",12,12,"The Omega Manufacturing Company has discontinued the production of a certain unprofitable product line. This act created considerable excess production capacity. Management is considering devoting this excess capacity to one or more of three products; call them products 1, 2, and 3. The available capacity on the machines that might limit output is summarized in the following table:
	
	\[\begin{array}{|c|c|}
	\hline
	\text{Machine Type} & \text{Available Time (machine hours per week)} \\
	\hline
	\text{Milling machine} & 500 \\
	\text{Lathe} & 350 \\
	\text{Grinder} & 150 \\
	\hline
	\end{array}\]
	
The number of machine hours required for each unit for a given product is the following:
	
	\[\begin{array}{|l|c|c|c|}
	\hline
	\text{Machine Type} & \text{Product 1} & \text{Product 2} & \text{Product 3} \\
	\hline
	\text{Milling machine} & 9 & 3 & 5 \\
	\text{Lathe} & 5 & 4 & 0 \\
	\text{Grinder} & 3 & 0 & 2 \\
	\hline
	\end{array}\]
	
The sales department indicates that the sales potential for products 1 and 2 exceeds the maximum production rate and the sales potential for product 3 is 20 units per week. The unit profit would be 50€, 20€, and 25€ for products 1, 2, and 3, respectively. The objective is to determine how much of each product the company should produce to maximize the profit. Choose the correct answer to indicate the reduced cost for the product 1.",Advanced,$0$,$20$,$6.19$,$26.19$,,,2019-12-12 08:37:54+00,1,2020-05-08 00:49:29+00,61,4,2,
1776,2956,"",28,47,"Using recurrence, calculate the fraction that is equivalent to $0.18181818...$",Advanced,"$\frac{2}{11}$ and to achieve this result, we used the sum of an infinite geometric sequence.","$\frac{2}{11}$ and to achieve this result, we used the sum of a finite geometric sequence.","$\frac{2}{11}$ and to achieve this result, we used the sum of an infinite arithmetic sequence.","$\frac{2}{11}$ and to achieve this result, we used the sum of a finite arithmetic sequence.",,,2022-10-25 23:34:56+00,1,2023-02-17 08:28:47+00,64,3,3,
1777,43,"",18,9,"Solve the following linear system
$$\left\{\begin{array}{ccccccc}
4x & - & 2y & + & z & = & 7\\ 
4x & - & y & + & z & = & 1\\
x & + & y & - & z & = & -1
\end{array}\right.$$",Basic,"The system has $(0,-6,-5)$ as unique solution",The system has no solutions,"The system has $(5,3,2)$ as unique solution","The system has $(2x,x,4-x)$ as solution for every $x\in\mathbb{R}$.",,,2019-09-24 08:28:37+00,1,2019-09-26 23:28:59+00,53,2,3,
1778,2956,"",28,47,"A man joined a company as Assistant Manager. The company gave him a starting salary of $20.000$ and agreed to increase his salary 5% annually. What will be his salary after 5 years?  $\\$

$\underline{Note}$: After 5 years, we are in year 6.",Advanced,$\approx \$25.526$,$\approx \$26.802$,$\approx \$24.310$,$\approx \$151.875$,,,2022-10-25 23:49:06+00,1,2023-02-17 08:28:59+00,64,2,4,
1779,43,"",18,9,"Solve the following linear system:
$$\left\{\begin{array}{ccccccccc}
x & + & 3y & - & 3z & + & w & = & -2\\
3x & - & y & - & 3z & - & 4w & = & 1\\
2x & + & 3y & - & 5z & + & w & = & -3\\
x & + & y & - & z & + & w & = & -2
\end{array}\right.$$",Basic,"The system has $(-1,0,0,-1)$ as unique solution.",The system has no solutions,"The system has $(x, 0, 0, x)$ as solution for every $x\in\mathbb{R}$","The system has $(x,x-1,x-1,x)$ as solution for every $x\in\mathbb{R}$.",,,2019-09-24 08:31:40+00,1,2019-11-12 04:46:28+00,61,3,1,
1780,2956,"",28,47,"Consider the sequence $$0, 1, \frac{1}{2}, \frac{3}{4}, \frac{5}{8}, \frac{11}{16}, \dots$$ in which each term is the average of the previous two terms. 

Find the formula for the general term using a recurrence equation $(a_n)_{n \in\ \mathbb{N}}$. Make sure you state the initial condition. Then give a formula for the general term.",Advanced,"The recurrence equation is $a_n=\frac{1}{2}\left(a_{n-2}+a_{n-1}\right), \ \forall n \geq 2$.

The initial condition is $a_0=0$.

The closed formula is $a_n=\frac{2}{3}-\frac{2}{3}\left(-\frac{1}{2}\right)^n, \ \forall n \geq 0$.
","The recurrence equation is $a_n=\frac{1}{2}\left(a_{n-2}+a_{n-1}\right), \ \forall n \geq 3$.

The initial condition is $a_1=0$.

The closed formula is $a_n=\frac{2}{3}-\frac{2}{3}\left(-\frac{1}{2}\right)^n, \ \forall n \geq 1$.
","The recurrence equation is $a_n=\frac{1}{2}\cdot a_{n-2}+a_{n-1}, \ \forall n \geq 3$.

The initial condition is $a_1=0$.

The closed formula is $a_n=-\frac{2}{3}\left(-\frac{1}{2}\right)^n, \ \forall n \geq 1$.
","The recurrence equation is $a_n=\frac{1}{2}\left(a_{n-2}+a_{n-1}\right), \ \forall n \geq 2$.

The initial condition is $a_0=0$.

The closed formula is $a_n=-\frac{2}{3}\left(-\frac{1}{2}\right)^n, \ \forall n \geq 0$.
",,,2022-10-26 23:38:11+00,1,2023-02-17 08:29:16+00,64,3,3,
1781,43,"",18,9,"Solve the following linear system:
$$\left\{\begin{array}{ccccccc}
3x & + & 2y & - & z & = & 0\\ 
2x & - & y & + & z & = & 1\\
x & + & y & - & z & = & -1
\end{array}\right.$$",Basic,"The system has $(0,1,2)$ as unique solution",The system has no solutions,"The system has $(0,-1,2)$ as unique solution","The system has $(x,x+1,2x+2)$ as solution for every $x\in\mathbb{R}$.",,,2019-09-24 08:35:05+00,1,2019-11-12 04:47:53+00,61,1,4,
1782,91,"",7,1,T is an isosceles right triangle. Select the option that corresponds to the length of the sides of T.,Basic,"$2cm$, $2cm$, $2\sqrt{2}cm$.","$2cm$, $2cm$, $4cm$.","$2cm$, $2cm$, $8cm$.","$2cm$, $2cm$, $\sqrt{2}cm$.",,,2019-12-13 05:32:59+00,1,2020-01-23 06:09:06+00,67,2,2,
1783,2956,"",28,47,"A string of $n$ characters is made from the characters A, B and C.

Let $G_n$ be the number of such strings of $n \geq 1$ characters which contain no instance of AB (in that order).

Write a recurrence relation for $G_n$.",Advanced,"$G_n = 3G_{n-1}-G_{n-2}, \ \forall n \geq 3$",$G_n = 3G_{n-1}-3 \ \forall n \geq 2$,$G_n = 3G_{n-1} \ \forall n \geq 2$,"$G_n = G_{n-1}+G_{n-2}, \ \forall n \geq 2$",,,2022-10-28 00:10:51+00,1,2023-02-17 08:29:26+00,64,3,3,
1786,2956,"",28,47,"A water tank had 1‎ ‎778 litres of water. The volume of the water decreased by 14, 28, and 56 litres over the next three days, respectively. 
How long will it take the tank to be empty given that the water volume decreases following the same pattern?",Advanced,7 days.,6 days.,8 days.,5 days.,,,2022-11-01 00:54:13+00,1,2023-02-17 08:29:38+00,64,3,3,
1787,43,"",18,9,"Solve the following linear system
$$\left\{\begin{array}{ccccccc}
x & + & 2y & - & z & = & 1\\ 
2x & - & y & + & z & = & 5\\
x & - & 2y & + & z & = & 5
\end{array}\right.$$
",Basic,"The system has $(3,-3,-4)$ as unique solution",The system has no solution,"The system has $(-3,3,-4)$ as unique solution","The system has $(3,3,-4)$ as unique solution.",,,2019-09-24 08:39:48+00,1,2019-11-12 04:49:16+00,61,1,4,
1788,74,"",12,12,"The Omega Manufacturing Company has discontinued the production of a certain unprofitable product line. This act created considerable excess production capacity. Management is considering devoting this excess capacity to one or more of three products; call them products 1, 2, and 3. The available capacity on the machines that might limit output is summarized in the following table:
	
	\[\begin{array}{|c|c|}
	\hline
	\text{Machine Type} & \text{Available Time (machine hours per week)} \\
	\hline
	\text{Milling machine} & 500 \\
	\text{Lathe} & 350 \\
	\text{Grinder} & 150 \\
	\hline
	\end{array}\]
	
The number of machine hours required for each unit for a given product is the following:
	
	\[\begin{array}{|l|c|c|c|}
	\hline
	\text{Machine Type} & \text{Product 1} & \text{Product 2} & \text{Product 3} \\
	\hline
	\text{Milling machine} & 9 & 3 & 5 \\
	\text{Lathe} & 5 & 4 & 0 \\
	\text{Grinder} & 3 & 0 & 2 \\
	\hline
	\end{array}\]
	
	The sales department indicates that the sales potential for products 1 and 2 exceeds the maximum production rate and the sales potential for product 3 is 20 units per week. The unit profit would be 50€, 20€, and 25€, respectively, for products 1, 2, and 3. The objective is to determine how much of each product the company should produce to maximize the profit. Choose the right answer to identify the shadow price for the hour of lathe machine.",Advanced, $1.43$;,$4.76$;,$0$;,$1.19$;,,,2019-12-13 06:02:11+00,1,2020-05-08 00:51:41+00,61,4,2,
1789,2956,"",28,47,"A strict composition of an integer $n>0$ is a k-tuple $(c_1,\,c_2,\,\dots,\,c_k)$ of positive integers that sum to n, where $k \geq 1$.
Let $c_n$ denote the number of strict compositions of the integer $n>0$.

Find a recursive formula for $c_n$ and derive a closed formula from it.",Advanced,"$c_n = 2 \cdot c_{n-1}, \ \forall n \geq 2$
$c_1 = 1$
$c_n = 2^{n-1}, \ \forall n \geq 1$","$c_n = c_{n-1}+1, \ \forall n \geq 1$
$c_0 = 0$
$c_n = 2n, \ \forall n \geq 0$","$c_n = 2^{c_{n-1}}, \ \forall n \geq 2$
$c_1 = 1$
$c_n = 2^{2^{n-2}}, \ \forall n \geq 2$","$c_n = c_{n-1}+c_{n-2}, \ \forall n \geq 3$
$c_0 = 1$
$c_n = 3n-7, \ \forall n \geq 1$",,,2022-11-01 01:11:39+00,1,2023-02-17 08:29:47+00,64,5,2,
1792,2956,"",28,46,Which of the follow statements is true in set theory?,Basic,Two sets are equal if and only if each is subset of the other.,If one element of set A also belongs to set B then set A is subset of set B.,The order of elements of two equal sets must be same.,Improper subset is one that contains few elements of the original set.,,,2022-11-11 07:57:41+00,2,2023-02-17 08:30:13+00,64,1,1,
1794,91,"",7,1,Select the correct statement.,Advanced,"If a polygon is regular, then their diagonals are congruent. 
 
"," If a polygon has two pairs of parallel sides, then it is a parallelogram."," If a polygon has four right angles, then it is a rectangle.","If a polygon is not regular, then it doesn’t have reflection symmetries.",,,2019-12-13 07:29:10+00,1,2020-01-23 06:12:26+00,67,3,3,
1795,2956,"",28,46,"In a survey of 800 people about the habits of morning drinks, 600 people drink only tea and 
100 drink both tea and coffee. 

If the number of people who drink tea is 10 times the number of people who drink coffee, find the number of people who don't drink any of these beverages.",Basic,130,90,100,190,,,2022-11-11 08:06:16+00,1,2023-02-17 08:30:57+00,64,3,1,
1796,38,"",5,5,"Find $\displaystyle\int \dfrac{1}{x^3}\ln(x)\, dx$",Advanced,"$\displaystyle -\dfrac{\ln(x)}{2x^2}-\dfrac{1}{4x^2}+c$
","$\displaystyle \dfrac{x^4}{4}\ln(x)+c$ 
","$\displaystyle\dfrac{x^5}{5}\ln(x)-\dfrac{x^5}{25}+c$
", $\displaystyle \dfrac{x^5}{5}-\dfrac{\ln^2(x)}{2}+c$,,,2019-10-02 11:33:29+00,1,2019-12-07 10:05:43+00,52,1,1,
1797,91,"",7,1,How many diagonals can we trace on a decagon?,Basic,"35
",20,23,12,,,2019-12-13 07:32:27+00,1,2020-01-23 03:25:31+00,67,2,2,
1798,2956,"",28,46,"Which of the following is true for $A = \left\{ a,e,i, \{o\},\{u\} \right\}$ ?",Basic,$\{o\} \in A$ and $o \not\in A$,"$\{o,\,u\} \subseteq A$","$\{a,\,e,\,i\} \in A$ and $\{o,\,u\} \not\in A$","$\{\{a,\,e,\,i\}\} \subseteq A$",,,2022-11-11 08:09:53+00,1,2023-02-17 08:31:07+00,64,3,1,
1799,91,"",7,1," Indicate which of the following geometrical transformations is not an isometry.
",Basic,"Homotetia of centre $\left(0, 0\right)$ and ratio 4.
","Homotetia of centre $\left(-2, 2\right)$ and ratio $-1$. ","Rotation of centre $\left(-2,2\right)$ and amplitude $45^\circ$."," Rotation of centre $\left(0,0\right)$ and amplitude $180^\circ$.",,,2019-12-13 07:39:21+00,1,2020-01-23 06:13:45+00,67,5,4,
1800,38,"",5,5,"Find $\displaystyle\int \ln\left(\sqrt{x}\right)\, dx$.",Basic,$\displaystyle \dfrac{1}{2}\left(x\ln \left(x\right)-x\right)+c$,"$\displaystyle \dfrac{1}{2}\left(\sqrt{x}\ln \left(\sqrt{x}\right)-\sqrt{x}\right)+c$ 
","$\displaystyle \dfrac{1}{2\sqrt{x}}\left(\sqrt{x}\ln \left(\sqrt{x}\right)-x\right)+c$ 
", $\displaystyle x\ln(x)-x+c$,,,2019-10-02 11:37:29+00,1,2019-12-07 10:06:12+00,52,4,3,
1801,74,"",12,12,"The Omega Manufacturing Company has discontinued the production of a certain unprofitable product line. This act created considerable excess production capacity. Management is considering devoting this excess capacity to one or more of three products; call them products 1, 2, and 3. The available capacity on the machines that might limit output is summarized in the following table:
	
	\[\begin{array}{|c|c|}
	\hline
	\text{Machine Type} & \text{Available Time (machine hours per week)} \\
	\hline
	\text{Milling machine} & 500 \\
	\text{Lathe} & 350 \\
	\text{Grinder} & 150 \\
	\hline
	\end{array}\]
	
The number of machine hours required for each unit of the respective products is:
	
	\[\begin{array}{|l|c|c|c|}
	\hline
	\text{Machine Type} & \text{Product 1} & \text{Product 2} & \text{Product 3} \\
	\hline
	\text{Milling machine} & 9 & 3 & 5 \\
	\text{Lathe} & 5 & 4 & 0 \\
	\text{Grinder} & 3 & 0 & 2 \\
	\hline
	\end{array}\]
	
The sales department indicates that the sales potential for products 1 and 2 exceeds the maximum production rate and that the sales potential for product 3 is 20 units per week. The unit profit would be 50€, 20€, and 25€ respectively, on products 1, 2, and 3. The objective is to determine how much of each product Omega should produce to maximize profit. The unit profit for product 2 should stay in the interval ...",Basic,"$[19, 40]$;","$[1, 20]$;","$[25, 51.25]$;", None of them;,,,2019-12-13 07:48:44+00,1,2020-05-08 00:52:31+00,61,4,2,
1802,2956,"",28,46,"In a classroom, students were asked about which topics they like among Calculus, Geometry and Algebra. 

Among them, 36 like Algebra, 12 like Geometry and 18 like Calculus. If there are 45 students in the classroom and 4 students like all three topics, determine the number of students who like any two of these three topics.",Advanced,$13$,$24$,$21$,$9$,,,2022-11-11 08:21:42+00,1,2023-02-17 08:31:24+00,64,4,2,
1867,50,"",7,2,"Solve for $t$ : 

$\sqrt{\dfrac{t}{6}} -2=8$",Basic,$t=600$,$t=6$,$t=360$,$t=96$,,,2019-10-17 10:47:33+00,1,2020-06-17 03:46:22+00,37,2,2,
1803,38,"",5,5,"Find $\displaystyle\int \sin\left(\sqrt[3]{x}\right)\, dx$.",Advanced,$\displaystyle 3\left(-x^{\frac{2}{3}}\cos \left(\sqrt[3]{x}\right)+2\left(\sqrt[3]{x}\sin \left(\sqrt[3]{x}\right)+\cos \left(\sqrt[3]{x}\right)\right)\right)+c$,"$\displaystyle x\arcsin \left(\sqrt{x}\right)-\dfrac{1}{2}\arcsin \left(\sqrt{x}\right)+\dfrac{1}{4}\sin \left(2\arcsin \left(\sqrt{x}\right)\right)+c$ 
","$\displaystyle x\arcsin \left(\sqrt{x}\right)-\dfrac{1}{2}\arcsin \left(\sqrt{x}\right)+\dfrac{1}{4}\sin \left(2\arcsin \left(\sqrt{x}\right)\right)+c$ 
",$\displaystyle x\ln(x)-x+c$,,,2019-10-02 11:38:59+00,1,2019-12-07 10:06:39+00,52,4,3,
1804,74,"",12,12,"The staff of a seaport works 8 hours a day, two blocks of 4 hours, obligatorily separated by 1 hour to rest. Given the 24 hours a day, the company has to hire six shifts with a 4-hour interval start (e.g. the 1st shift starts at 0:00 a.m., the 2nd at 4 a.m., the 3rd at 8:00 a.m., ..., the 6th at 8:00 p.m.). Supposing that the number of workers required to the proper functioning of the port is indicated in the following table:
	
	\[\begin{array}{|l|c|}
	\hline
	\text{Day period} & \text{Required number of workers} \\
	\hline
	\text{0:00 a.m. to 8:00 a.m.} & 10 \\
	\text{8:00 a.m. to 4:00 p.m.} & 40\\
	\text{4:00 p.m. to 0:00 a.m.} & 20 \\
	\hline
	\end{array}
	\]

How does the linear programming model should be formalized to allow planning the proper functioning of the port, considering that $x_{i}$ is the number of  workers in shift $i~(i = 1~to~6)$?",Advanced,"	\[\begin{array}{ll}	
			\text{Minimize} & Z= \sum_{i=1}^6 x_{i}\\
			\text{subject to} & x_{1}+x_{5}\geq 10\\
			& x_{1}+x_{6}\geq 10\\
			& x_{2}+x_{6}\geq 10\\
			& x_{1}+x_{2}\geq 10\\
			& x_{1}+x_{3}\geq 40\\
			& x_{2}+x_{3}\geq 40\\
			& x_{2}+x_{4}\geq 40\\
			& x_{3}+x_{4}\geq 40\\
			& x_{3}+x_{5}\geq 20\\
			& x_{4}+x_{5}\geq 20\\
			& x_{4}+x_{6}\geq 20\\
			& x_{5}+x_{6}\geq 20\\
			&  x_{i}\geq 0, i=1~to~6\\
			\end{array}
			\]","	\[\begin{array}{ll}	
			\text{Minimize} & Z= \sum_{i=1}^6 x_{i}\\
			\text{subject to} & x_{1}+x_{2}\geq 10\\	
			& x_{1}+x_{3}\geq 40\\
			& x_{2}+x_{3}\geq 40\\
			& x_{2}+x_{4}\geq 40\\
		    & x_{3}+x_{4}\geq 40\\
			& x_{3}+x_{5}\geq 20\\
			& x_{4}+x_{5}\geq 20\\
			& x_{4}+x_{6}\geq 20\\
			& x_{5}+x_{6}\geq 20\\
			& x_{i}\geq 0, i=1~to~6\\ 
			\end{array}
			\]
			","	\[\begin{array}{ll}	
			\text{Minimize} & Z= \sum_{i=1}^6 x_{i}\\
			\text{subject to} & x_{1}+x_{2}\geq 10\\
			& x_{1}+x_{6}\geq 10\\
			& x_{2}+x_{3}\geq 40\\
			& x_{3}+x_{4}\geq 40\\
			& x_{4}+x_{5}\geq 20\\
			& x_{5}+x_{6}\geq 20\\
			& x_{i}\geq 0, i=1~to~6\\	
			\end{array}
			\]	","	\[\begin{array}{ll}	
			\text{Minimize} & Z= \sum_{i=1}^6 x_{i}\\
			\text{subject to} & x_{1}+x_{2}\geq 10\\
			& x_{2}+x_{3}\geq 40\\
			& x_{3}+x_{4}\geq 40\\
			& x_{4}+x_{5}\geq 20\\
			& x_{5}+x_{6}\geq 20\\
			& x_{i}\geq 0, i=1~to~6\\
			\end{array}
			\]",,,2019-12-13 07:58:33+00,1,2020-05-08 00:52:10+00,61,3,1,
1805,2956,"",28,46,"Consider $A=\{x,y\},\, B=\{z\},\, C=\{x,z\},\, D=\{y,z\},\, E=\{w,x\}$ and $F=\{w,z\}$.

Among the given sets which of them are disjoint with $A$ ?",Basic,$B$ and $F$,$D$ and $E$,$B$,"$C,\, D,\, E$ and $F$",,,2022-11-11 08:33:02+00,1,2023-02-17 08:31:42+00,64,2,4,
1806,38,"",5,5,"Find $\displaystyle\int\dfrac{\sqrt{4-9x^2}}{x}\, dx$.",Advanced,$\displaystyle 2\ln\left|\dfrac{2-\sqrt{4-9x^2}}{3x}\right|+\sqrt{4-9x^2}+c$,"$\displaystyle \ln\left|\dfrac{2-\sqrt{4-9x^2}}{x}\right|+\sqrt{4-9x^2}+c$ 
","$\displaystyle -2\ln\left|\dfrac{2-\sqrt{4-9x^2}}{3x}\right|-\sqrt{4-9x^2}+c$ 
", $\displaystyle -2\ln\left|\dfrac{2-\sqrt{4-9x^2}}{x}\right|-\sqrt{4-9x^2}+c$,,,2019-10-02 11:40:23+00,1,2019-12-07 10:07:11+00,52,4,3,
1807,74,"",12,12,"Consider the following linear programming problem to determine the optimum production schedule concerning three products $x_1$, $x_2$ and $x_3$ to maximize the profit regarding Company XLK Lda. The production of these products requires resources 1 and 2. 
	
	\[\begin{array}{ll}	
	\text{Maximize} & Z= 3x_{1}+x_{2}+5x_{3}\\
	\text{subject to} & 6x_{1}+3x_{2}+5x_{3}\leq 45 \text{ (Resource 1)}\\
	& 3x_{1}+4x_{2}+5x_{3}\leq 30 \text{ (Resource 2)}\\
	& x_{i}\geq 0, i=1~to~3\\	
	\end{array}
	\]	
	
Let $S_1$ and $S_2$ be the slack variables for the respective constraints. After we apply the simplex method, the final incomplete simplex tableau is:

	\[
	\begin{array}{l|ccccc|c}
	& x_{1} & x_{2} & x_{3} &  S_{1} & S_{2} & \\
	\hline
	 x_{1} & 1 & -1/3  & 0 &  1/3 & -1/3 & 5 \\
	 x_{3} & 0 & 1  & 1 &  -1/5 & 2/5 & 3 \\
	 	\hline
	   & &   & &   & & \\
	\end{array}
	\]	
Determine the optimal solution:	",Advanced,$x_{1}=5;~x_{2}= S_{1}= S_{2}=0;~;x_{3}=3;~Z=30$;,$x_{1}=5;~x_{2}=3; S_{1}= S_{2}=x_{3}=0;~Z=18$;,$x_{1}=5;~x_{2}= S_{1}= S_{2}=0;~;x_{3}=3;~Z=18$;,$x_{1}=5;~x_{2}= S_{1}=0; S_{2}=x_{3}=3;~Z=30$; ,,,2019-12-13 08:01:39+00,1,2020-05-08 00:50:40+00,61,4,2,
1808,2956,"",28,46,"Consider $A=\{1,3,5\}$ and $B=\{2,4,6,8\}$. 

Find $A \times B$.",Basic,"$\left\{ (1,2),(1,4),(1,6),(1,8),(3,2),(3,4),(3,6),(3,8),(5,2),(5,4),(5,6),(5,8) \right\}$","$\left\{ (1,2),(1,4),(1,6),(1,8),(2,3),(4,3),(6,3),(8,3),(5,2),(5,4),(5,6),(5,8) \right\}$","$\left\{ (2,1), (2,3),(2,5), (4,1),(4,3),(4,5), (6,1), (6,3),(6,5), (8,1),(8,3),(8,5) \right\}$","$\left\{ (1,3), (3,5),(2,4), (4,6), (6,8) \right\}$",,,2022-11-11 08:35:07+00,2,2023-02-17 08:31:54+00,64,1,1,
1809,91,"",7,1,Select the wrong statement.,Advanced,"The lateral faces of a quadrangular prism are always perpendicular to the bases. 


", All the opposite faces of any parallelepiped are parallel.,The lateral faces of all prisms are parallelograms.,All cubes are prisms.,,,2019-12-13 08:02:45+00,1,2020-01-23 06:16:08+00,67,4,4,
1810,2956,"",28,46,Determine $\mathcal{P}(\mathcal{P}( \emptyset ))$.,Advanced,"$\left\{ \{\{\emptyset\}\}, \{ \emptyset\}, \{\{\emptyset\}, \emptyset\}, \emptyset \right\}$","$\left\{ \{ \emptyset\}, \{\{\emptyset\}, \emptyset\}, \emptyset \right\}$",$\left\{ \emptyset \right\}$,"$\left\{ \{\{\emptyset\}, \emptyset\}, \emptyset \right\}$",,,2022-11-11 08:46:20+00,1,2023-02-17 08:32:00+00,64,3,1,
1811,74,"",12,12,"Consider the following linear programming problem to determine the optimum production schedule concerning three products $x_1$, $x_2$ and $x_3$ to maximize the profit regarding Company XLK Lda. The production of these products requires resources 1 and 2. 

\[\begin{array}{ll}	
\text{Maximize} & Z= 3x_{1}+x_{2}+5x_{3}\\
\text{subject to} & 6x_{1}+3x_{2}+5x_{3}\leq 45 \text{ (Resource 1)}\\
& 3x_{1}+4x_{2}+5x_{3}\leq 30 \text{ (Resource 2)}\\
& x_{i}\geq 0, i=1~to~3\\	
\end{array}
\]	

Let $S_1$ and $S_2$ be the slack variables for the respective constraints. After we
apply the simplex method, the final incomplete simplex tableau is:

\[
\begin{array}{l|ccccc|c}
& x_{1} & x_{2} & x_{3} &  S_{1} & S_{2} & \\
\hline
x_{1} & 1 & -1/3  & 0 &  1/3 & -1/3 & 5 \\
x_{3} & 0 & 1  & 1 &  -1/5 & 2/5 & 3 \\
\hline
& &   & &   & & \\
\end{array}
\]	
Find the allowable range for the coefficient of $x_{3}$ in the objective function based on the final complete simplex tableau.",Advanced,"$[2.5, 5]$;","$[0, 2.5]$; ","$[0, 5]$;",None of them; ,,,2019-12-13 08:03:36+00,1,2020-05-08 00:53:07+00,61,3,1,
1812,2956,"",28,46,"If $A$ and $B$ are two finite sets such that $|A| = 25$, $|B| = 35$ and $|A \cup B| = 60$, find $|A \cap B|$.",Advanced,$0$,$5$,$10$,$25$,,,2022-11-12 01:50:57+00,1,2023-02-17 08:32:14+00,64,3,1,
1813,38,"",5,5,"Find $\displaystyle\int\sin\left(\ln \left(x\right)\right)\, dx$.",Advanced,$\displaystyle\dfrac{1}{2}x\sin \left(\ln \left(x\right)\right)-\dfrac{1}{2}x\cos \left(\ln \left(x\right)\right)+c$,"$\displaystyle\dfrac{1}{3}\sin \left(\ln \left(x\right)\right)-x\cos \left(\ln \left(x\right)\right)+c$ 
","$\displaystyle \dfrac{\cos \left(x\right)}{2}-\dfrac{\sin \left(\ln(x)\right)}{2}+c$
",$\displaystyle -\dfrac{x\cos\left(x\right)}{2}-\dfrac{\sin \left(\ln(x)\right)}{2}+c$,,,2019-10-02 11:45:14+00,1,2019-12-07 10:07:40+00,52,5,2,
1814,91,"",7,1,Select the wrong statement.,Basic,"The base of a pyramid must be convex polygon.

",The base of a pyramid can be any polygon.,The apex of a pyramid is the intersection point of all the lateral edges., The lateral faces of any pyramid are triangles.,,,2019-12-13 08:05:49+00,1,2020-01-23 06:17:52+00,67,4,4,
1815,2956,"",28,46,"For any two sets $P$ and $Q$, what is the expression that is equal to $\overline{P \cup Q}$ ?",Basic,$\overline{P} \cap \overline{Q}$,$\overline{P} \cup \overline{Q}$,$\overline{P \cap Q}$,$\overline{P - Q}$,,,2022-11-12 01:55:19+00,1,2023-02-17 08:32:20+00,64,2,4,
1816,38,"",5,5,"Find $\displaystyle\int\tan ^3\left(x\right)\sec ^3\left(x\right)\, dx$.",Advanced,$\displaystyle\dfrac{\sec^5\left(x\right)}{5}-\dfrac{\sec ^3\left(x\right)}{3}+c$,"$\displaystyle\dfrac{\tan^5\left(x\right)}{5}-\dfrac{\tan ^3\left(x\right)}{3}+c$ 
","$\displaystyle -\sec \left(x\right)+\dfrac{\sec ^3\left(x\right)}{3}+c$
",$\displaystyle -\dfrac{x\tan^5\left(x\right)}{2}-\dfrac{\sec^3 \left(x\right)}{2}+c$ ,,,2019-10-02 11:51:45+00,1,2019-12-07 10:08:19+00,52,3,4,
1817,74,"",12,12,"Consider the following linear programming problem to determine the optimum production schedule concerning three products $x_1$, $x_2$ and $x_3$ to maximize the profit regarding Company XLK Lda. The production of these products requires resources 1 and 2. 

\[\begin{array}{ll}	
\text{Maximize} & Z= 3x_{1}+x_{2}+5x_{3}\\
\text{subject to} & 6x_{1}+3x_{2}+5x_{3}\leq 45 \text{ (Resource 1)}\\
& 3x_{1}+4x_{2}+5x_{3}\leq 30 \text{ (Resource 2)}\\
& x_{i}\geq 0, i=1~to~3\\	
\end{array}
\]	

Let $S_1$ and $S_2$ be the slack variables for the respective constraints. After we apply the simplex method, the final incomplete simplex tableau is:
\[
\begin{array}{l|ccccc|c}
& x_{1} & x_{2} & x_{3} &  S_{1} & S_{2} & \\
\hline
x_{1} & 1 & -1/3  & 0 &  1/3 & -1/3 & 5 \\
x_{3} & 0 & 1  & 1 &  -1/5 & 2/5 & 3 \\
\hline
& &   & &   & & \\
\end{array}
\]	
Find the allowable range for the total availability of resource 1 based on the final complete simplex tableau:	",Advanced,"$[30, 60]$;","$[15, 30]$;","$[15, 60]$;","$[7.5, 15]$;",,,2019-12-13 08:05:57+00,1,2020-05-08 00:53:27+00,61,3,1,
1818,2956,"",28,46,"If $A = \left\{x : 1 \leq x < 10 \right\}$, $B = \left\{x : x \textrm{ is a multiple of 2} \right\}$ and $C=\{x: x \textrm{ is an odd number and } x<10\}$, find $(A \cap B) \cup C$.",Basic,"$\left\{ 1,2,3,4,5,6,7,8,9 \right\}$","$\left\{ 1,3,5,7,9 \right\}$","$\left\{ 2,4,6,8,10 \right\}$","$\left\{ 1,2,3,4,5,6,7,8,9,10 \right\}$",,,2022-11-12 01:59:58+00,1,2023-02-17 08:32:45+00,64,3,1,
1819,38,"",5,5,"Find $\displaystyle\int \tan ^3\left(x\right)\sec \left(x\right)\, dx$.",Basic,$\displaystyle -\sec \left(x\right)+\dfrac{\sec ^3\left(x\right)}{3}+c$,"$\displaystyle\dfrac{\tan^5\left(x\right)}{5}-\dfrac{\tan ^3\left(x\right)}{3}+c$ 
","$\displaystyle -\dfrac{x\tan^5\left(x\right)}{2}-\dfrac{\sec^3 \left(x\right)}{2}+c$ 
",$\displaystyle\dfrac{\sec^5\left(x\right)}{5}-\dfrac{\sec ^3\left(x\right)}{3}+c$,,,2019-10-02 11:54:07+00,1,2019-12-07 10:08:44+00,52,3,4,
1820,91,"",7,1,Select the true statement.,Basic,Prisms and pyramids can be non-convex polyhedrons., All pyramids with three lateral faces are platonic solids., Prisms and pyramids are regular polyhedrons.,"The bases of prisms and pyramids are always regular polygons.
",,,2019-12-13 08:08:06+00,1,2020-01-23 06:19:13+00,67,2,2,
1821,2956,"",28,46,"If $|A|=m$ and $B=|n|$, determine $|\mathcal{P}(A) \times \mathcal{P}(B)|$.",Basic,$2^{m+n}$,$2^{m\times n}$,$(m+n)^2$,$m \times n$,,,2022-11-12 02:02:58+00,1,2023-02-17 08:32:55+00,64,3,1,
1822,38,"",5,5,"Find $\displaystyle\int \left(\ln \left(x\right)\right)^2\, dx$.",Basic,$\displaystyle x\ln ^2\left(x\right)-2\left(x\ln \left(x\right)-x\right)+c$,"$\displaystyle 2(x\ln \left(x\right)-x)+c$ 
"," $\displaystyle x\ln^2\left(x\right)-x^2-\ln\left(x\right)+c$ 
", $\displaystyle\dfrac{\ln^2\left(x\right)}{2}-\ln\left(x\right)+c$,,,2019-10-02 11:55:41+00,1,2019-12-07 10:09:10+00,52,3,4,
1823,74,"",12,12,"Consider the following linear programming problem to determine the optimum production schedule concerning three products $x_1$, $x_2$ and $x_3$ to maximize the profit regarding Company XLK Lda. The production of these products requires resources 1 and 2. 

\[\begin{array}{ll}	
\text{Maximize} & Z= 3x_{1}+x_{2}+5x_{3}\\
\text{subject to} & 6x_{1}+3x_{2}+5x_{3}\leq 45 \text{ (Resource 1)}\\
& 3x_{1}+4x_{2}+5x_{3}\leq 30 \text{ (Resource 2)}\\
& x_{i}\geq 0, i=1~to~3\\	
\end{array}
\]	

Let $S_1$ and $S_2$ be the slack variables for the respective constraints. After we apply the simplex method, the final incomplete simplex tableau is:

\[
\begin{array}{l|ccccc|c}
& x_{1} & x_{2} & x_{3} &  S_{1} & S_{2} & \\
\hline
x_{1} & 1 & -1/3  & 0 &  1/3 & -1/3 & 5 \\
x_{3} & 0 & 1  & 1 &  -1/5 & 2/5 & 3 \\
\hline
& &   & &   & & \\
\end{array}
\]	
Determine the solution if  the coefficient of $x_{1}$ in the objective function change to 2 u.m. based on the final complete simplex tableau.",Advanced, $x_{1}=x_{2}=S_{2}=0;~S_{1}=15;~x_{3}=6;~Z=30$,$x_{1}=x_{3}=S_{2}=0;~S_{1}=22.5;~x_{2}=7.5;~Z=7.5$;,$x_{1}=8; x_{2}= S_{1}=x_{3}=0;~S_{2}=7.5;~Z=15$;,None of them; ,,,2019-12-13 08:08:12+00,1,2020-05-08 00:54:44+00,61,3,1,
1824,2956,"",28,46,"Consider the sets $A,\, B$ and $C$. Say which property/law of sets states that
$$A \cap ( B \cup C) = (A \cap B) \cup (A \cap C) \ \text{ and } \ A \cup ( B \cap C) = (A \cup B) \cap (A \cup C)$$
",Basic,Distributive property.,Commutative property.,De Morgan's law.,Idempotent law.,,,2022-11-12 02:07:13+00,1,2023-02-17 08:33:06+00,64,2,4,
1825,38,"",5,5,"Find $\displaystyle\int \operatorname{e}^x\ln \left(1+\operatorname{e}^x\right)\, dx$.",Basic,$\displaystyle \left(1+\operatorname{e}^x\right)\ln \left(1+\operatorname{e}^x\right)-\operatorname{e}^x+c$,"$\displaystyle 2(x\ln \left(x\right)-x)+c$ 
","$\displaystyle x\ln^2\left(x\right)-x^2-\ln\left(x\right)+c$ 
",$\displaystyle\dfrac{\ln^2\left(1+\operatorname{e}^x\right)}{2}+c$ ,,,2019-10-02 11:58:02+00,1,2019-12-07 10:09:40+00,52,4,3,
1826,74,"",12,12,"Consider the following linear programming problem to determine the optimum production schedule concerning three products $x_1$, $x_2$ and $x_3$ to maximize the profit regarding Company XLK Lda. The production of these products requires resources 1 and 2. 

\[\begin{array}{ll}	
\text{Maximize} & Z= 3x_{1}+x_{2}+5x_{3}\\
\text{subject to} & 6x_{1}+3x_{2}+5x_{3}\leq 45 \text{ (Resource 1)}\\
& 3x_{1}+4x_{2}+5x_{3}\leq 30 \text{ (Resource 2)}\\
& x_{i}\geq 0, i=1~to~3\\	
\end{array}
\]	

Let $S_1$ and $S_2$ be the slack variables for the respective constraints. After we apply the simplex method, the final incomplete simplex tableau is:

\[
\begin{array}{l|ccccc|c}
& x_{1} & x_{2} & x_{3} &  S_{1} & S_{2} & \\
\hline
x_{1} & 1 & -1/3  & 0 &  1/3 & -1/3 & 5 \\
x_{3} & 0 & 1  & 1 &  -1/5 & 2/5 & 3 \\
\hline
& &   & &   & & \\
\end{array}
\]	

If  the available resource 1 decrease 10 units, determine the solution based on the final complete simplex tableau.",Advanced,$x_{1}=5/3;~x_{3}=5; S_{1}=S_{2}=x_{2}=0;~Z=30$;,$x_{1}=5; x_{2}=5/3;~S_{1}=S_{2}=x_{3}=0;~Z=50/3$;,$x_{1}=x_{2}=0;~x_{3}=2;~S_{1}=0;~S_{2}=20;~Z=10$;,$x_{1}=x_{3}=S_{1}=0;~x_{2}=2;~S_{2}=22;~Z=2$; ,,,2019-12-13 08:10:30+00,1,2020-05-08 01:00:18+00,61,3,1,
1868,75,"",22,,In a graph of order $n$ the maximum possible number possible for edges is:,Basic,$\frac{n(n-1)}{2}$,$n-1$,$n$,$2n$,,,2019-12-15 08:09:22+00,2,2020-05-08 01:58:05+00,61,1,1,
1827,2956,"",28,46,"The binary relation $R = \left\{ (x,y) \in \mathbb{R}^{2} : x - y = 0 \right\}$ is $\rule{3cm}{0.18mm}$.",Basic,"Reflexive, Transitive, Symmetric and Anti-symmetric.","Symmetric, but not Anti-symmetric.","An Equivalence relation, but not Anti-symmetric.","Reflexive, Transitive, but not Symmetric.",,,2022-11-12 02:10:13+00,1,2023-02-17 08:33:28+00,64,3,1,
1828,38,"",5,5,"Find $\displaystyle\int\sin\left(2x\right)\operatorname{e}^{\sin^2\left(x\right)}\, dx$",Basic,$\displaystyle \operatorname{e}^{\sin ^2\left(x\right)}+c$,"$\displaystyle -\operatorname{e}^{\sin^3\left(x\right)}+c$ 
","$\displaystyle \dfrac{1}{3}\operatorname{e}^{\sin^3\left(x\right)}+c$ 
",$\displaystyle\dfrac{\ln\left(\sin^3\left(x\right)\right)}{2}-\ln\left(\sin\left(x\right)\right)+c$ ,,,2019-10-02 11:59:29+00,1,2019-12-07 10:10:21+00,52,3,4,
1829,74,"",12,12,"Consider the following linear programming problem to determine the optimum production schedule concerning three products $x_1$, $x_2$ and $x_3$ to maximize the profit regarding Company XLK Lda. The production of these products requires resources 1 and 2. 

\[\begin{array}{ll}	
\text{Maximize} & Z= 3x_{1}+x_{2}+5x_{3}\\
\text{subject to} & 6x_{1}+3x_{2}+5x_{3}\leq 45 \text{ (Resource 1)}\\
& 3x_{1}+4x_{2}+5x_{3}\leq 30 \text{ (Resource 2)}\\
& x_{i}\geq 0, i=1~to~3\\	
\end{array}
\]	

Let $S_1$ and $S_2$ be the slack variables for the respective constraints. After we apply the simplex method, the final incomplete simplex tableau is:

\[
\begin{array}{l|ccccc|c}
& x_{1} & x_{2} & x_{3} &  S_{1} & S_{2} & \\
\hline
x_{1} & 1 & -1/3  & 0 &  1/3 & -1/3 & 5 \\
x_{3} & 0 & 1  & 1 &  -1/5 & 2/5 & 3 \\
\hline
& &   & &   & & \\
\end{array}
\]	

If a new contraint $2x_{1}+x_{2}+x_{3}\leq 40 $ is included, determine the solution based on the final complete simplex tableau.",Advanced,$x_{1}=x_{2}=0;S_{1}=15;~S_{2}=0;S_{3}=34;~x_{3}=6;~Z=30$;,$x_{1}=10;~x_{2}=x_{3}=S_{2}=0; S_{1}=15;~S_{3}=20;~Z=30$; ,$x_{1}=7.5;~x_{2}=x_{3}=S_{1}=0;~S_{2}=7.5;S_{3}=25;~Z=22.5$;,$x_{1}=5;~x_{2}=2.5;~x_{3}=1.5; S_{1}=S_{2}=S_{3}=0;~Z=25$; ,,,2019-12-13 08:12:10+00,1,2020-05-08 01:01:01+00,61,3,1,
1830,59,"",15,41,"Find the domain and  the continuity points set of the function
$$f(x,y)=\left\{\begin{array}{cl}
\displaystyle\frac{(3x^2y-2xy^2)\arcsin(2x-3y)}{x^2+y^2},& (x,y)\neq(0,0)\\
a & (x,y)=(0,0),
\end{array}\right.$$ where $a\in  \mathbb{R}$.",Basic,"The domain is $\left\{(x,y)\in \mathbb{R}^2\mid\ \displaystyle\frac{1}{3}(2x-1)\leq y\leq \displaystyle\frac{1}{3}(2x+1)\right\}$.
 If $a=0$, then $f$ is continuous on $D$. If $a\neq 0$, then  $f$ is continuous on $D\setminus\{(0,0)\}$.
","The domain is $\left\{(x,y)\in \mathbb{R}^2\mid\ \displaystyle\frac{1}{3}(-2x-1)\leq y\leq \displaystyle\frac{1}{3}(2x+1)\right\}$. 
If $a=1$, then $f$ is continuous on $D$. If $a\neq 1$, then  $f$ is continuous on $D\setminus\{(0,0)\}$.

","The domain is $\left\{(x,y)\in \mathbb{R}^2\mid\ \displaystyle\frac{1}{2}(3x-1)\leq y\leq \displaystyle\frac{1}{2}(3x+1)\right\}$.
 If $a=0$, then $f$ is continuous on $D$. If $a\neq 0$, then  $f$ is continuous on $D\setminus\{(0,0)\}$.","The domain is $\left\{(x,y)\in \mathbb{R}^2\mid\ \displaystyle\frac{1}{2}(3x-1)\leq y\leq \displaystyle\frac{1}{2}(3x+1)\right\}$.
 If $a=1$, then $f$ is continuous on $D$. If $a\neq 1$, then  $f$ is continuous on $D\setminus\{(0,0)\}$.
",,,2019-10-10 07:07:12+00,1,2020-02-08 12:53:35+00,67,3,4,
1831,91,"",7,1,Choose the wrong statement.,Basic,"In a translation, the orientation of the angles is inverted.
 
"," Translation, rotations, reflections and sliding reflections are isometries.",In sliding reflections the orientation of the angles is inverted.,There are homotheties that preserve the orientation of directed line segments.,,,2019-12-13 08:16:21+00,1,2020-01-23 06:20:19+00,67,4,4,
1832,2956,"",28,46,"If $A = \left\{x : x \in \mathbb{N}, 1 \leq x < 10 \right\},\, B$ is the set of odd numbers smaller than $10$ and $C = \left\{ 2,4,6,8,10 \right\}$ in the universal set $\mathbb{N}$, which of the following statement is true?",Basic,$A - C = B$,$B$ and $C$ are subsets of A.,$A = B \cup C$,$\overline{B} = C$,,,2022-11-12 02:16:29+00,1,2023-02-17 08:34:13+00,64,2,4,
1833,59,"",15,41,"Find the domain and the image of the function
$$f(x,y)=\sqrt{9-x^2}-\sqrt{4-y^2}.$$",Basic,"The domain is $\left\{(x,y)\in \mathbb{R}^2\mid\ -3\leq x\leq 3,\ -2\leq y\leq 2\right\}$ and the image is the interval
$\left[-2,3\right]$.","The domain is $\left\{(x,y)\in \mathbb{R}^2\mid\ -3< x< 3,\ -2< y< 2\right\}$ and the image is the interval
$\left[0,1\right]$.","The domain is $\left\{(x,y)\in \mathbb{R}^2\mid\ -3\leq x\leq 3,\ -2\leq y\leq 2\right\}$ and the image is the interval
$\left[0,1\right]$.","The domain is $\left\{(x,y)\in \mathbb{R}^2\mid\ -3\leq x\leq 3,\ -2\leq y\leq 2\right\}$ and the image is the interval
$\left[0,+\infty\right)$.",,,2019-10-10 07:14:40+00,1,2020-02-08 12:53:50+00,67,1,1,
1834,74,"",12,12,"A preserved fruit company owns two factories ($j$). The fruit can be provided by three producers ($j$) under the following conditions: producer A sells 200 tonne at 10 u.m. per tonne, producer B sells 300 tonne at 9 u.m. per tonne and Producer C sells 400 tonne at 8 u.m. per tonne.

The transportation costs (u.m./tonne) between each factory and producer are the following:
	\[
\begin{array}{l|cc|}
 & \text{Factory 1} & \text{Factory 2} \\
\hline
\text{Producer A} & 2  & 2.5 \\
\text{Producer B} & 1 & 1.5\\
\text{Producer C} &5  & 3 \\
\hline 
\end{array}
\]	

The capacities of the factories as well as the cost of labor are the following:
	\[
\begin{array}{l|cc|}
& \text{Factory 1} & \text{Factory 2} \\
\hline
\text{Capacity (tonne)} & 450  & 550 \\
\text{Cost of labor (u.m./tonne)} & 25 & 20 \\
\hline 
\end{array}
\]	
Preserved fruits are sold at 50 u.m. per tonne to distributors. Determine the optimal solution, formulating a transport problem.",Advanced,"Tied optimal solutions: $x_{11} = 200, x_{21} = 150, x_{22} = 150, x_{32} = 400, \text{, other } x_{ij}=0$  or $x_{11} = 50, x_{12} = 150, x_{21} = 300, x_{32} = 400 \text{, other } x_{ij}=0$;","$x_{11} = 50, x_{12} = 150, x_{21} = 300, x_{32} = 400  \text{, other } x_{ij}=0$; ","$x_{11} = 200, x_{21} = 150, x_{22} = 150, x_{32} = 400 \text{, other } x_{ij}=0$;",None of them;,,,2019-12-13 09:07:58+00,1,2020-05-08 01:33:40+00,61,5,2,
1835,2956,"",28,46,"Which of the following may be the elements of an equivalence relation on $\left\{ 0,1,2 \right\}$ ?
",Advanced,"$\left\{(0, 0),(1, 1),(2, 2),(0, 1),(0, 2),(1, 0),(1, 2),(2, 0),(2, 1)\right\}$","$\left\{(0, 0),(1, 1),(2, 2),(0, 1),(1, 2),(1, 0),(2, 1)\right\}$","$\left\{(0, 0),(1, 1),(2, 2),(0, 1),(1, 2)\right\}$","$\left\{(0, 0),(1, 2)\right\}$",,,2022-11-12 02:19:12+00,1,2023-02-17 08:34:42+00,64,3,1,
1836,59,"",15,41,"Find the domain and the image of the function
$$f(x,y,z)=\displaystyle{-\frac{z^2}{\sqrt{x^2-y^2}}}.$$",Basic,"The domain is the set of all points $(x,y,z)$ with $|y|<|x|$ and the image is the interval
$\left(-\infty,0\right]$.","The domain is the set of all points $(x,y,z)$ with $|y|\leq |x|$ and the image is the interval
$\left(-\infty,0\right]$.","The domain is the set of all points $(x,y,z)$ with $y<x$ and the image is the interval
$\left(-\infty,0\right)$.","The domain is the set of all points $(x,y,z)$ with $y<x$ and the image is the 
$\mathbb{R}$.",,,2019-10-10 07:19:19+00,1,2020-02-08 12:53:56+00,67,1,1,
1869,50,"",7,2,"Solve for $x$ :

$\dfrac{3x}{2} =4x^2$",Basic,"$x = 0, x=\frac{3}{8}$","$x= 0, x=\frac{4}{6} $","$x = 0, x=\frac{5}{8}$","$x = 0, x=\frac{3}{6}$",,,2019-10-17 10:49:20+00,1,2020-06-17 07:15:34+00,37,2,3,
1837,74,"",12,12,"A distribution company owns two warehouses (i) in the south of the country (W1 and W2). From these points, the company needs to supply its customers (j) in four cities, C1, C2, C3  and C4 (one customer per city). The transport cost for each tonne of material is 100 u.m./km. The following table shows the distances to be traveled between the two warehouses and the various cities (in km):

	\[
\begin{array}{l|cccc|}
& C_1 & C_2 & C_3  &  C_4\\
\hline
W_1 & 100 & 85 & 270  & 500 \\
W_2 & -  & 185 & 185 & 150\\
\hline
\end{array}
\]	

The requirements of customers C1, C2, C3 and C4 are respectively 200, 250, 400 and 150 tonnes. The inventory in both warehouses W1 and W2 is 200 and 500 tonnes, respectively. The company has established agreements with the various customers, setting the following prices to charge (u.m./ton):

	\[
\begin{array}{l|cccc|}
& C_1 & C_2 & C_3  &  C_4\\
\hline
W_1 & 10500  & 9250 & 27570  & 50870\\
W_2 & - & 19150 & 18600 & 15220\\
\hline
\end{array}
\]	

Determine the optimal solution, formulating a transport problem.",Basic,"$x_{13} = 50, x_{14} = 150, x_{22} = 250, x_{23} = 250  \text{, other } x_{ij}=0$;","$x_{13} = 150, x_{14} = 50, x_{22} = 250, x_{23} = 250  \text{, other } x_{ij}=0$;","$x_{13} = 250, x_{14} = 150, x_{22} = 50, x_{23} = 250  \text{, other } x_{ij}=0$; ",There are tied optimal solutions;,,,2019-12-13 09:14:53+00,1,2020-05-08 01:47:37+00,61,5,2,
1838,2956,"",28,46,"For any set $A$, what is $A \cup \emptyset$ ?",Basic,$A$,$\emptyset$,$A \cap \emptyset$,$\overline{A}$,,,2022-11-12 02:22:12+00,1,2023-02-17 08:34:49+00,64,1,4,
1839,59,"",15,41,"Find the domain,  the image and the continuity points set of the function
$$f(x,y)=\left\{\begin{array}{cl}
\displaystyle\frac{3-\sqrt{9-x^2-y^2}}{x^2+y^2},& (x,y)\neq(0,0)\\
\displaystyle\frac{1}{6},& (x,y)=(0,0).
\end{array}\right.$$",Basic,"The domenin is $D=\left\{(x,y)\in \mathbb{R}^2\mid\  x^2+ y^2\leq 9\right\}$, the image is $\left[\displaystyle\frac{1}{6},\displaystyle\frac{1}{3}\right]$
and $f$ is continuous on $D$.","The domenin is $D=\left\{(x,y)\in \mathbb{R}^2\mid\  x^2+ y^2\leq 9\right\}$, the image is $\left[0,3\right]$
and $f$ is continuous on $D$.","The domenin is $D=\left\{(x,y)\in \mathbb{R}^2\mid\  x^2+ y^2\leq 9\right\}$, the image is $\left[0,3\right]$
and $f$ is continuous on $D\setminus\{(0,0)\}$.","The domenin is $D=\left\{(x,y)\in \mathbb{R}^2\mid\  x^2+ y^2\leq 9\right\}$, the image is $\left[\displaystyle\frac{1}{6},\displaystyle\frac{1}{3}\right]$
and $f$ is continuous on $D\setminus\{(0,0)\}$.",,,2019-10-10 07:29:09+00,1,2020-02-08 12:54:06+00,67,1,1,
1840,74,"",12,12,"A company has three production centres: C1, C2 and C3. These centres supply four major markets: Porto (MP), Coimbra (MC), Lisboa (ML) and Faro (MF). The transport costs per unit, between each centre and each market are indicated in the following table (u.m.):
\[
\begin{array}{l|cccc|}
& \text{MP} & \text{MC} & \text{ML}  & \text{MF}\\
\hline
C_1 & 5 & 8 & 10  & 12\\
C_2 & 10  & 4 & 9  & 10\\
C_3 & 7  & 8 & 10 & 6\\
\hline 
\end{array}
\]
The monthly production capacities of each centre are: 1500, 1500 and 1000 (for $C_1$, $C_2$ and $C_3$, respectively). The sale price of each product varies with the market where it is sold, being 100, 90, 110 and 950 u.m. respectively for the markets MP, MC, ML and MF. The requirements of these markets are respectively 1200, 600, 2000 and 500 units. The production costs may be considered constant for the three centres. Determine the optimal monthly distribution plan.",Advanced,"$x_{11} = 1200, x_{13} = 300, x_{22} = 300, x_{23} = 1200, x_{33} = 500, x_{34} = 500 \text{, other } x_{ij}=0$;","$x_{11} = 300, x_{13} = 1200, x_{22} = 300, x_{23} = 1200, x_{33} = 500, x_{34} = 500 \text{, other } x_{ij}=0$;","$x_{11} = 1200, x_{13} = 300, x_{22} = 300, x_{23} = 500, x_{33} = 1200, x_{34} = 500 \text{, other } x_{ij}=0$;",None of them;,,,2019-12-13 09:19:28+00,1,2020-05-08 01:48:55+00,61,4,2,
1841,59,"",15,41," Find $\ell_1=\lim\limits_{x\to 0}(\lim\limits_{y\to 0}f(x,y)),$ $\ \ell_2=\lim\limits_{y\to 0}(\lim\limits_{x\to 0}f(x,y)),$ and
$\ell=\lim\limits_{(x,y)\to (0,0)}f(x,y),$ where
$$f(x,y)=\displaystyle x^2\sin^2\displaystyle\frac{1}{y^2}+\displaystyle y^2\cos^2\displaystyle\frac{1}{x^2}.$$



",Basic,"$\ell_1$ and $\ell_2$ don't exist, and $\ell=0$.",$\ell_1=\ell=0$ and $\ell_2$ doesn't exist.,$\ell_2=\ell=0$ and $\ell_1$ doesn't exist.,$\ell_1=\ell_2=0$ and $\ell$ doesn't exist.,,,2019-10-10 07:35:55+00,1,2020-02-08 12:54:12+00,67,4,5,
1844,58,"",4,42,"The differentiable function $f:\{\,(x,y,z)\in \mathbb{R}^{3};x>0,\,z\neq 0\}\rightarrow \mathbb{R},\, f(x,y,z)=\dfrac{xy}{z}\cdot\ln x+x\cdot\varphi \left (\dfrac{y}{x},\dfrac{z}{x}\right),$ where $\varphi:\mathbb{R}\rightarrow \mathbb{R}$ is a $\mathcal{C}^{1}-$class function, satisfies the equation:",Advanced,$x\dfrac{\partial f}{\partial x}+y\dfrac{\partial f}{\partial y}+z\dfrac{\partial f}{\partial z}=f+\dfrac{xy}{z};$,$x\dfrac{\partial f}{\partial x}+y\dfrac{\partial f}{\partial y}+z\dfrac{\partial f}{\partial z}=f;$,$\dfrac{1}{x}\dfrac{\partial f}{\partial x}+\dfrac{1}{y}\dfrac{\partial f}{\partial y}+\dfrac{1}{z}\dfrac{\partial f}{\partial z}=\dfrac{f}{x^{2}}+\dfrac{xy}{z};$,$\dfrac{\partial f}{\partial x}+\dfrac{y}{x}\dfrac{\partial f}{\partial y}+\dfrac{z}{x}\dfrac{\partial f}{\partial z}=f+\dfrac{y}{z}.$,,,2019-10-16 03:47:53+00,1,2020-05-08 16:55:51+00,37,3,2,
1845,74,"",12,12,"Three people (S1, S2 and S3) are competing for three vacancies in a company (L1, L2 and L3). Each person has been classified as shown in the following table:
	\[
\begin{array}{l|ccc|}
& L_1 & L_2 & L_3  \\
\hline
S_1 & 7  & 5  & 6 \\
S_2 & 8  & 4  & 10 \\
S_3 & 9 &  6  & 4\\
\hline 
\end{array}
\]	

Allocate each person to each vacancy in order to maximize the sum of the classifications of the three people.",Basic,"$x_{12} = 1, x_{23} = 1, x_{31} = 1\text{, other } x_{ij}=0$","$x_{11} = 1, x_{23} = 1, x_{32} = 1\text{, other } x_{ij}=0$;    ","$x_{12} = 1, x_{21} = 1, x_{33} = 1\text{, other } x_{ij}=0$;",There are tied optimal solutions;,,,2019-12-13 09:21:41+00,1,2020-05-08 01:50:14+00,61,4,2,
1847,74,"",12,12,"A small company dedicated to the production of three objects (A, B and C) intends to hire four new workers ($W_1$, $W_2$, $W_3$ and $W_4$), each of whom is destined to make one of these objects. The following table shows the monthly production (in units) of each object obtained by each of the new workers after a trial period:
	\[
\begin{array}{l|ccc|}
& A & B & C  \\
\hline 
W_1  & 10  & 15  & *\\
W_2 & 8  & 10 & 10 \\
W_3 & 10  &  12  & 8\\
W_4 & 8 &  15 & 10 \\
\hline  
\end{array}
\]		
Workers 1 and 2 want a monthly salary of 160 and 130 u.m. respectively; the workers 3 and 4 want 110 u.m. each one. It is known that the sale price for each unit of objects A, B and C is 30, 25 and 30 u.m., respectively. Suppose that in the contracting process, it is agreed that worker 1 could not be allocated to the production of item C. Indicate which object should be produced by each of the new workers in order to maximize the company's overall margin. 
",Advanced,"$ x_{23} = 1, x_{31} = 1, x_{42} = 1 \text{, other } x_{ij}=0$ ","$x_{13} = 1, x_{31} = 1, x_{42} = 1 \text{, other } x_{ij}=0$;  ","$x_{11} = 1, x_{23} = 1, x_{32} = 1 \text{, other } x_{ij}=0$; ","$x_{21} = 1, x_{32} = 1, x_{43} = 1 \text{, other } x_{ij}=0$;",,,2019-12-13 09:24:48+00,1,2020-05-08 01:50:42+00,61,4,2,
1872,75,"",22,,"If the graph $G$ has chromatic number $\chi(G)=2$, then",Advanced,the graph is bipartite.,the graph is planar.,the graph is complete.,the graph is connected.,,,2019-12-15 08:16:02+00,1,2020-05-08 02:06:30+00,61,3,2,
1848,58,"",4,4,"If $f:\mathbb{R}^{2}\rightarrow\mathbb{R}$ is given by $f(x,y)=x\cdot\varphi(x+y)+y\cdot\psi(x+y),$ where $\varphi,\,\psi:\mathbb{R}\rightarrow \mathbb{R}$ are two $\mathcal{C}^{2}-$class functions, then compute the expression
$$\dfrac{\partial^{2}f}{\partial x^{2}}-2\dfrac{\partial^{2}f}{\partial x\partial y}+\dfrac{\partial^{2}f}{\partial y^{2}}.$$",Advanced,$\dfrac{\partial^{2}f}{\partial x^{2}}-2\dfrac{\partial^{2}f}{\partial x\partial y}+\dfrac{\partial^{2}f}{\partial y^{2}}=0;$,$\dfrac{\partial^{2}f}{\partial x^{2}}-2\dfrac{\partial^{2}f}{\partial x\partial y}+\dfrac{\partial^{2}f}{\partial y^{2}}=f;$,$\dfrac{\partial^{2}f}{\partial x^{2}}-2\dfrac{\partial^{2}f}{\partial x\partial y}+\dfrac{\partial^{2}f}{\partial y^{2}}=\varphi'(x+y)+\psi'(x+y);$,$\dfrac{\partial^{2}f}{\partial x^{2}}-2\dfrac{\partial^{2}f}{\partial x\partial y}+\dfrac{\partial^{2}f}{\partial y^{2}}=\varphi''(x+y)+\psi''(x+y).$,,,2019-10-16 03:54:22+00,1,2019-12-06 16:13:18+00,37,2,5,
1849,74,"",12,12,"A group of four boys (B1, B2, B3 and B4) and four girls (G1, G2, G3 and G4) planned to have a picnic. From previous meetings it is possible to measure the degree of mutual happiness between boy $i$ and girl $j$ when they are together, given by following table:	
	\[
\begin{array}{l|cccc|}
& G_1 & G_2 & G_3  & G_4\\
\hline
B_1 & 11  & 1 & 5  & 8 \\
B_2 &9  & 9 & 8  & 1\\
B_3 & 10  & 3 & 5  & 10\\
B_4 & 1  & 13& 12  & 11\\
\hline
\end{array}
\]
How do you define each pair boy $i$ and girl $j$ in order to maximize the overall  degree of mutual happiness.
",Advanced,"Tied optimal solutions: $x_{11} = 1, x_{22} = 1, x_{34} = 1, x_{43} =1 \text{, other } x_{ij}=0$  or $x_{11} = 1, x_{23} = 1, x_{34} = 1, x_{42} =1 \text{, other } x_{ij}=0$;","$x_{12} = 1, x_{21} = 1, x_{34} = 1, x_{43} =1 \text{, other } x_{ij}=0$; ","$x_{11} = 1, x_{23} = 1, x_{34} = 1, x_{42} =1 \text{, other } x_{ij}=0$; ","$x_{11} = 1, x_{22} = 1, x_{34} = 1, x_{43} =1 \text{, other } x_{ij}=0$;",,,2019-12-13 09:27:32+00,1,2020-05-08 01:51:17+00,61,3,1,
1850,58,"",4,4,"Find the partial derivatives $\frac{\partial f}{\partial x}, \frac{\partial f}{\partial y}, \frac{\partial f}{\partial z}$ of the function
$f:\{\,(x,y,z)\in \mathbb{R}^{3};\,y\neq z\}\rightarrow \mathbb{R},\, f(x,y,z)=x^{3}y^{2}z+\sin (xy)-\frac{x}{y-z}.$",Basic," $\frac{\partial f}{\partial x}=3x^{2}y^{2}z+y\cos (xy)-\frac{1}{y-z},$

$\frac{\partial f}{\partial y}=2x^{3}yz+x\cos (xy)+\frac{x}{(y-z)^{2}},$

$\frac{\partial f}{\partial z}=x^{3}y^{2}-\frac{x}{(y-z)^{2}}$","$\frac{\partial f}{\partial x}=3x^{2}y^{2}z-y\cos (xy)-\frac{1}{y-z},$

$\frac{\partial f}{\partial y}=2x^{3}yz+x\cos (xy)-\frac{x}{(y-z)^{2}},$

$\frac{\partial f}{\partial z}=x^{3}y^{2}-\frac{1}{(y-z)^{2}}$","$\frac{\partial f}{\partial x}=3x^{2}y^{2}z+y\cos (xy)-\frac{1}{y-z},$

$\frac{\partial f}{\partial y}=2x^{3}yz+x\cos (xy)-\frac{x}{(y-z)^{2}},$

$\frac{\partial f}{\partial z}=x^{3}y^{2}+\frac{x}{(y-z)^{2}}$","$\frac{\partial f}{\partial x}=3x^{2}y^{2}z+y\cos (xy)-\frac{1}{y-z},$

$\frac{\partial f}{\partial y}=2x^{3}yz+x\cos (xy)+\frac{x}{(y-z)^{2}},$

$\frac{\partial f}{\partial z}=x^{3}y^{2}+\sin (xy)-\frac{x}{(y-z)^{2}}$",,,2019-10-16 03:57:36+00,1,2019-12-06 11:45:19+00,38,3,2,
1851,74,"",12,12,"An automobile assembly line has four operations that should be performed by four workers, as they must start at same time. Thus, each worker  performs only one operation, and each operation is performed by a single worker. The manager has to select four workers, out of six available, for the operations. The operation time that each worker $j$ (W1, W2, W3, W4, W5 and W6)  takes to execute the operation $i$ are as follows:
	\[
	\begin{array}{lc|cccccc|}
	& &\text{W1} & \text{W2} & \text{W3}  &  \text{W4}  & \text{W5}  &  \text{W6}\\
	\hline
	& \text{T1} & 18  & 10 &  14 & 21 & 15 &  17\\
	\text{Operation}  & \text{T2} & 17  & 23 & 12 & 19 & 20 & 20\\
	& \text{T3} & 10  & 9 &  11 &  11 & 12 & 11 \\
	& \text{T4} & 17 & 12 &  20 & 22 & 15 & 14\\
	\hline 
	\end{array}
	\]	
What workers should be selected to complete all four tasks as soon as possible at automobile assembly line?",Advanced,"$x_{12} = 1,  x_{23} = 1, x_{31} = 1, x_{46} = 1 \text{, other } x_{ij}=0$;","$x_{11} = 1,  x_{22} = 1, x_{33} = 1, x_{44} = 1 \text{, other }  x_{ij}=0$;","$x_{13} = 1,  x_{24} = 1, x_{35} = 1, x_{46} = 1 \text{, other }  x_{ij}=0$;","$x_{15} = 1,  x_{23} = 1, x_{31} = 1, x_{42} = 1 \text{, other }  x_{ij}=0$;",,,2019-12-13 09:29:55+00,1,2020-05-08 01:52:07+00,61,4,2,
1852,58,"",4,4,"Find the differentiable function $f$ such that $\nabla f(x,y)=(4x^{3}y^{3}-3x^{2})\vec{i}+(3x^{4}y^{2}+\cos (2y))\vec{j},$ for each $(x,y)\in \mathbb{R}^{2}.$",Advanced,"$f(x,y)=x^{4}y^{3}-x^{3}+\frac{1}{2}\sin (2y)+C,$ for each $(x,y)\in \mathbb{R}^{2},$ where $C$ is an arbitrary constant;","$f(x,y)=x^{4}y^{3}-x^{3}-\frac{1}{2}\sin (2y)-C,$ for each $(x,y)\in \mathbb{R}^{2},$ where $C$ is an arbitrary constant;","$f(x,y)=x^{4}y^{3}-x^{3}+\cos (2y)+C,$ for each $(x,y)\in \mathbb{R}^{2},$ where $C$ is an arbitrary constant;","$f(x,y)=4x^{3}y^{3}-x^{3}+\frac{1}{2}\cos (2y)+C,$ for each $(x,y)\in \mathbb{R}^{2},$ where $C$ is an arbitrary constant.",,,2019-10-16 03:59:55+00,1,2019-12-06 11:41:11+00,38,3,2,
1854,50,"",7,2,"Consider $b\neq 0$. Make $c$ the subject of the expression

$ a=bc+q$",Basic,$c=\dfrac{a-q}{b}$,$c=\dfrac{q-a}{b}$,$c=\dfrac{a+q}{b}$,$c=\dfrac{b+q}{a}$,,,2019-10-17 06:20:17+00,1,2020-05-08 17:49:45+00,37,1,1,
1856,50,"",7,2,"Simplify:

$(x-y)(x^3-xy-y^2)$",Basic,$x^4-x^2y-x^3y+y^3$,$x^4-x^5y+y^3$,$x^4-x^2y-x^3y-y^3$,$x^4+y^3$,,,2019-10-17 06:23:44+00,1,2020-05-08 17:51:10+00,37,1,1,
1858,50,"",7,2,"Simplify:

$(x-2y)+(4x+y)$",Basic,$5x-y$,$5x+y$,$4x^2-2y^2$,$-7xy$,,,2019-10-17 06:25:46+00,1,2020-05-08 17:51:27+00,37,1,1,
1860,50,"",7,2,"Simplify:

$\dfrac{(7x+2x)(3x-x)}{(4x+5x)}$",Basic,2$x$,2,-2$x$,-2,,,2019-10-17 10:26:56+00,1,2020-05-08 17:52:43+00,37,1,1,
1861,75,"",22,,An example of a Hamiltonian is,Advanced,$K_n$ with $n \geq 3$.,"$K_{m,n}$ with $m,\;n\geq 1$.",any 3-regular graph.,any bipartite graph,,,2019-12-15 07:56:19+00,2,2020-05-08 01:52:28+00,61,1,1,
1862,50,"",7,2,Solve for $\dfrac{2}{5} x^2 +1 =8$,Basic,$x \approx \pm 4.18$,$x \approx 4.18$,$x \approx \pm 4.36$,$x \approx -4.36$,,,2019-10-17 10:29:02+00,1,2020-05-08 17:55:31+00,37,2,3,
1863,75,"",22,,"$T$ is a tree. One of the following sentences is false, which one?",Basic,$T$ has $m$ edges and $m-1$ vertices.,$T$ is connected and contains no cycles.,There is precisely one path between any of two vertices of $T$.,$T$ is a bipartite graph if it has at least two vertices.	,,,2019-12-15 07:57:37+00,2,2020-05-08 01:53:32+00,61,1,1,
1864,50,"",7,2,"Consider $t \neq 0$. Make $a$ the subject of the expression $s=ut +\frac{1}{2}at^2$
",Basic,$a=\dfrac{2(s-ut)}{t^2}$,$a=\dfrac{s-ut}{2t^2}$,$a=\dfrac{(ut-s)t^2}{2}$,$a=ut+ \dfrac{t^2}{2}-s$,,,2019-10-17 10:33:20+00,1,2020-05-08 17:57:02+00,37,2,3,
1865,75,"",22,,"Consider a connected planar graph with 8 vertices, each of degree three. Into how many regions (faces) is plane divided by a planar representation of this graph?",Basic,6,3,8,1,,,2019-12-15 08:04:45+00,2,2020-05-08 01:57:30+00,61,1,1,
1866,50,"",7,2,Solve $4^x =9$,Basic,$x=\dfrac{\ln(9)}{\ln(4)}$,$x=\ln(9)$,$x=\dfrac{\ln(4)}{\ln(9)}$,$x=\ln(4)$,,,2019-10-17 10:45:31+00,1,2020-06-17 03:45:16+00,37,3,2,
1877,127,"",18,8,"The trace of the matrix  $A=
\left[ \begin{array}{rrr}
	  -3 &  0 & 0 \\
       1 & 3  & 0 \\
        1 & -3  & 0\\
\end{array}\right]$ is",Basic,$0$,$-6$,$1$,$-3$,,,2020-01-05 15:03:55+00,1,2020-04-20 16:49:16+00,64,1,1,
1878,50,"",7,2,Solve $\log_{4} x=2$,Basic,$x=16$,$x=8$,$\pm8$,$\pm16$,,,2019-10-17 11:18:47+00,1,2020-05-08 18:03:22+00,37,3,2,
1879,127,"",18,8," The determinant of the matrix  $A=
\left[ \begin{array}{rrr}
	  -3 &  0 & 0 \\
       1 & 3  & 0\\
        1 & -3  & 0\\
\end{array} \right]$ is",Basic,$0$,$-6$,$1$,$-3$,,,2020-01-05 15:06:12+00,1,2020-04-20 16:49:28+00,64,1,1,
1880,127,"",18,8," The spectral radius of the matrix  $A=
\left[ \begin{array}{rrr}
	  -3 &  0 & 0 \\
       1 & 3  & 0\\
        1 & -3  & 1\\
\end{array}\right]$ is",Basic,$3$,$0$,$1$,$-3$,,,2020-01-05 15:08:57+00,1,2020-04-20 16:49:44+00,64,2,3,
1881,50,"",7,2,"Simplify:

$\dfrac {a^3 b}{ab^3-ab}$",Advanced,$\dfrac {a^2 }{b^2-1}$,$\dfrac {a^3 b}{b^2}$,$a^3b$,$\dfrac {a^2 }{b}$,,,2019-10-17 11:24:15+00,1,2020-05-08 18:04:04+00,37,3,2,
1882,127,"",18,8,"The spectral radius of the matrix  $A=
\left[ \begin{array}{rrr}
	 5 &  0 & 0 \\
      0 & 3  & 0\\
      0 & 0  & 1\\
\end{array}\right]$ is",Basic,$5$,$3$,$1$,$0$,,,2020-01-05 15:11:44+00,1,2020-04-20 16:49:57+00,64,2,3,
1883,50,"",7,2,"Simplify:

$(p^5)^{\frac{1}{3}}(q^3)^2$",Advanced,$p^\frac{5}{3}q^6$,$p^\frac{5}{3}q^5$,$p^\frac{10}{3}q^2$,$p^\frac{14}{3}q$,,,2019-10-17 11:27:21+00,1,2020-05-08 18:04:24+00,37,3,2,
1884,127,"",18,8," Given  $A=
\left[ {\begin{array}{*{20}r}
	  -3 &  0 & 0 \\
       1 & 3  & 0\\
        1 & -3  & 1\\
\end{array}} \right],$ which of the following is an eigenvector of A?",Advanced,"$\left[ {\begin{array}{r}
	   0  \\
       0 \\
	   1 \\
\end{array}} \right]$ ","$\left[ {\begin{array}{r}
	   0  \\
       1 \\
	   0 \\
 \end{array}} \right]$","$\left[ {\begin{array}{r}
	 1  \\
     0 \\
     0 \\
\end{array}} \right]$ ","$\left[ {\begin{array}{r}
	  1  \\
      1 \\
	  1 \\
\end{array}} \right]$ ",,,2020-01-05 15:14:01+00,1,2020-04-20 16:51:33+00,64,1,1,
1885,50,"",7,2,"Simplify:

$\frac{a^3  bc^{\frac{1}{4}}}{(a^\frac{1}{2} b^2 c^\frac{2}{3})^3}$

expressing the answer with positive indices only",Advanced,$\frac{a^\frac{3}{2}}{b^5 c^\frac{7}{4}}$,$\frac{a^\frac{3}{2} b^5}{c^\frac{7}{4}}$,$\frac{a^\frac{9}{2} b^\frac{1}{3}}{c^\frac{7}{4}}$,$\frac{a^\frac{3}{2} c^\frac{7}{4}}{b^5}$,,,2019-10-17 11:36:49+00,1,2020-05-08 18:05:48+00,37,4,6,
1886,127,"",18,8,"The characteristic polynomial of the matrix $A=
\left[ \begin{array}{rrr}
      -3 &  0  & 0 \\
       1 &  3  & 0 \\
       1 & -3  & 1 \\
\end{array} \right]$ is:",Advanced,$\lambda^3 - \lambda^2 - 9\lambda + 9$ ,$\lambda^3 - 3\lambda^2 + 3\lambda +1 $,$-3\lambda^2 + 3\lambda + 1 $,$ \lambda^3  + \lambda^2 - 3\lambda + 1  $,,,2020-01-05 15:16:41+00,1,2020-04-20 16:53:00+00,64,1,1,
1887,39,"",4,3,Differentiate $\displaystyle{y = e^{2x}\cos(2x)}$   ,Basic,$\displaystyle{\frac{dy}{dx}} = {2e^{2x}\cos(2x)-2e^{2x}\sin(2x)}$,$\displaystyle{\frac{dy}{dx}} = {e^{2x}\cos(2x)-2e^{2x}\sin(2x)}$,$\displaystyle{\frac{dy}{dx}} = {2e^{2x}\cos(x)-2e^{2x}\sin(2x)}$,$\displaystyle{\frac{dy}{dx}} = {2e^{2x}\cos(2x)-2e^{2x}\sin(x)}$,,,2019-10-20 06:05:10+00,1,2020-05-08 08:57:22+00,37,3,3,
1888,127,"",18,8," Knowing that the eigenvalues of $A$, a real $3 \times 3$ matrix, are $1/2$, $1/3$  and $1/5$, which of the following sets contains the eigenvalues of $A^{-1}$ (inverse of $A$)?",Basic," $\left\{2,~ 3,~ 5\right\}$"," $\left\{1/2,~ 1/3,~ 1/5\right\} $ "," $\left\{3,~ -3,~ 0\right\} $"," $\left\{-1/2,~ -1/3,~ -1/5\right\} $",,,2020-01-05 15:19:06+00,1,2020-04-20 16:53:55+00,64,2,3,
1889,39,"",4,3,Differentiate $\displaystyle{y = 3e^{4x}\cos(4x)}$   ,Basic,$\displaystyle{\frac{dy}{dx}} = {12e^{4x}\cos(4x)-12e^{4x}\sin(4x)}$,$\displaystyle{\frac{dy}{dx}} = {12e^{2x}\cos(4x)-12e^{4x}\sin(4x)}$,$\displaystyle{\frac{dy}{dx}} = {12e^{2x}\cos(2x)-12e^{4x}\sin(4x)}$,$\displaystyle{\frac{dy}{dx}} = {12e^{2x}\cos(2x)-12e^{2x}\sin(4x)}$,,,2019-10-20 06:12:24+00,1,2020-05-08 08:59:39+00,37,2,4,
1890,127,"",18,8,"Knowing that the eigenvalue with the smallest magnitude of the real $3 \times 3$ matrix  $A$, is $\dfrac 1 4$, which is the eigenvalue of $A^{-1}$ (inverse of $A$) with the largest magnitude?",Advanced,$4$,$1$,$2$,$3$,,,2020-01-05 15:22:04+00,1,2020-04-20 16:54:38+00,64,2,3,
1891,39,"",4,3,Differentiate $y=\displaystyle{\frac{2^{2x}}{2^x+2}}$,Advanced,$\displaystyle{\frac{dy}{dx}} = \dfrac{\ln\left(2\right)\left(2^x+2\right){\cdot}2^{2x+1}-\ln\left(2\right){\cdot}2^{3x}}{\left(2^x+2\right)^2}$,$\displaystyle{\frac{dy}{dx}} = \dfrac{\ln\left(2\right)\left(2^x+2\right){\cdot}2^{2x+1}-\ln\left(2\right){\cdot}2^{3x}}{\left(2^x+2\right)}$,$\displaystyle{\frac{dy}{dx}} = \dfrac{\ln\left(2\right)\left(2^x+2\right){\cdot}2^{2x}-\ln\left(2\right){\cdot}2^{3x}}{\left(2^x+2\right)^2}$,$\displaystyle{\frac{dy}{dx}} = \dfrac{\ln\left(2\right)\left(2^x+2\right){\cdot}2^{2x}-\ln\left(2\right){\cdot}2^{3x}}{\left(2^x+2\right)}$,,,2019-10-20 06:38:33+00,1,2020-05-08 16:38:39+00,37,5,2,
1892,127,"",18,8,"Consider $\left\{-2,~ 2,~ 5\right\},$ the set of eigenvalues of the real $3 \times 3$ matrix $A-I$, where $I$ is the identity matrix of $A$. Indicate the set corresponding to the eigenvalues of the matrix $A$.",Advanced," $\left\{-1,~ 3,~ 6\right\}$ ","$\left\{-2,~ 2,~ 5\right\}$"," $\left\{-3,~ 1,~ 4\right\}$","$\left\{-5,~ -1,~ 2\right\}$",,,2020-01-05 15:24:22+00,1,2020-04-20 16:55:40+00,64,3,4,
1893,39,"",4,3,Differentiate $y=\displaystyle{\frac{3^{4x}}{2^x+2}}$,Advanced,"$\displaystyle{\frac{dy}{dx}} = \dfrac{4\ln\left(3\right)\left(2^x+2\right){\cdot}3^{4x}-\ln\left(2\right){\cdot}2^x{\cdot}3^{4x}}{\left(2^x+2\right)^2}$
",$\displaystyle{\frac{dy}{dx}} = \dfrac{4\ln\left(3\right)\left(2^x+2\right){\cdot}3^{4x}-\ln\left(2\right){\cdot}2^x{\cdot}3^{4x}}{\left(2^x+2\right)}$,$\displaystyle{\frac{dy}{dx}} = \dfrac{4\ln\left(2^x+2\right){\cdot}3^{4x}-\ln\left(2\right){\cdot}2^x{\cdot}3^{4x}}{\left(2^x+2\right)}$,$\displaystyle{\frac{dy}{dx}} = \dfrac{4\ln\left(2^x+2\right){\cdot}3^{4x}-\ln\left(2\right){\cdot}2^x{\cdot}3^{4x}}{\left(2^x+2\right)^2}$,,,2019-10-20 06:52:21+00,1,2020-05-08 16:39:01+00,37,5,2,
1894,127,"",18,8,"Knowing that the characteristic polynomial of a real $3 \times 3$ matrix $A$ is  $-\lambda^3 + 16\lambda^2 - 35\lambda - 52 $, indicate the set corresponding to the eigenvalues of $A$.",Basic,"$\left\{-1,~ 4,~ 13\right\}$ "," $\left\{-1,~ 16,~ -35\right\}$","$\left\{-1,~ 2,~ 3\right\}$ ","$\left\{16,~ -35,~ -52 \right\}$ ",,,2020-01-05 15:26:43+00,1,2020-04-20 16:59:16+00,64,1,2,
1895,39,"",4,3,Differentiate $y=\displaystyle{2e^{\tan(2x)}}$,Basic,$\displaystyle{\frac{dy}{dx}} = {4e^{\tan(2x)}\sec^2(2x)}$,$\displaystyle{\frac{dy}{dx}} = {2e^{\tan(2x)}\sec^2(2x)}$,$\displaystyle{\frac{dy}{dx}} = {2e^{\tan(4x)}\sec^2(2x)}$,$\displaystyle{\frac{dy}{dx}} = {4e^{\tan(4x)}\sec^2(2x)}$,,,2019-10-20 07:01:19+00,1,2020-05-08 16:39:30+00,37,4,2,
1960,42,"",3,37,"Calculate
\[
\lim_{x\to 1^+} \frac{\log x}{x^3-1}.
\]",Basic,$1/3$,$+\infty$,$-\infty$,$0$,,,2019-11-13 03:18:09+00,1,2019-12-07 10:47:18+00,52,2,1,
1896,127,"",18,8, Which of the following matrices has orthogonal eigenvectors?,Advanced,"$\left[ {\begin{array}{rrr} 
	  -3 & -1  & -3 \\
      -1 & -3  & 1  \\
	  -3 &  1  & 1  \\
\end{array}} \right]$","$\left[ {\begin{array}{rrr}
	  -3 & -1  & -3 \\
      -1 & -3  & -1  \\
	   1 &  -1 & -3  \\
\end{array}} \right]$ ","$\left[ {\begin{array}{rrr}
	   1 &  2  & 3 \\
          - 2 &  4  & 4  \\
	   3 &  4  & 5  \\
\end{array}} \right]$ ","$\left[ {\begin{array}{rrr}
	   3 & 2  & 1 \\
       2 & 0  & -3  \\
	  -1 & -3  & 3  \\
\end{array}} \right]$ ",,,2020-01-05 15:28:45+00,1,2020-04-20 16:59:33+00,64,1,2,
1897,39,"",4,3,Differentiate $y=\displaystyle{2e^{\tan(3x+4)}}$,Advanced,$\displaystyle{\dfrac{dy}{dx}} = {6e^{\tan(3x+4)}\sec^2(3x+4)}$,$\displaystyle{\dfrac{dy}{dx}} = {6e^{\tan(3x)}\sec^2(3x)}$,$\displaystyle{\dfrac{dy}{dx}} = {6e^{\tan(3x+4)}\sec^4(3x+4)}$,$\displaystyle{\dfrac{dy}{dx}} = {6e^{\tan(3x+4)}\sec^3(3x+4)}$,,,2019-10-20 07:06:43+00,1,2020-05-08 16:39:56+00,37,4,2,
1898,127,"",18,8,"The eigenvalues of the matrix  $A$ are $\left\{-2, 3, 4 \right\}$. Which of the following sets contains the eigenvalues of $A^2$?",Basic,"$\left\{4, 9, 16\right\}$ ","$\left\{-2, 3, 4\right\}$"," $\left\{4, 6, 8\right\}$ ","$\left\{-4, 9, 16\right\}$ ",,,2020-01-05 15:31:14+00,1,2020-04-20 17:00:07+00,64,3,4,
1899,39,"",4,3,Differentiate $y=\displaystyle{2e^x+2^{4x}+4x^2}$,Basic,$\displaystyle{\frac{dy}{dx}} = {\ln\left(2\right){\cdot}2^{4x+2}+2\mathrm{e}^x+8x}$,$\displaystyle{\frac{dy}{dx}} = {\ln\left(2\right){\cdot}2^{4x}+2\mathrm{e}^x+8x}$,$\displaystyle{\frac{dy}{dx}} = {\ln\left(2\right){\cdot}2^{2x}+2\mathrm{e}^x+8x}$,$\displaystyle{\frac{dy}{dx}} = {\ln\left(2\right){\cdot}2^{2x+2}+2\mathrm{e}^x+8x}$,,,2019-10-20 07:13:46+00,1,2020-05-08 16:40:16+00,37,3,3,
1900,127,"",18,8,"Which of the following matrices is similar to $A=
\left[ \begin{array}{rr}  
   2 &   0  \\
   0 &  3  \\
\end{array} \right]$? ",Advanced," $\left[ {\begin{array}{*{20}r} 
      1 &  1  \\
     -2 &  4  \\
\end{array}} \right]$ ","$\left[ {\begin{array}{*{20}r}
      2 &   1  \\
     -2 &   3  \\
\end{array}} \right]$ "," $\left[ {\begin{array}{*{20}r}
    1 &  3  \\
    2 &  4  \\
\end{array}} \right]$ "," $\left[ {\begin{array}{*{20}r}
     0 &  2  \\
     3 &  0  \\
\end{array}} \right]$ ",,,2020-01-05 15:33:35+00,1,2020-04-20 17:00:48+00,64,2,3,
1901,39,"",4,3,Differentiate $y=\displaystyle{4e^x+2^{x}-3x^2}$,Basic,$\displaystyle{\frac{dy}{dx}} = {4\mathrm{e}^x+\ln\left(2\right){\cdot}2^x-6x}$,$\displaystyle{\frac{dy}{dx}} = {4\mathrm{e}^x+\ln\left(2\right){\cdot}2^x+6x}$,$\displaystyle{\frac{dy}{dx}} = {4\mathrm{e}^x+\ln\left(2\right){\cdot}2^x+4x}$,$\displaystyle{\frac{dy}{dx}} = {4\mathrm{e}^x+\ln\left(2\right){\cdot}2^x-4x}$,,,2019-10-20 07:18:23+00,1,2020-05-08 16:40:35+00,37,3,3,
1902,127,"",18,8,"The eigenvalues of the matrix  $A$ are $\left\{-1, 1\right\}$. Which of the following sets contains the eigenvalues of $A^3$?",Advanced,"$\left\{-1, 1\right\}$","$\left\{1, 1\right\}$"," $\left\{1, -1\right\}$ ","$\left\{-1, -1\right\}$ ",,,2020-01-05 15:35:19+00,1,2020-04-20 17:01:03+00,64,2,3,
1903,39,"",4,3,Differentiate $y=\displaystyle{{2x^3\cos(2x)\sin(2x)}}$,Basic,$\displaystyle{\frac{dy}{dx}} = {-4x^3\sin^2(2x)+6x^2\cos(2x)\sin(2x)+4x^3\cos^2(2x)}$,$\displaystyle{\frac{dy}{dx}} = {4x^3\sin^2(2x)+6x^2\cos(2x)\sin(2x)+4x^3\cos^2(2x)}$,$\displaystyle{\frac{dy}{dx}} = {2x^3\sin^2(2x)+6x^2\cos(2x)\sin(2x)+4x^3\cos^2(2x)}$,$\displaystyle{\frac{dy}{dx}} = {-2x^3\sin^2(2x)+6x^2\cos(2x)\sin(2x)+4x^3\cos^2(2x)}$,,,2019-10-20 08:57:08+00,1,2020-05-08 16:42:09+00,37,4,2,
1904,127,"",18,8,"The eigenvalues of the matrix  $A$ are $\left\{-3, 0, 1\right\}$. What is the rank of $A$?",Basic,$2$,$1$,$3$,$0$,,,2020-01-05 15:37:57+00,1,2020-04-20 17:01:54+00,64,3,4,
1905,39,"",4,3,Differentiate $y=\displaystyle{4xe^{\sin(3x)}}$,Advanced,$\displaystyle{\frac{dy}{dx}} = 4(3xe^{\sin(3x)}\cos(3x)+e^{\sin(3x)})$,$\displaystyle{\frac{dy}{dx}} = 3xe^{\sin(3x)}\cos(3x)+e^{\sin(3x)}$,$\displaystyle{\frac{dy}{dx}} = 3xe^{\sin(3x)}\cos(3x)+e^{\sin(4x)}$,$\displaystyle{\frac{dy}{dx}} = 4(3xe^{\sin(3x)}\cos(3x)+e^{\sin(4x)})$,,,2019-10-20 09:04:41+00,1,2020-05-08 16:42:27+00,37,5,2,
1906,39,"",4,3,Differentiate $y=\displaystyle{3xe^{\sin(-2x)}}$,Advanced,$\displaystyle{\frac{dy}{dx}} = 3e^{-\sin(2x)}-6xe^{-\sin(2x)}\cos(2x)$,$\displaystyle{\frac{dy}{dx}} = 3e^{-\sin(2x)}+6xe^{-\sin(2x)}\cos(2x)$,$\displaystyle{\frac{dy}{dx}} = 3e^{\sin(2x)}+6xe^{\sin(2x)}\cos(2x)$,$\displaystyle{\frac{dy}{dx}} = 3e^{\sin(2x)}-6xe^{\sin(2x)}\cos(2x)$,,,2019-10-20 09:11:44+00,1,2020-05-08 16:41:12+00,37,4,2,
1907,39,"",4,3,Differentiate $y=\displaystyle{\dfrac{\left(2x^2-3\right)^4}{\left(3x^3+4\right)^2}}$,Advanced,$\displaystyle{\frac{dy}{dx}} = \dfrac{2x\left(2x^2-3\right)^3\left(6x^3+27x+32\right)}{\left(3x^3+4\right)^3}$,$\displaystyle{\frac{dy}{dx}} = \dfrac{2x\left(2x^2+3\right)^3\left(6x^3+27x+32\right)}{\left(3x^3+4\right)}$,$\displaystyle{\frac{dy}{dx}} = \dfrac{2x\left(2x^2-3\right)^3\left(6x^3+27x+32\right)}{\left(3x^3+4\right)}$,$\displaystyle{\frac{dy}{dx}} = \dfrac{2x\left(2x^2+3\right)^3\left(6x^3+27x+32\right)}{\left(3x^3+4\right)^4}$,,,2019-10-20 09:17:09+00,1,2020-05-08 16:41:29+00,37,4,2,
1908,80,"",4,4,"Find the first partial derivatives of the function $f(x,y) = \cos(x) \tan(y-3x)$.",Basic,"$f_{y}(x,y) = \sec^2(y-3x)\cos(x)$ ","$f_{x}(x,y) = \sin(x) \tan(y-3x) - 3\cos(x)\sec^2(y-3x) $","$f_{y}(x,y) = -\sin^2(y+3x)\cos(x) $","$f_{x}(x,y) = -\sin(x) \tan(y-3x) + 3\cos(x)\sec^2(y-3x)$",,,2020-01-08 10:16:06+00,1,2020-05-08 17:05:16+00,37,2,5,
1909,80,"",4,42,Consider the equation $\sec x + 9xy^2 = 1 $ and assume that it fulfills the requirements of the implicit function theorem. Use implicit differentiation to find $\dfrac{d x}{d y}$,Advanced,$\dfrac{d x}{d y} = \dfrac{-18xy}{\sec(x) \tan(x) + 9y^2}$,$\dfrac{d x}{d y} = \dfrac{18xy}{\sec(x) \tan(x) + 9y^2}$,$\dfrac{d x}{d y} = \dfrac{9xy}{\sec(x) \cos(x) + y^2}$,$\dfrac{d x}{d y} = \dfrac{-9xy + \sec(x) \tan(x)}{ \tan(x) + 9y^2}$,,,2020-01-08 10:55:26+00,1,2020-06-17 07:51:54+00,64,4,3,
1910,80,"",4,42,Consider the equation $x^2y^3 + \dfrac{2}{x} = 3^x$ and assume that it fulfills the requirements of the implicit function theorem. Use implicit differentiation to find $\dfrac{d y}{d x}$ .,Advanced,$\dfrac{d y}{d x} = \dfrac{3^x x^2 \ln(3) - 2y^3x^3+2}{3y^2x^4} $,$\dfrac{d y}{d x}= \dfrac{3x + x^2 \ln(3) - 2y^2x^2+2}{3y^2x^4} $ ,$\dfrac{d y}{d x}= \dfrac{3 x^2 \ln(3) - 2y^3x^3+2}{3y^2x^4}$ ,$\dfrac{d y}{d x} = \dfrac{3^x x^2 \ln(3) + 2y^3x^3+2}{3y^2} $ ,,,2020-01-08 10:58:50+00,1,2020-06-17 07:52:21+00,64,5,3,
1911,39,"",4,3,Differentiate $y=\displaystyle{3xe^{\sin(5x)}}$,Advanced,$\displaystyle{\frac{dy}{dx}} = 15x\mathrm{e}^{\sin\left(5x\right)}\cos\left(5x\right)+3\mathrm{e}^{\sin\left(5x\right)}$,$\displaystyle{\frac{dy}{dx}} = 15x\mathrm{e}^{\sin\left(5x\right)}\cos\left(5x\right)-3\mathrm{e}^{\sin\left(5x\right)}$,$\displaystyle{\frac{dy}{dx}} = 15x\mathrm{e}^{\sin\left(5x\right)}\cos\left(5x\right)-3\mathrm{e}^{\left(5x\right)}$,$\displaystyle{\frac{dy}{dx}} = 15x\mathrm{e}^{\sin\left(5x\right)}\cos\left(5x\right)+3\mathrm{e}^{\left(5x\right)}$,,,2019-10-21 03:12:50+00,1,2020-05-08 16:41:45+00,37,3,3,
1912,80,"",4,42,Consider the function $cosec (2x) +2xy^2 = ln(2)$ and assume that it fulfills the requirements of the implicit function theorem. Use implicit differentiation to find $\dfrac{d y}{d x}$ ,Advanced,$\dfrac{d y}{d x} =  \dfrac{cotg(2x) cosec(2x) -y^2}{2xy} $,$\dfrac{d y}{d x}=  \dfrac{cotg(2x) cosec(2x) -y^2}{ln(2)} $ ,$\dfrac{d y}{d x} =  \dfrac{cotg(2x) cosec(2x) +2^x}{cotg(2x) + cosec(2x)}$ ,$\dfrac{d y}{d x} =  \dfrac{cotg(2x) cosec(2x) +y^2}{2xy+2} $ ,,,2020-01-08 11:01:23+00,1,2020-06-17 07:55:45+00,64,5,3,
1913,39,"",4,3,Differentiate $\displaystyle{y = (2x^2-x)(2-3x)}$   ,Basic,$\displaystyle{\frac{dy}{dx}} = {-18x^2+14x-2}$,$\displaystyle{\frac{dy}{dx}} = {18x^2+14x-2}$,$\displaystyle{\frac{dy}{dx}} = {-14x^2+14x-2}$,$\displaystyle{\frac{dy}{dx}} = {14x^2+14x-2}$,,,2019-10-21 03:35:09+00,1,2020-05-08 16:22:01+00,37,2,4,
1914,80,"",4,42,Assume that the conditions for implicit differentiation are fulfilled and consider the equation $ \sin(y) + e^x = xy^2 + \cos (y)$. Use implicit differentiation to find $\dfrac{d x}{d y}$ .,Basic,$\dfrac{d x}{d y} =  \frac{2xy - \sin(y) - \cos(y)}{e^x - y^2} $,$\dfrac{d x}{d y} =  \frac{y^2 - e^x}{\cos(y)-2xy + \sin(y)} $ ,$\dfrac{d x}{d y} =  \frac{2 - \cos(y)}{ \sin(y) + e^x}$ ,$\dfrac{d x}{d y} =  \frac{2xy - \cos(y) - e^x}{ y^2} $ ,,,2020-01-08 11:02:56+00,1,2020-06-17 07:51:25+00,64,3,2,
1915,39,"",4,3,Differentiate $\displaystyle{y = (2x^2-x^3)(2-3x^3)}$   ,Basic,$\displaystyle{\frac{dy}{dx}} = {18x^5-30x^4-6x^2+8x}$,$\displaystyle{\frac{dy}{dx}} = {18x^5+30x^4+6x^2+8x}$,$\displaystyle{\frac{dy}{dx}} = {18x^5+30x^4+8x^2+8x}$,$\displaystyle{\frac{dy}{dx}} = {18x^5+30x^4+8x^2-8x}$,,,2019-10-21 03:40:37+00,1,2020-05-08 16:24:16+00,37,1,4,
1916,80,"",4,42,"Consider the equation $x^3+y^2x=2$. Find, if possible, $\frac{dy}{dx}$ at $(1,1)$.",Basic,"$\frac{dy}{dx} =- \frac{3x^2+y^2}{2xy} $ and $\frac{dy}{dx}|_{(1,1)} = -2 $","$\frac{dy}{dx} = \frac{3x^2+y^2}{2xy} $ and $\frac{dy}{dx}|_{(1,1)} = 2 $","$\frac{dy}{dx} = \frac{-3x^3+y}{2x} $ and $\frac{dy}{dx}|_{(1,1)} = -1 $","It is not possible to obtain $\frac{dy}{dx}|_{(1,1)}$ since the implicit differentitation  theorem cannot be applied",,,2020-01-08 11:09:44+00,1,2020-10-31 14:51:31+00,38,2,2,
1917,39,"",4,3,Differentiate $\displaystyle{y = (3-2x^3)e^{3x}}$   ,Basic,$\displaystyle{\frac{dy}{dx}} = \left(-6x^3-6x^2+9\right)\mathrm{e}^{3x}$,$\displaystyle{\frac{dy}{dx}} = \left(6x^3+6x^2+9\right)\mathrm{e}^{3x}$,$\displaystyle{\frac{dy}{dx}} = \left(-9x^3-6x^2+9\right)\mathrm{e}^{3x}$,$\displaystyle{\frac{dy}{dx}} = \left(-9x^3-9x^2+9\right)\mathrm{e}^{3x}$,,,2019-10-21 04:00:57+00,1,2020-05-08 16:26:27+00,37,3,3,
1918,80,"",4,42,"Consider the function $ z= 2^{x-3y}$, where $x=s^{2}t$ and $y=st^{2}$. Use the Chain Rule to find  $\dfrac{\partial z}{\partial t}$ ",Advanced,$\dfrac{\partial z}{\partial t} = (2^{st(s-3t)}ln(2))(s^2-6st)$,$\dfrac{\partial z}{\partial t} = (2^{st(s-3t)}ln(3))(s^2-6st)$,$\dfrac{\partial z}{\partial t} = (2^{s-3t}ln(2))(s^2-6st)$,$\dfrac{\partial z}{\partial t} = (3^{st(s-3t)}ln(3))(s^2-6st)$,,,2020-01-08 11:21:10+00,1,2020-12-20 14:13:32+00,64,5,3,
1919,39,"",4,3,Differentiate $\displaystyle{y = (3x^2-2x^3)e^{4x}}$   ,Basic,$\displaystyle{\frac{dy}{dx}} = \left(-8x^3+6x^2+6x\right)\mathrm{e}^{4x}$,$\displaystyle{\frac{dy}{dx}} = \left(8x^3+6x^2+6x\right)\mathrm{e}^{4x}$,$\displaystyle{\frac{dy}{dx}} = \left(-6x^3+6x^2+6x\right)\mathrm{e}^{4x}$,$\displaystyle{\frac{dy}{dx}} = \left(6x^3+6x^2+6x\right)\mathrm{e}^{4x}$,,,2019-10-21 04:06:22+00,1,2020-05-08 16:31:02+00,37,4,2,
1920,80,"",4,42,"Consider the function $z= \sin x + \cos y$, where $x= \pi st + 2s$ and $y= -2t^2-s$. Use the Chain Rule to find  $\dfrac{\partial z}{\partial s}$  ",Basic,$\dfrac{\partial z}{\partial s} = (\pi t+2) \cos (\pi s t +2s)  +\sin (-2t^2-s)$,$\dfrac{\partial z}{\partial s} = (\pi t+2) \cos (\pi s t +2s)  -\sin (-2t^2-s)$,$\dfrac{\partial z}{\partial s} = (\pi) \cos (\pi s t +2s)  +\sin (-2t^2-s)$,$\dfrac{\partial z}{\partial s} = (\pi ts+2) \cos (\pi s+2s)  +\sin (-2t^2-s)$,,,2020-01-08 11:22:23+00,1,2020-12-20 14:14:31+00,64,4,3,
1921,39,"",4,3,Differentiate  $\displaystyle{y = (2x^\frac{5}{2})\tan\left(x\right)}$,Advanced,$\displaystyle{\frac{dy}{dx}} = 5x^\frac{3}{2}\tan\left(x\right)+2x^\frac{5}{2}\sec^2\left(x\right)$,$\displaystyle{\frac{dy}{dx}} = 2x^\frac{3}{2}\tan\left(x\right)+2x^\frac{5}{2}\sec^2\left(x\right)$,$\displaystyle{\frac{dy}{dx}} = 2x^\frac{3}{2}\tan\left(x\right)-2x^\frac{5}{2}\sec^2\left(x\right)$,$\displaystyle{\frac{dy}{dx}} = 5x^\frac{3}{2}\tan\left(x\right)-2x^\frac{5}{2}\sec^2\left(x\right)$,,,2019-10-21 04:16:02+00,1,2020-05-08 16:34:14+00,37,3,3,
1922,80,"",4,42,"Consider the function $z=2^{x-3y}$, where $x=s^{2}t$ and $y= st^{2}$. Use the Chain Rule to find  $\frac{dz}{ds}$ ",Advanced,$\frac{dz}{ds}=[2^{st(s-3t)}ln(2)][2st-3t^2]$ ,$\frac{dz}{ds}=[2^{s-3t}ln(2)][2st-3t^2]$ ,$\frac{dz}{ds}=[2^{st(s-3t)}ln(3)][2st-3t^2]$ ,$\frac{dz}{ds}=[2^{st(s-3t)}ln(3)][2st+3t^2]$ ,,,2020-01-08 11:23:26+00,1,2020-12-20 14:15:14+00,64,3,2,
1923,39,"",4,3,Differentiate  $\displaystyle{y = (4x^\frac{5}{3})\tan\left(2x\right)}$,Advanced,$\displaystyle{\frac{dy}{dx}} = \dfrac{20x^\frac{2}{3}\tan\left(2x\right)}{3}+8x^\frac{5}{3}\sec^2\left(2x\right)$,$\displaystyle{\frac{dy}{dx}} = \dfrac{20x^\frac{2}{3}\sec\left(2x\right)}{3}+8x^\frac{5}{3}\sec^2\left(2x\right)$,$\displaystyle{\frac{dy}{dx}} = \dfrac{20x^\frac{2}{3}\sec\left(2x\right)}{3}+8x^\frac{5}{3}\tan^2\left(2x\right)$,$\displaystyle{\frac{dy}{dx}} = \dfrac{20x^\frac{2}{3}\sec\left(2x\right)}{3}-8x^\frac{5}{3}\tan^2\left(2x\right)$,,,2019-10-21 04:29:40+00,1,2020-05-08 16:35:55+00,37,3,3,
1925,39,"",4,3,Differentiate $\displaystyle{y = 5x\sin(x)}$    ,Basic,$\displaystyle{\frac{dy}{dx}} = 5\sin\left(x\right)+5x\cos\left(x\right)$,$\displaystyle{\frac{dy}{dx}} = \sin\left(5x\right)+5x\cos\left(x\right)$,$\displaystyle{\frac{dy}{dx}} =\sin\left(5x\right)-5x\cos\left(x\right)$,$\displaystyle{\frac{dy}{dx}} = \sin\left(5x\right)+x\cos\left(5x\right)$,,,2019-10-21 04:47:03+00,1,2020-05-08 16:37:19+00,37,2,4,
1927,39,"",4,3,Differentiate $\displaystyle{y = 3x\sin(2x)}$    ,Basic,$\displaystyle{\frac{dy}{dx}} = 3\sin\left(2x\right)+6x\cos\left(2x\right)$,$\displaystyle{\frac{dy}{dx}} = 6\sin\left(x\right)+6x\cos\left(x\right)$,$\displaystyle{\frac{dy}{dx}} = 3\sin\left(2x\right)-6x\cos\left(2x\right)$,$\displaystyle{\frac{dy}{dx}} = 6\sin\left(x\right)-6x\cos\left(x\right)$,,,2019-10-21 04:54:43+00,1,2020-05-08 16:38:02+00,37,2,4,
1929,43,"",18,9,"How many solutions the following linear system has?
$$\left\{\begin{array}{cccccccccc}
2x & + & y &  &  & - & w & = & 1\\
2x & - & y & + & z & - & 2w & = & 2\\
x & + & y & - & z & + & 3w & = & -1
\end{array}\right.$$",Basic,"Infinitely many, depending on one parameter","Infinitely many, depending on two parameters",A unique solution,No solutions,,,2019-11-12 07:36:27+00,1,2019-11-26 12:12:35+00,38,3,1,
1975,43,"",18,9,"For which values of $a\in\mathbb{R}$ the following linear system has no solutions?
$$\left\{\begin{array}{cccccccc}
ax & + & (1-a)y & + & (1-a)z & = & a^{2}\\
ax & + & (1+a)y & + & (1+a)z & = & a-a^{2}\\
x & + & y & + & z & = & 1-a
\end{array}\right.$$",Advanced,"For $a\neq 0,\dfrac{1}{2}$.","For $a=0,\dfrac{1}{2}$.",For $a\neq 0$.,For every $a\in\mathbb{R}$.,,,2019-11-15 04:49:38+00,1,2020-06-17 04:13:01+00,37,5,2,
1930,127,"",18,8,"Given  $A=
\left[ {\begin{array}{rrr}
	  1 &  -1  & 0 \\
     -1 &   2  & -1\\
      0 &  -1  & 1\\
\end{array}} \right],$ which of the following is an eigenvector of $A$ corresponding to the eigenvalue $\lambda=1$?",Advanced," $\left[ {\begin{array}{r} 
	   -1  \\
       0 \\
	   1 \\
\end{array}} \right]$ "," $\left[ {\begin{array}{r}
	   1  \\
       1 \\
	   0 \\
 \end{array}} \right]$","$\left[ {\begin{array}{r}
	- 1  \\
      1 \\
      1 \\
\end{array}} \right]$ ","$\left[ {\begin{array}{r}
	  0  \\
      1 \\
	  1 \\
\end{array}} \right]$ ",,,2020-02-14 10:23:59+00,1,2020-05-08 02:18:54+00,61,2,3,
1931,43,"",18,9,"For which values of $a,b,c\in\mathbb{R}$ the following linear system has no solutions?
$$\left\{\begin{array}{cccccccc}
3x & - & y & + & 2z & = & a\\
-x & + & 2y & - & 3z & = & b\\
x & + & 2y & + & z & = & c
\end{array}\right.$$",Advanced,"There is no $(a,b,c)\in\mathbb{R}^{3}$ for which the linear system has no solutions.","For $a=0$, $b=1$ and $c=2$.","For every $a=0$, $c=1$ and every $b\in\mathbb{R}$.","For every $a,b,c\in\mathbb{R}$ such that $a=b=c-1$",,,2019-11-12 07:43:03+00,1,2020-06-17 03:59:55+00,38,4,1,
1932,127,"",18,8,"Given  $A=
\left[{\begin{array}{rrr}
	  1 &  -1  & 0 \\
     -1 &   2  & -1\\
      0 &  -1  & 1\\
\end{array}} \right],$  which of the following sets contains the eigenvalues of $A$?",Advanced,"$\left\{0,~ 1,~ 3\right\}$","$\left\{1,~ 2 \right\} $ "," $\left\{-1,~ 0,~ 1\right\} $"," $\left\{-1,~ 0,~ 2\right\} $",,,2020-02-14 10:25:51+00,1,2020-04-20 17:04:45+00,64,1,2,
1933,43,"",18,9,"What are the solutions of the following linear system?
$$\left\{\begin{array}{cccccccc}
x & + & y & + & 2z & = & 5\\
x & - & y & - & z & = & 1\\
x &  &  & + & z & = & 3
\end{array}\right.$$",Basic,"The system has $(x,y,z)=(3,2,0)$ as unique solution.","The system has infinitely many solutions, which are $(x,5-x,x+3)$.","The system has infinitely many solutions, which are $(x,x-1,x+3)$.",The system has no solutions,,,2019-11-12 08:02:55+00,1,2019-11-26 12:14:42+00,38,1,4,
1934,127,"",18,8,"Which of the following is an eigenvector of $A=
\left[ {\begin{array}{rrr}
	  1 &  -1  & 0 \\
     -1 &   2  & -1\\
      0 &  -1  & 1\\
\end{array}} \right]$?",Advanced,"$\left[ {\begin{array}{rrr} 
	  1 &  1  &  1 \\
      1 &  0  & -2  \\
	  1 & -1  &  1  \\
\end{array}} \right]$","$\left[ {\begin{array}{rrr}
	   1 &  -1  & 3 \\
       0 &  2  &  1  \\
	  -1 &  -1 &  1  \\
\end{array}} \right]$ "," $\left[ {\begin{array}{rrr}
	   1 &  2  & -1 \\
       1 &  0  &  1  \\
	  -1 &  1  &  1  \\
\end{array}} \right]$ "," $\left[ {\begin{array}{rrr}
	   1 & 1  & 1 \\
       2 & 0  & 1  \\
	  -1 & 1  & 1  \\
\end{array}} \right]$ ",,,2020-02-14 10:27:16+00,1,2020-04-20 16:58:16+00,64,2,3,
1935,43,"",18,9,"For which values of $a\in\mathbb{R}$ the following linear system has infinitely many solutions?
$$\left\{\begin{array}{cccccccc}
x & + & ay & + & 2z & = & 5\\
ax & - & y & - & z & = & 1\\
x &  + &  ay & + & z & = & 3
\end{array}\right.$$",Advanced,There is no $a\in\mathbb{R}$ for which the system has infinitely many solutions.,For $a=0$.,"For $a=0,1,-1$.",For every $a\in\mathbb{R}$ the system has infinitely many solutions.,,,2019-11-12 08:07:03+00,1,2020-06-17 03:59:48+00,37,3,1,
1936,127,"",18,8,"What is the spectral radius of $A=
\left[ {\begin{array}{rr}  
   0.5 &   0.5  \\
   0.5 &   0.5  \\
\end{array}} \right]$? ",Basic,$1$,$0$,$0.5$, $2$,,,2020-02-14 10:28:29+00,1,2020-04-20 16:56:42+00,64,1,2,
1937,43,"",18,9,"For which values of $a\in\mathbb{R}$ the following linear system has no solutions?
$$\left\{\begin{array}{cccccccc}
ax & + & ay & + & 2z & = & 5a\\
x & - & ay & - & z & = & a\\
x & + & ay  & + & z & = & 3
\end{array}\right.$$",Advanced,For $a=0$.,"For $a=0,1,-1$.",For $a\neq 0$.,There is no $a\in\mathbb{R}$ for which the linear system has no solutions.,,,2019-11-12 08:56:15+00,1,2020-06-17 04:08:12+00,38,4,1,
1938,127,"",18,8,"What is the determinant of $A
\left[ {\begin{array}{rr}  
   0.5 &   0.5  \\
   0.5 &   0.5  \\
\end{array}} \right]$? ",Basic,$0$,$0.5$,$1$,$2$,,,2020-02-14 10:30:24+00,1,2020-04-20 16:57:27+00,64,1,2,
1939,43,"",18,9,"For which values of $a\in\mathbb{R}$ the linear system has a unique solution?
$$\left\{\begin{array}{cccccccc}
ax & + & ay & + & 2z & = & 5a\\
x & - & ay & - & z & = & a\\
x & + & ay & + & z & = & 3
\end{array}\right.$$",Advanced,For $a\neq 0$.,For $a\leq 2$ and $a>4$.,"For $a=0,1,-1$.",There is no $a\in\mathbb{R}$ for which the linear system has a unique solution.,,,2019-11-12 08:58:40+00,1,2020-06-17 04:02:31+00,37,4,1,
1940,80,"",4,4,"Which option is not a partial derivative of the function $f(x,y) = \sin (x) - \cos (xy) + e^x $ ?",Basic,$f_{yx} = \cos (xy)yx  $ ,$f_{xx} = - \sin (x) + \cos (xy) y^2 + e^x $,$f_{yy} = \cos(xy)x^2$    ,$f_{xy} = \cos (xy)xy + \sin (xy)  $,,,2020-02-28 08:44:36+00,1,2020-05-08 17:08:39+00,37,2,5,
1941,43,"",18,9,"How many solutions does the following linear system have, with respect to $a\in\mathbb{R}$?
$$\left\{\begin{array}{cccccccc}
ax & + & y & + & 2az & = & a+5\\
ax & - & ay & - & z & = & a\\
x & - & ay & + & z & = & 3
\end{array}\right.$$",Advanced,"One solution for $a\neq 1$, and no solutions for $a=1$.","One solution for $a\neq 1,-1$, no solutions for $a=1$ and infinitely many solutions for $a=-1$.",One solution for every $a\in\mathbb{R}$.,"No solutions for $a\neq 0$, and one solution for $a=0$.",,,2019-11-12 09:05:24+00,1,2020-06-17 04:08:02+00,37,5,2,
1942,80,"",4,4,"Consider $f(x,y) = \ln(x^2-3y^3+6xy^2)$. Which is the value of $f_{xy}$?",Advanced,$f_{xy} =\dfrac{18y^4+18xy^2-12x^2y}{(x^2-3y^3+6y^2x)^2} $ ,$f_{xy} =\dfrac{24x^2y-36y^4+72y^3x+18xy^2}{(x^2-3y^3+6y^2x)^2}$,$f_{xy} = \dfrac{18y^4+18xy^3-12xy^2}{\ln(x^2-3y^3+6y^2x)}$,$f_{xy} = \dfrac{-36y^4+18xy^2-72xy}{(x^2-3y^3+6y^2x)^2}$,,,2020-02-28 08:46:36+00,1,2020-05-08 17:10:43+00,37,3,2,
1943,42,"",3,39,"Determine the domain of the function $f$ defined by
\[
f(x) = \frac{\log x}{\arctan (x-1)}.
\]",Basic,"$(0,1)\cup(1,+\infty)$","$(0,+\infty)$",$\mathbb{R}$,"$(1,+\infty)$",,,2019-11-13 01:40:12+00,1,2019-12-07 10:23:31+00,52,4,3,
1944,80,"",4,4,"Consider $f(a,b,c) = a^3b^5c -abc^3 -7a + 3ba +6 $. Evaluate $f_{cc}(0,2,1)$.",Basic,"$f_{cc}(0,2,1) = 0 $","$f_{cc}(0,2,1) = 6 $","$f_{cc}(0,2,1) = -12$ ","$f_{cc}(0,2,1) = -6 $ ",,,2020-02-28 09:29:18+00,1,2020-05-08 17:12:16+00,37,2,5,
1945,42,"",3,39,"Determine the domain of the function $f$ defined by
\[
f(x) = \frac{1}{\arctan(\log x)}.
\]",Basic,"$(0,1)\cup(1,+\infty)$","$(0,+\infty)$",$\mathbb{R}$,$\mathbb{R}\setminus\{1\}$,,,2019-11-13 01:42:52+00,1,2019-12-07 10:25:07+00,52,3,2,
1946,80,"",4,4,"Consider $f(a,b,c) = a^3b^5c -abc^3 -7a + 3ba +6 $, evaluate  $f_{ccca}(-\frac{\pi}{2},\pi,\sqrt\pi)$ :",Basic,"$f_{ccca}(-\frac{\pi}{2},\pi,\sqrt\pi) = -6 \pi$","$f_{ccca}(-\frac{\pi}{2},\pi,\sqrt\pi) = 6 \pi$","$f_{ccca}(-\frac{\pi}{2},\pi,\sqrt\pi) = - \pi$","$f_{ccca}(-\frac{\pi}{2},\pi,\sqrt\pi) = -6$",,,2020-02-28 09:32:06+00,1,2020-05-08 17:13:31+00,37,1,3,
1947,42,"",3,39,"Determine the domain of the function $f$ defined by
\[
f(x) = \frac{1}{\cos(\sin x)}.
\]",Basic,$\mathbb{R}$,$\mathbb{R}\setminus\{0\}$,$\mathbb{R}\setminus\{\pi/2+k\pi:k\in\mathbb{Z}\}$,$\mathbb{R}\setminus\{k\pi:k\in\mathbb{Z}\}$,,,2019-11-13 01:46:02+00,1,2019-12-07 10:25:42+00,52,4,3,
1948,53,"",12,13,"Find  the points of local extremum for the function
$f(x,y,z)=\displaystyle{(11x+6y+4z)e^{-2x^2-y^2-z^2}}.$",Advanced,"$\left(\dfrac{11}{30}, \dfrac{12}{30}, \dfrac{8}{30}\right)$ is the point of maximum and
$\left(-\dfrac{11}{30}, -\dfrac{12}{30}, -\dfrac{8}{30}\right)$ is the point of minimum.","$\left(\dfrac{11}{30}, \dfrac{12}{30}, -\dfrac{8}{30}\right)$ is the point of maximum and
$\left(-\dfrac{11}{30}, \dfrac{12}{30}, -\dfrac{8}{30}\right)$ is the point of minimum.","$\left(-\dfrac{11}{30}, -\dfrac{12}{30}, -\dfrac{8}{30}\right)$ is the point of maximum and
$\left(\dfrac{11}{30}, \dfrac{12}{30}, \dfrac{8}{30}\right)$ is the point of minimum.","$\left(-\dfrac{11}{30}, -\dfrac{12}{30}, \dfrac{8}{30}\right)$ is the point of maximum and
$\left(-\dfrac{11}{30}, -\dfrac{12}{30}, -\dfrac{8}{30}\right)$ is the point of minimum.",,,2020-02-29 04:52:53+00,1,2020-06-17 05:08:00+00,37,1,3,
1949,42,"",3,39,"Determine the image of the function $f$ defined by
\[
f(x) = \sin(\cos x).
\]",Basic,"$[-\sin 1,\sin 1]$","$(-\sin 1,\sin 1)$","$(-1,1)$","$[-1,1]$",,,2019-11-13 01:52:45+00,1,2019-12-07 10:28:16+00,52,2,1,
1950,53,"",12,13,"Find  the points of local extremum for the function
$f(x,y,z)=\displaystyle{\dfrac{x^2}{9z}+\dfrac{6y^2}{x}+\dfrac{1}{y}+z}.$",Advanced,"$\left(-\dfrac{3}{2}, -\dfrac{1}{2}, -\dfrac{1}{2}\right)$ is the point of maximum and
$\left(\dfrac{3}{2}, \dfrac{1}{2}, \dfrac{1}{2}\right)$ is the point of minimum.","$\left(\dfrac{3}{2}, -\dfrac{1}{2}, -\dfrac{1}{2}\right)$ is the point of minimum and
$\left(-\dfrac{3}{2}, \dfrac{1}{2}, \dfrac{1}{2}\right)$ is the point of maximum.","$\left(\dfrac{3}{2}, \dfrac{1}{2}, -\dfrac{1}{2}\right)$ is the point of maximum and
$\left(-\dfrac{3}{2}, -\dfrac{1}{2}, \dfrac{1}{2}\right)$ is the point of minimum.","$\left(\dfrac{3}{2}, \dfrac{1}{2}, -\dfrac{1}{2}\right)$ is the point of minimum and
$\left(-\dfrac{3}{2}, -\dfrac{1}{2}, \dfrac{1}{2}\right)$ is the point of maximum.",,,2020-02-29 04:57:19+00,1,2020-12-20 12:16:21+00,37,4,5,
1951,42,"",3,39,"Determine the image of the function $f$ defined by
\[
f(x) = \log(\sin x).
\]",Basic,"$(-\infty,0]$","$(-\infty,0)$","$(-\infty,1]$","$(-\infty,1)$",,,2019-11-13 01:59:02+00,1,2019-12-07 10:29:43+00,52,3,2,
1952,53,"",12,13,"Find  the points of local extremum for the function
$f(x,y,z)=\displaystyle{\dfrac{z^2}{9y}+\dfrac{6x^2}{z}+\dfrac{4}{x}+y}.$",Basic,"$\left(-1,-1,-3\right)$ is the point of maximum and
$\left(1,1,3\right)$ is the point of minimum.","$\left(-1,1,-3\right)$ is the point of maximum and
$\left(1,-1,3\right)$ is the point of minimum.","$\left(-1,-1,-3\right)$ is the point of minimum and
$\left(1,1,3\right)$ is the point of maximum.","$\left(-1,1,-3\right)$ is the point of minimum and
$\left(1,-1,3\right)$ is the point of maximum.",,,2020-02-29 05:03:46+00,1,2020-06-17 09:00:28+00,37,4,5,
1953,42,"",3,39,"Let $f$ be the function defined by
\[
f(x) = \log(\tan x).
\]
Which of these statements is true?",Advanced,The image of $f$ is $\mathbb{R}$,$f$ is injective,$f$ is monotone,The domain of $f$ is an interval,,,2019-11-13 02:04:51+00,1,2019-12-09 06:52:23+00,52,4,3,
1954,53,"",12,13,"Find  the stationary points and the points of local extremum for the function
$f(x,y,z)=\displaystyle{xyz+2(x^2+y^2+z^2)-5(x+y+z)+13}.$",Basic,"$\left(1,1,1\right)$, $\left(-5,-5,-5\right)$, $\left(-\dfrac{11}{4}, 4, 4\right)$, $\left(4,-\dfrac{11}{4}, 4\right)$, $\left(4,4,-\dfrac{11}{4}\right)$ are the stationary points and $\left(1,1,1\right)$ is a minimizer.","$\left(1,1,1\right)$, $\left(-5,-5,-5\right)$, $\left(-\dfrac{11}{4}, 4, 4\right)$, $\left(4,-\dfrac{11}{4}, 4\right)$, $\left(4,4,-\dfrac{11}{4}\right)$ are the stationary points and $\left(1,1,1\right)$ is a maximizer.","$\left(1,1,1\right)$, $\left(-5,-5,-5\right)$, $\left(-\dfrac{11}{4}, 4, 4\right)$, $\left(4,-\dfrac{11}{4}, 4\right)$, $\left(4,4,-\dfrac{11}{4}\right)$ are the stationary points and $\left(1,1,1\right)$ is maximizer and $\left(-5,-5,-5\right)$ is a minimizer.","$\left(1,1,1\right)$, $\left(-5,-5,-5\right)$, $\left(-\dfrac{11}{4}, 4, 4\right)$, $\left(4,-\dfrac{11}{4}, 4\right)$, $\left(4,4,-\dfrac{11}{4}\right)$ are the stationary points. The maximizers  are $\left(1,1,1\right)$, $\left(-5,-5,-5\right)$ and the minimizers are $\left(-\dfrac{11}{4}, 4, 4\right)$, $\left(4,-\dfrac{11}{4}, 4\right)$, $\left(4,4,-\dfrac{11}{4}\right)$.",,,2020-02-29 05:10:24+00,1,2020-06-17 09:09:16+00,37,5,5,
1955,42,"",3,39,Determine which of the functions below is monotone.,Basic,$f(x) = |2^x|$,$f(x) = 2^{|x|}$,$f(x) = x^2$,$f(x) = |x|^3$,,,2019-11-13 02:16:28+00,1,2019-12-07 10:38:21+00,52,2,2,
1956,53,"",12,13,"Find  the stationary points and the points of local extremum for the function
$f(x,y,z)=\displaystyle{6xyz+x^3+y^3+z^3+2(xy+yz+zx)}.$
",Advanced,"$\left(0,0,0\right)$, $\left(0,-\dfrac{2}{3}, -\dfrac{2}{3}\right)$, $\left(-\dfrac{2}{3}, 0,-\dfrac{2}{3}\right)$, $\left(-\dfrac{2}{3}, -\dfrac{2}{3},0\right)$, $\left(-\dfrac{2}{9}, -\dfrac{2}{9}, \dfrac{4}{9}\right)$, $\left(-\dfrac{2}{9}, \dfrac{4}{9},-\dfrac{2}{9}\right)$, $\left(\dfrac{4}{9}, -\dfrac{2}{9},-\dfrac{2}{9}\right)$, $\left(-\dfrac{4}{9}, -\dfrac{4}{9},-\dfrac{4}{9}\right)$ are the stationary points and $\left(-\dfrac{4}{9}, -\dfrac{4}{9},-\dfrac{4}{9}\right)$ is a maximizer.","$\left(0,0,0\right)$, $\left(0,-\dfrac{2}{3}, -\dfrac{2}{3}\right)$, $\left(-\dfrac{2}{3}, 0,-\dfrac{2}{3}\right)$, $\left(-\dfrac{2}{3}, -\dfrac{2}{3},0\right)$, $\left(-\dfrac{2}{9}, -\dfrac{2}{9}, \dfrac{4}{9}\right)$, $\left(-\dfrac{2}{9}, \dfrac{4}{9},-\dfrac{2}{9}\right)$, $\left(\dfrac{4}{9}, -\dfrac{2}{9},-\dfrac{2}{9}\right)$, $\left(-\dfrac{4}{9}, -\dfrac{4}{9},-\dfrac{4}{9}\right)$ are the stationary points and $\left(0,-\dfrac{2}{3}, -\dfrac{2}{3}\right)$ is a maximizer.","$\left(0,0,0\right)$, $\left(0,-\dfrac{2}{3}, -\dfrac{2}{3}\right)$, $\left(-\dfrac{2}{3}, 0,-\dfrac{2}{3}\right)$, $\left(-\dfrac{2}{3}, -\dfrac{2}{3},0\right)$, $\left(-\dfrac{2}{9}, -\dfrac{2}{9}, \dfrac{4}{9}\right)$, $\left(-\dfrac{2}{9}, \dfrac{4}{9},-\dfrac{2}{9}\right)$, $\left(\dfrac{4}{9}, -\dfrac{2}{9},-\dfrac{2}{9}\right)$, $\left(-\dfrac{4}{9}, -\dfrac{4}{9},-\dfrac{4}{9}\right)$ are the stationary points and  $\left(-\dfrac{2}{3}, 0,-\dfrac{2}{3}\right)$ is a minimizer.","$\left(0,0,0\right)$, $\left(0,-\dfrac{2}{3}, -\dfrac{2}{3}\right)$, $\left(-\dfrac{2}{3}, 0,-\dfrac{2}{3}\right)$, $\left(-\dfrac{2}{3}, -\dfrac{2}{3},0\right)$, $\left(-\dfrac{2}{9}, -\dfrac{2}{9}, \dfrac{4}{9}\right)$, $\left(-\dfrac{2}{9}, \dfrac{4}{9},-\dfrac{2}{9}\right)$, $\left(\dfrac{4}{9}, -\dfrac{2}{9},-\dfrac{2}{9}\right)$, $\left(-\dfrac{4}{9}, -\dfrac{4}{9},-\dfrac{4}{9}\right)$ are the stationary points and  $\left(-\dfrac{2}{9}, \dfrac{4}{9},-\dfrac{2}{9}\right)$ is a minimizer.",,,2020-02-29 05:15:23+00,1,2020-06-17 15:48:46+00,37,5,5,
1957,42,"",3,37,"Calculate
\[
\lim_{x\to 0^+} \frac{\log x}{\sin x}.
\]",Basic,$-\infty$,$+\infty$,$0$,$1$,,,2019-11-13 02:20:39+00,1,2019-12-08 23:29:56+00,52,3,2,
1958,42,"",3,37,"Calculate
\[
\lim_{x\to +\infty} \frac{x +\sin x}{|\cos x|}
\]",Basic,$+\infty$,$0$,The limit does not exist,$1$,,,2019-11-13 02:24:49+00,1,2019-12-07 12:13:44+00,52,2,1,
1959,53,"",12,13,"Find  the points of local extremum for the function
$f(x,y)=\displaystyle{\sin(x) \sin(y) \sin(x+y)}$, $0\leq x\leq \pi$, $0\leq y\leq \pi$.",Advanced,"$\left(\dfrac{\pi}{3}, \dfrac{\pi}{3}\right)$ is the point of maximum and $\left(\dfrac{2\pi}{3}, \dfrac{2\pi}{3}\right)$ is the point of minimum.","$\left(\dfrac{\pi}{3}, \dfrac{\pi}{3}\right)$ is the point of minimum and $\left(\dfrac{2\pi}{3}, \dfrac{2\pi}{3}\right)$ is the point of maximum.","$\left(\dfrac{\pi}{3}, \dfrac{\pi}{3}\right)$, $\left(\dfrac{2\pi}{3}, \dfrac{2\pi}{3}\right)$ are the points of maximum.","$\left(\dfrac{\pi}{3}, \dfrac{\pi}{3}\right)$, $\left(\dfrac{2\pi}{3}, \dfrac{2\pi}{3}\right)$ are the points of minimum.",,,2020-02-29 05:29:10+00,1,2021-02-05 14:33:39+00,37,3,1,
1961,53,"",12,13,"Find  the points of local extremum for the function
$f(x,y)=\displaystyle{xy\ln(x^2+y^2)}$.",Advanced,"$\left(\dfrac{1}{\sqrt{2e}}, \dfrac{1}{\sqrt{2e}}\right)$, $\left(-\dfrac{1}{\sqrt{2e}}, -\dfrac{1}{\sqrt{2e}}\right)$ are the points of minimum and $\left(\dfrac{1}{\sqrt{2e}}, -\dfrac{1}{\sqrt{2e}}\right)$, $\left(-\dfrac{1}{\sqrt{2e}}, \dfrac{1}{\sqrt{2e}}\right)$ are the points of maximum.
","$\left(\dfrac{1}{\sqrt{2e}}, \dfrac{1}{\sqrt{2e}}\right)$, $\left(-\dfrac{1}{\sqrt{2e}}, -\dfrac{1}{\sqrt{2e}}\right)$ are the points of maximum and $\left(\dfrac{1}{\sqrt{2e}}, -\dfrac{1}{\sqrt{2e}}\right)$, $\left(-\dfrac{1}{\sqrt{2e}}, \dfrac{1}{\sqrt{2e}}\right)$ are the points of minimum.","$\left(\dfrac{1}{\sqrt{2e}}, \dfrac{1}{\sqrt{2e}}\right)$, $\left(-\dfrac{1}{\sqrt{2e}}, \dfrac{1}{\sqrt{2e}}\right)$  are the points of minimum and $\left(\dfrac{1}{\sqrt{2e}}, -\dfrac{1}{\sqrt{2e}}\right)$, $\left(-\dfrac{1}{\sqrt{2e}}, -\dfrac{1}{\sqrt{2e}}\right)$ are the points of maximum.","$\left(\dfrac{1}{\sqrt{2e}}, \dfrac{1}{\sqrt{2e}}\right)$, $\left(-\dfrac{1}{\sqrt{2e}}, \dfrac{1}{\sqrt{2e}}\right)$  are the points of maximum and $\left(\dfrac{1}{\sqrt{2e}}, -\dfrac{1}{\sqrt{2e}}\right)$, $\left(-\dfrac{1}{\sqrt{2e}}, -\dfrac{1}{\sqrt{2e}}\right)$ are the points of minimum.",,,2020-02-29 05:33:32+00,1,2020-12-20 13:08:41+00,37,5,5,
1962,42,"",3,37,"Calculate
\[
\lim_{x\to 1^-} \frac{x^3-1}{(x-1)^3}.
\]",Basic,$+\infty$,$-\infty$,$1$,$0$,,,2019-11-13 03:21:06+00,1,2019-12-07 10:47:59+00,52,2,1,
1963,38,"",5,5,Find $\displaystyle\int \frac{x^2+5}{x}+x^2e^x dx$.,Basic,$\displaystyle \frac{x^2}{2}+5\ln|x|+x^2e^x-2xe^x+2e^x+C$,$\displaystyle x^2+5\ln|x|+x^2e^x-2xe^x+2e^x+C$,$\displaystyle \frac{x^2}{2}+5\ln|x|-x^2e^x+2xe^x-2e^x+C$,$\displaystyle x^2e^x-2xe^x+2e^x+C$,,,2019-11-14 10:53:27+00,1,2019-12-07 11:08:17+00,52,3,4,
1964,53,"",12,13,"Find  the stationary points and the points of local extremum for the function
$f(x,y)=\displaystyle{2(x^3+y^3)+24xy+13(x^2+y^2)+27}$.",Advanced,"$\left(0,0\right)$, $\left(1, -\dfrac{4}{3}\right)$, $\left(-\dfrac{4}{3}, 1\right)$ and $\left(-\dfrac{25}{3}, -\dfrac{25}{3}\right)$ are the stationary points,  $\left(0,0\right)$ is the point of minimum and $\left(-\dfrac{25}{3}, -\dfrac{25}{3}\right)$ is the point of maximum.","$\left(0,0\right)$, $\left(1, -\dfrac{4}{3}\right)$, $\left(-\dfrac{4}{3}, 1\right)$ and $\left(-\dfrac{25}{3}, -\dfrac{25}{3}\right)$ are the stationary points,  $\left(1, -\dfrac{4}{3}\right)$ is the point of minimum and $\left(-\dfrac{4}{3}, 1\right)$ is the point of maximum.","$\left(0,0\right)$, $\left(1, -\dfrac{4}{3}\right)$, $\left(-\dfrac{4}{3}, 1\right)$ and $\left(-\dfrac{25}{3}, -\dfrac{25}{3}\right)$ are the stationary points,  $\left(0,0\right)$ is the point of maximum and $\left(-\dfrac{25}{3}, -\dfrac{25}{3}\right)$ is the point of minimum.","$\left(0,0\right)$, $\left(1, -\dfrac{4}{3}\right)$, $\left(-\dfrac{4}{3}, 1\right)$ and $\left(-\dfrac{25}{3}, -\dfrac{25}{3}\right)$ are the stationary points,  $\left(1, -\dfrac{4}{3}\right)$ is the point of maximum and $\left(-\dfrac{4}{3}, 1\right)$ is the point of minimum.",,,2020-02-29 05:41:01+00,1,2020-12-20 13:40:33+00,37,4,5,
1965,38,"",5,5,Find $\displaystyle \int (x^2+x)3^x dx$.,Advanced,$\displaystyle (x^2+x)\frac{3^x}{\ln(3)}-(2x+1)\frac{3^x}{\ln^2(3)}+2\frac{3^x}{\ln^3(3)}+C$,$\displaystyle (2x+1)\frac{3^x}{\ln(3)}+C$,$\displaystyle (x^2+x)\frac{3^x}{\ln(3)}-(2x+1)\frac{3^x}{\ln(3)}+2\frac{3^x}{\ln(3)}+C$,$\displaystyle -(x^2+x)\frac{3^x}{\ln(3)}+(2x+1)\frac{3^x}{\ln^2(3)}-2\frac{3^x}{\ln^3(3)}+C$,,,2019-11-15 02:45:55+00,1,2019-12-07 11:04:05+00,52,4,3,
1966,59,"",15,41,"Find  $\displaystyle{\lim\limits_{(x,y)\to (+\infty,2)}\left(1+\dfrac{y}{x}\right)^{xy}}.$",Basic,$e^4$.,$e^2$.,$1$.,$e$,,,2020-02-29 05:48:28+00,1,2020-06-18 07:36:14+00,67,3,4,
1967,38,"",5,5,Find $\displaystyle \int x\ln(x) dx$.,Basic,$\displaystyle \frac{x^2}{2}\ln(x)-\frac{x^2}{4}+ C$,$\displaystyle \frac{x^2}{2}\frac{1}{x}+ C$,$\displaystyle \frac{x^2}{2}-\frac{1}{x}+ C$,$\displaystyle -\frac{x^2}{2}\ln(x)+\frac{x^2}{4}+ C$,,,2019-11-15 03:29:18+00,1,2019-12-07 10:51:54+00,52,3,4,
1968,59,"",15,41,"Find $\displaystyle{\lim\limits_{(x,y)\to (0,0)}\dfrac{\sqrt{x^2y^2+1}-1}{3-\sqrt{9-x^2-y^2}}}.$",Basic,$3$.,$1$.,$\dfrac{2}{3}$.,$\dfrac{1}{3}$.,,,2020-02-29 05:50:22+00,1,2020-06-18 07:36:27+00,67,3,4,
1969,43,"",18,9,"What are the solutions to the following linear system?
$$\left\{\begin{array}{cccccccc}
x & + & y & + & 2z & = & 3\\
x & + & 2y & + & z & = & 1\\
2x & + & y & + & z & = & 0
\end{array}\right.$$",Basic,"The system has a unique solution, which is $(x,y,z)=(-1,0,2)$.",The system has no solutions.,"The system has infinitely many solutions, which are $(x-1,x,x+2)$.","The system has a unique solution, which is $(x,y,z)=(0,1,-2)$.",,,2019-11-15 04:12:44+00,1,2019-11-26 12:16:21+00,38,1,4,
1970,59,"",15,41,"Find $\ell_1=\lim\limits_{x\to 0}(\lim\limits_{y\to 0}f(x,y)),$ $\ \ell_2=\lim\limits_{y\to 0}(\lim\limits_{x\to 0}f(x,y)),$ and $\ell=\lim\limits_{(x,y)\to (0,0)}f(x,y),$ where  $f(x,y)=\displaystyle{\dfrac{5x^2y}{4x^4+y^2}}$.",Basic,$\ell_1=\ell_2=0$ and $\ell$ doesn't exist.,$\ell_1=\ell_2=\dfrac{5}{4}$ and $\ell$ doesn't exist.,$\ell_1=\ell_2=\ell=0$.,$\ell_1=\ell_2=\ell=\dfrac{5}{4}$.,,,2020-02-29 05:53:36+00,1,2020-06-18 07:36:38+00,67,4,5,
1971,43,"",18,9,"What are the solutions of the following linear system?
$$\left\{\begin{array}{cccccccc}
x & + & 2y & - & 3z & = & 4\\
x & + & 3y & - & z & = & 11\\
2x & + & 5y & - & 5z & = & 13\\
x & + & 4y & + & z & = & 18
\end{array}\right.$$",Basic,"The system has a unique solution, which is $(4,3,2)$.",The system has no solutions.,"The system has infinitely many solutions, which are $(x,3x-2,z)$ for every $x,z\in\mathbb{R}$.","The system has infinitely many solutions, which are $(x,x,-2x)$ for every $x\in\mathbb{R}$.",,,2019-11-15 04:19:08+00,1,2020-06-17 04:12:02+00,38,3,1,
1972,59,"",15,41,"Find $\ell_1=\lim\limits_{x\to 0}(\lim\limits_{y\to 0}f(x,y)),$ $\ \ell_2=\lim\limits_{y\to 0}(\lim\limits_{x\to 0}f(x,y)),$ and $\ell=\lim\limits_{(x,y)\to (0,0)}f(x,y),$ where
$f(x,y)=\displaystyle{\dfrac{xy^2\,\ln (|x|+|y|)}{x^2+y^2}}$.
",Basic,$\ell_1=\ell_2=\ell=0$.,$\ell_1=\ell_2=0$ and $\ell$ doesn't exist.,$\ell_1=\ell_2=0$ and $\ell=1$.,$\ell_1=\ell=0$ and $\ell_2$ doesn't exist.,,,2020-02-29 05:56:17+00,1,2020-06-18 07:37:02+00,67,4,5,
1973,43,"",18,9,"For which values of $m\in\mathbb{R}$ does the following linear system have infinitely many solutions?
$$\left\{\begin{array}{cccccccc}
3x & + & y & - & z & = & 1\\
x & - & 2y & + & 2z & = & m\\
x & + & y & - & z & = & 1\\
\end{array}\right.$$",Advanced,For $m=-2$.,"For $m=0,-2$.",For $m=2$.,There is no $m\in\mathbb{R}$ for which the linear system has infinitely many solutions.,,,2019-11-15 04:26:16+00,1,2019-11-26 12:22:48+00,38,2,3,
1974,59,"",16,,Find the general solution of the equation $\displaystyle{x'''+x''-5x'+3x=e^{-t}}$.,Basic,"$\displaystyle{x=C_1e^{-3t}+C_2e^{t}+C_3te^{t}+\dfrac{1}{8}e^{-t}}$, $C_1, C_2, C_3\in \mathbb{R}$.","$\displaystyle{x=C_1e^{-3t}+C_2e^{t}+C_3te^{t}+\dfrac{7}{8}e^{-t}}$, $C_1, C_2, C_3\in \mathbb{R}$.","$\displaystyle{x=C_1e^{-3t}+C_2te^{-3t}+C_3e^{t}+\dfrac{1}{8}e^{-t}}$, $C_1, C_2, C_3\in \mathbb{R}$.","$\displaystyle{x=C_1e^{-3t}+C_2te^{-3t}+C_3e^{t}+\dfrac{7}{8}e^{-t}}$, $C_1, C_2, C_3\in \mathbb{R}$.",,,2020-02-29 06:11:20+00,1,2020-03-27 11:25:04+00,38,5,3,
1976,59,"",16,," Find the general solution of the equation $\displaystyle{x''-2x'-3x=\sin( 2t)}$.
",Basic,"$\displaystyle{x=C_1e^{3t}+C_2e^{-t}+\dfrac{4}{65}\cos( 2t)-\dfrac{7}{65}\sin (2t)}$, $C_1, C_2\in \mathbb{R}$.","$\displaystyle{x=C_1e^{3t}+C_2e^{-t}+\dfrac{4}{65}\cos (2t)}$, $C_1, C_2\in \mathbb{R}$.","$\displaystyle{x=C_1e^{3t}+C_2e^{-t}-\dfrac{4}{65}\sin (2t)}$, $C_1, C_2\in \mathbb{R}$.","$\displaystyle{x=C_1e^{3t}+C_2e^{-t}+\dfrac{4}{65}\sin(2t)-\dfrac{7}{65}\cos(2t)}$, $C_1, C_2\in \mathbb{R}$.",,,2020-02-29 06:17:00+00,1,2020-03-27 11:27:57+00,38,4,1,
1977,43,"",18,9,"For which values of $m\in\mathbb{C}$ the following linear system has no solutions?
$$\left\{\begin{array}{cccccccc}
x & - & my & + & m^{2}z & = & m\\
mx & - & m^{2}y & + & mz & = & 1\\
mx & + & y & - & m^{3}z & = & -1
\end{array}\right.$$",Advanced,For $m=0$.,"For $m=1,-1$.",For $m\neq 1$.,"For $m=0,1,i$.",,,2019-11-15 04:53:36+00,1,2020-06-17 07:14:56+00,37,5,2,
1978,59,"",16,,"Find the general solution of the equation $\displaystyle{t^2x''-2tx'+2x=t^2+t}$, $t>0$.
",Advanced,"$\displaystyle{x=C_1t+C_2t^2+(t^2-t)\ln( t)}$, $C_1, C_2\in \mathbb{R}$.","$\displaystyle{x=C_1t+C_2t^2+(t^2+t)\ln (t)}$, $C_1, C_2\in \mathbb{R}$.","$\displaystyle{x=C_1t+C_2t^2+2t\ln (t)}$, $C_1, C_2\in \mathbb{R}$.","$\displaystyle{x=C_1t+C_2t^2+(t^2+1)\ln (t)}$, $C_1, C_2\in \mathbb{R}$.",,,2020-02-29 06:23:05+00,1,2020-03-27 12:23:14+00,38,4,1,
1979,43,"",18,9,"What are the solutions of the following system of equations?
$$\left\{\begin{array}{lllllll}
3x & + & 2y & + & 6z & = & 0\\
4x & + & 5y & + & 12z & = & \ln(2)\\
2x & + & 2y & + & 5z & = & \ln(3)
\end{array}\right.$$",Advanced,"The system has a unique solution, which is $(-2\ln(2)+6\ln(3),-3\ln(2)+12\ln(3),2\ln(2)-7\ln(3))$",The system has no solutions.,"The system has a unique solution, which is $(2\ln(2)+2\ln(3),4\ln(2)-2\ln(3),0)$.","The system has two solutions, which are $(-2\ln(2)+4\ln(3),-\ln(2)+5\ln(3),0)$ and $(-3\ln(3),3\ln(2),2\ln(2))$.",,,2019-11-15 04:58:07+00,1,2020-06-19 15:30:38+00,38,1,4,
1980,59,"",16,,"Using the variation of constants method find the general solution of the equation
$\displaystyle{x''+x=\frac{1}{\sin(t)}}$.
",Advanced,"$\displaystyle{x=C_1\sin (t)+C_2\cos (t)+\sin (t)\ln|\sin (t)|-t\cos (t)}$, $C_1, C_2\in \mathbb{R}$.","$\displaystyle{x=C_1\sin (t)+C_2\cos (t)+\sin (t)\ln|\sin (t)|+2t\cos (t)}$, $C_1, C_2\in \mathbb{R}$.","$\displaystyle{x=C_1\sin (t)+C_2\cos (t)+\cos (t)\ln|\sin (t)|-t\sin (t)}$, $C_1, C_2\in \mathbb{R}$.","$\displaystyle{x=C_1\sin (t)+C_2\cos (t)+\cos (t)\ln|\sin (t)|+2t\sin (t)}$, $C_1, C_2\in \mathbb{R}$.",,,2020-02-29 06:36:03+00,1,2020-03-27 16:14:42+00,38,5,3,
1981,43,"",18,9,"How many solutions does the following linear system have?
$$\left\{\begin{array}{cccccccccc}
x & + & y & + & z & - & 3t & = & 1\\
2x & + & y & - & z & + & t & = & -1
\end{array}\right.$$",Basic,The system has infinitely many solutions depending on two parameters.,The system has infinitely many solutions depending on one parameter.,The system has no solutions.,The system has a unique solution.,,,2019-11-15 05:01:07+00,1,2019-11-26 12:20:30+00,38,3,1,
1982,59,"",15,41,"Find $\lambda\in\mathbb{R}$ such that the function $f$ be continuous on $\mathbb{R}^2$,
$f(x,y)=\left\{\begin{array}{cl}
\displaystyle{\frac{\ln(1+x^2+y^2)}{x^2+y^2}},& (x,y)\in \mathbb{R}^2\setminus\{(0,0)\}\\
\lambda,& (x,y)=(0,0).
\end{array}\right.$",Basic,$\lambda=1$.,$\lambda=0$.,There is no $\lambda\in\mathbb{R}$ such that $f$ be continuous on $\mathbb{R}^2$.,$\lambda=\dfrac{1}{2}$.,,,2020-02-29 06:56:52+00,1,2020-06-18 07:37:17+00,67,4,5,
1983,43,"",18,9,"What are the solutions of the following linear system?
$$\left\{\begin{array}{cccccc}
x & + & 2z & = & 1\\
-y & + & z & = & 2\\
x & - & 2y & = & 1\\
\end{array}\right.$$",Basic,"The system has a unique solution, which is $(x,y,z)=(-1,-1,1)$.",The system has no solutions.,"The system has infinitely many solutions, which are $(2-y,y,3+y)$ for every $y\in\mathbb{R}$.","The system has infinitely many solutions, which are $(z,z,-z)$ for every $z\in\mathbb{R}$.",,,2019-11-15 05:04:25+00,1,2019-11-26 12:20:02+00,38,2,3,
1984,59,"",15,41,"Find $\lambda\in\mathbb{R}$ such that the function $f$ be continuous on $\mathbb{R}^2$,
$f(x,y)=\left\{\begin{array}{cl}
\displaystyle{\frac{\sin(xy)}{x^2+y^2}},& (x,y)\in \mathbb{R}^2\setminus\{(0,0)\}\\
\lambda,& (x,y)=(0,0).
\end{array}\right.$",Basic,There is no $\lambda\in\mathbb{R}$ such that the function $f$ be continuous on $\mathbb{R}^2$.,$\lambda=0$.,$\lambda=1$.,$\lambda=\dfrac{1}{2}$.,,,2020-02-29 07:00:44+00,1,2020-06-18 07:37:46+00,67,4,5,
1985,38,"",5,5,Find $\displaystyle \int e^{3x}\cos(x) dx$.,Advanced,$\displaystyle\frac{e^{3x}\sin \left(x\right)}{10}+\frac{3e^{3x}\cos \left(x\right)}{10}+C$,$\displaystyle\frac{e^{3x}\sin \left(x\right)}{3}+\frac{e^{3x}\cos \left(x\right)}{3}+C$,$\displaystyle e^{3x}\sin \left(x\right)+3e^{3x}\cos \left(x\right)+C$,$\displaystyle\frac{e^{3x}\sin \left(x\right)}{10}-\frac{3e^{3x}\cos \left(x\right)}{10}+C$,,,2019-11-15 07:24:18+00,1,2019-12-07 10:57:40+00,52,5,2,
1986,58,"",4,4,"Find the directional derivative of the function $f:\mathbb{R}^{3}\rightarrow\mathbb{R},\ \ f(x,y,z)=xy^{2}-4x^{2}y+z^{2}$ at the point $M(1,-1,2)$ in the direction $\overrightarrow{s}$, where $\overrightarrow{s}$ is the unit vector of $\overrightarrow{v}=6\overrightarrow{i}+2\overrightarrow{j}+3\overrightarrow{k}.$",Basic,"$Df_{\overrightarrow{s}}(1,-1,2)=\frac{54}{7}$","$Df_{\overrightarrow{s}}(1,-1,2)=54$","$Df_{\overrightarrow{s}}(1,-1,2)=\frac{3\sqrt{6}}{7}$","$Df_{\overrightarrow{s}}(1,-1,2)=3\sqrt{6}$",,,2020-03-01 16:14:24+00,1,2020-06-17 04:50:29+00,64,4,1,
1987,38,"",5,5,Find $\displaystyle \int e^x \sin(2x) dx$.,Advanced,$\displaystyle -\frac{2e^x\cos \left(2x\right)}{5}+\frac{e^x\sin \left(2x\right)}{5}+C$,$\displaystyle \frac{2e^x\cos \left(2x\right)}{5}-\frac{e^x\sin \left(2x\right)}{5}+C$,$\displaystyle -2e^x\cos \left(2x\right)+e^x\sin \left(2x\right)+C$,$\displaystyle 2e^x\cos \left(2x\right)-e^x\sin \left(2x\right)+C$,,,2019-11-15 07:28:13+00,1,2019-12-07 10:53:47+00,52,5,2,
1988,58,"",4,4,"Find the partial derivatives $\frac{\partial f}{\partial x}, \frac{\partial f}{\partial y}, \frac{\partial f}{\partial z}$ of the function
$$f:D=\{(x,y,z)\in\mathbb{R}^{3},\,x>0,y>0,z\in\mathbb{R}\}\rightarrow\mathbb{R},\,\,f(x,y,z)=x^{y^{z}}$$ at an arbitrary point.",Advanced,"$\frac{\partial f}{\partial x}=y^{z}\cdot x^{y^{z}-1},$

$\frac{\partial f}{\partial y}=zy^{z-1}\cdot x^{y^{z}}\cdot \ln x,$

$\frac{\partial f}{\partial z}=y^{z}\cdot x^{y^{z}}\cdot \ln x\cdot \ln y.$","$\frac{\partial f}{\partial x}=y^{z}\cdot x^{y^{z}-1},$

$\frac{\partial f}{\partial y}=y^{z}\cdot x^{y^{z}}\cdot \ln x,$

$\frac{\partial f}{\partial z}=x^{y}\cdot x^{y^{z}}\cdot \ln x.$","$\frac{\partial f}{\partial x}=y^{z}\cdot x^{y^{z}}\cdot \ln x,$

$\frac{\partial f}{\partial y}=zy^{z-1}\cdot x^{y^{z}}\cdot \ln x,$

$\frac{\partial f}{\partial z}=x^{y}\cdot x^{y^{z}}\cdot \ln x\cdot \ln y.$","$\frac{\partial f}{\partial x}=z\cdot x^{y^{z-1}},$

$\frac{\partial f}{\partial y}=zy^{z}\cdot x^{y^{z}-1}\cdot \ln x,$

$\frac{\partial f}{\partial z}=y^{z}\cdot x^{y^{z}}\cdot \ln x\cdot \ln y.$",,,2020-03-01 16:19:24+00,1,2020-05-08 17:15:42+00,37,3,2,
2041,81,"",18,10,"What are the components of $v = (5, 3, -1)$ in the basis $B=\{(1, -1, 3), (2, 0, 1), (3, 1, -2)\}$ of $\mathbb{R}^3$? ",Advanced,"$(-7, 12, -4)$","$(7, 12, -4)$","$(-4, 12, 7)$","$(-7, 12, 4)$",,,2019-11-22 04:00:06+00,1,2019-12-18 06:37:46+00,163,2,2,
1989,38,"",5,5,Find $\displaystyle \int \frac{x^2-1}{x+3} dx$,Basic,$\displaystyle \frac{x^2}{2} - 3x +8\ln \left|x+3\right|+C$,$\displaystyle \ln \left|x+3\right|+C$,$\displaystyle \frac{(x-3)^2}{2} +\ln \left|x+3\right|+C$,$\displaystyle \frac{x^2}{2} + 3x +\ln \left|x+3\right|+C$,,,2019-11-15 07:36:06+00,1,2019-12-07 11:05:29+00,52,2,4,
1990,58,"",4,4,"The differentiable function $f:\{\,(x,y)\in \mathbb{R}^{2};x\neq 0,\,y>0\}\rightarrow \mathbb{R},$
 $$f(x,y)=y^{\frac{y}{x}}\cdot \sin \left(\dfrac{y}{x}\right)$$ satisfies the equation",Advanced,"$x^{2}\cdot \dfrac{\partial f}{\partial x}(x,y)+xy\cdot \dfrac{\partial f}{\partial y}(x,y)=y\cdot f(x,y)$","$x\cdot \dfrac{\partial f}{\partial x}(x,y)+y\cdot \dfrac{\partial f}{\partial y}(x,y)=\dfrac{1}{x}\cdot f(x,y)$","$x^{2}\cdot \dfrac{\partial f}{\partial y}(x,y)+xy\cdot \dfrac{\partial f}{\partial x}(x,y)=xy\cdot f(x,y)$","$xy\cdot \dfrac{\partial f}{\partial x}(x,y)+y\cdot \dfrac{\partial f}{\partial y}(x,y)=y\cdot f(x,y)$",,,2020-03-01 16:22:20+00,1,2020-05-08 17:22:20+00,37,5,1,
1991,38,"",5,5,Find $\displaystyle \int \frac{x+1}{x^2+1} dx$.,Basic,$\displaystyle \frac{1}{2}\ln \left|x^2+1\right|+\arctan \left(x\right)+C$,$\displaystyle 2\ln \left|x^2+1\right|+\arctan \left(x\right)+C$,$\displaystyle \ln \left|x^2+1\right|+\frac{1}{2}\arctan \left(x\right)+C$,$\displaystyle 2\ln \left|x^2+1\right|+\frac{1}{2}\arctan \left(x\right)+C$,,,2019-11-16 14:42:23+00,1,2019-12-07 12:23:05+00,52,3,4,
1992,58,"",4,42,"If $\varphi$ is a real differentiable function defined on an open subset of $\mathbb{R}^{2},$ then the function
$f(x,y,z)=\varphi(xy,x^{2}+y^{2}-z^{2})$ satisfies the equation",Advanced,$xz\cdot \dfrac{\partial f}{\partial x}-yz\cdot \dfrac{\partial f}{\partial y}+(x^{2}-y^{2})\dfrac{\partial f}{\partial z}=0$ ,$xz\cdot \dfrac{\partial f}{\partial x}+yz\cdot \dfrac{\partial f}{\partial y}+(y^{2}-x^{2})\dfrac{\partial f}{\partial z}=0$ ,$z\cdot \dfrac{\partial f}{\partial x}-z\cdot \dfrac{\partial f}{\partial y}+z(x^{2}-y^{2})\dfrac{\partial f}{\partial z}=0$,$xz\cdot \dfrac{\partial f}{\partial x}-yz\cdot \dfrac{\partial f}{\partial y}+xy\dfrac{\partial f}{\partial z}=0$ ,,,2020-03-01 16:24:22+00,1,2020-05-08 17:27:26+00,37,4,3,
1993,38,"",5,5,Find $\displaystyle \int \sqrt[3]{1+7x}dx$.,Basic,$\displaystyle\frac{3}{28}\left(1+7x\right)^{\frac{4}{3}}+C$, $\displaystyle \frac{1}{7}\sqrt{1+7x}+C$, $\displaystyle \frac{1}{7}\sqrt[4]{1+7x}+C$,$\displaystyle\frac{28}{3}\left(1+7x\right)^{\frac{4}{3}}+C$,,,2019-11-16 14:53:30+00,1,2019-12-07 12:24:15+00,52,1,1,
1994,58,"",4,4,"If $f:\mathbb{R}^{2}\rightarrow\mathbb{R}$ is given by
$\ f(x,y)=\left\{
\begin{array}{ll}
 xy\frac{x^{2}-y^{2}}{x^{2}+y^{2}},\  (x,y)\neq (0,0)\\
  0,\ \ \  (x,y)=(0,0),
 \end{array}\right. $ 
 
then",Advanced,The mixed second order partial derivatives in the origin exist but are not equal,There are no mixed second order partial derivatives in the origin,The mixed second order partial derivatives in origin exist and are equal,The mixed second order partial derivatives exist and are equal in any point,,,2020-03-01 16:25:54+00,1,2020-06-17 04:52:23+00,64,3,2,
1995,38,"",5,5,Find $\displaystyle \int \frac{\cos ^2\left(x\right)}{\sin \left(x\right)}dx$.,Basic,$\displaystyle \ln \left|\tan \left(\frac{x}{2}\right)\right|+\cos \left(x\right)+C$,$\displaystyle \ln \left|\cot \left(\frac{x}{2}\right)\right|+\cos \left(x\right)+C$,$\displaystyle \tan\left(\frac{x}{2}\right)+\cos \left(x\right)+C$,$\displaystyle \ln\left|\tan \left(\frac{x}{2}\right)\right|-\cos \left(x\right)+C$,,,2019-11-16 15:14:48+00,1,2019-12-07 10:54:59+00,52,2,4,
1996,58,"",4,4,"Find the partial derivatives $\dfrac{\partial f}{\partial x}, \dfrac{\partial f}{\partial y}$ of the function
$f:\{(x,y)\in \mathbb{R}^{2},\,x\neq0\}\rightarrow\mathbb{R}$, $$f(x,y)=(x^{2}+y^{2})\cdot \cos \left(\dfrac{y}{x}\right)$$.",Basic,"$\dfrac{\partial f}{\partial x}(x,y)=2x\cos\left(\dfrac{y}{x}\right)+\dfrac{x^{2}y+y^{3}}{x^{2}}\sin\left(\dfrac{y}{x}\right);$
$\dfrac{\partial f}{\partial y}(x,y)=2y\cos\left(\dfrac{y}{x}\right)-\dfrac{x^{2}+y^{2}}{x}\sin\left(\dfrac{y}{x}\right)$","$\dfrac{\partial f}{\partial x}(x,y)=(2x+y^{2})\cos\left(\dfrac{y}{x}\right)-\dfrac{x^{2}y+y^{3}}{x^{2}}\sin\left(\dfrac{y}{x}\right);$
$\dfrac{\partial f}{\partial y}(x,y)=(x^{2}+2y)\cos\left(\dfrac{y}{x}\right)-\dfrac{x^{2}+y^{2}}{x}\sin\left(\dfrac{y}{x}\right)$","$\dfrac{\partial f}{\partial x}(x,y)=2x\cos\left(\dfrac{y}{x}\right)-\dfrac{x^{2}y+y^{3}}{x^{2}}\sin\left(\dfrac{y}{x}\right);$
$\dfrac{\partial f}{\partial y}(x,y)=2y\cos\left(\dfrac{y}{x}\right)+\dfrac{x^{2}-y^{2}}{x}\sin\left(\dfrac{y}{x}\right)$","$\dfrac{\partial f}{\partial x}(x,y)=2x\cos\left(\dfrac{y}{x}\right)+\dfrac{x^{2}y+y^{2}}{x^{2}}\sin\left(\dfrac{y}{x}\right);$
$\dfrac{\partial f}{\partial y}(x,y)=2y\cos\left(\dfrac{y}{x}\right)-\dfrac{x^{2}+y^{2}}{x^{2}}\sin\left(\dfrac{y}{x}\right)$",,,2020-03-01 16:27:37+00,1,2020-05-08 17:38:57+00,37,4,1,
1997,38,"",5,6,"Find $\displaystyle\iint\limits_{D} 1 dA$ where $ D = \left\{(x, y) :  0\leq x \leq 1, 0\leq y \leq x^3\right\}$.",Basic,"$\displaystyle\frac{1}{4}$
","$\displaystyle-\frac{1}{4}$
","$0$
",$x^3$,,,2019-11-18 09:38:20+00,1,2019-11-26 09:31:25+00,38,2,4,
1998,58,"",4,42,"If $f$ and $g$ are two $\mathcal{C}^{2}-$class functions on real intervals, then the function
$$z(x,y)=f(x\cdot y)+\sqrt{xy}\cdot g\Big(\frac{y}{x}\Big)$$ satisfies the equation",Advanced,"$x^{2}\dfrac{\partial^{2}z}{\partial x^{2}}(x,y)-y^{2}\dfrac{\partial^{2}z}{\partial y^{2}}(x,y)=0$","$x\dfrac{\partial^{2}z}{\partial x^{2}}(x,y)-y\dfrac{\partial^{2}z}{\partial y^{2}}(x,y)=0$","$x^{2}\dfrac{\partial^{2}z}{\partial x^{2}}(x,y)+y^{2}\dfrac{\partial^{2}z}{\partial y^{2}}(x,y)=z(x,y)$","$x^{2}\dfrac{\partial^{2}z}{\partial x^{2}}(x,y)-y^{2}\dfrac{\partial^{2}z}{\partial y^{2}}(x,y)=z(x,y)$",,,2020-03-01 16:29:13+00,1,2020-06-17 07:32:51+00,64,5,3,
1999,38,"",5,6,"Find $\displaystyle\iint\limits_{D} 1 \, dA$, where $D =  \left\{(x, y) :  -3\leq x \leq 3, \, 0\leq y, \,y \leq e^x, \, y \leq e^{-x}\right\}$.",Basic,"$\displaystyle\frac{-2}{e^{3}} + 2$ 
","$\displaystyle2\left(1-\frac{1+e^6}{2e^3}\right)$
",$6$,$\displaystyle\frac{e^3}{9}$,,,2019-11-18 10:15:59+00,1,2019-11-26 09:30:41+00,38,3,3,
2001,38,"",5,6,"Find  $\displaystyle\iint\limits_D \frac{3}{(x+y+1)^3}\, dA$ with  $\displaystyle D =\{ (x, y): 0\leq y \leq 2 , 0\leq x \leq 1\}$.",Basic,"$\displaystyle\frac{5}{8}$
","$\displaystyle-\frac{12}{5}$
","$\displaystyle-\frac{4}{3}$
",$\displaystyle\frac{4}{3}$,,,2019-11-18 10:20:20+00,1,2019-11-26 09:31:34+00,38,2,4,
2002,58,"",4,4,"If $f:\mathbb{R}^{2}\rightarrow\mathbb{R}$ is given by
$\ f(x,y)=\left\{
\begin{array}{ll}
 e^{-\frac{1}{x^{2}+y^{2}}},\  (x,y)\neq (0,0)\\
  0,\ \ \  (x,y)=(0,0),
 \end{array}\right. $

then",Advanced,"$f$ is differentiable at the point $(0,0)$ 
","$f$ is not differentiable at the point $(0,0)$","$f$ is partially differentiable at the point $(0,0)$, but it is not differentiable at $(0,0)$ ","$f$ is differentiable at the point $(0,0)$, but it is not partially differentiable at $(0,0)$ ",,,2020-03-01 16:32:31+00,1,2020-06-17 04:55:20+00,64,2,5,
2003,38,"",5,6,"Find $\displaystyle\int_{-1}^{1}\int_{2x^2}^{1+x^2}x+2y\,dydx$",Basic,"$\displaystyle\frac{32}{15}$ 
","$\displaystyle\frac{49}{30}$
","$\displaystyle\frac{10}{3}$
",$\displaystyle\frac{98}{3}$,,,2019-11-18 10:46:56+00,1,2019-11-26 09:31:40+00,38,3,3,
2004,61,"",16,,"The integral curve which satisfies the differential equation $$x+xx'=tx-x',$$ with the initial condition $x(2)=1,$ is",Basic,$t-\frac{1}{2}t^{2}+x+\ln |x|=1$,$t-\frac{1}{2}t^{2}+x-\frac{1}{x^{2}}=1$,$t+\frac{1}{2}t^{2}+x+\ln |x|=0$,$t-\frac{1}{2}t^{2}-x+\frac{1}{x^{2}}=0$,,,2020-03-07 05:43:01+00,2,2020-03-27 12:29:49+00,38,1,1,
2005,38,"",5,6,Find the area bounded by the circunference $x^2+y^2=1$ and $x^2+y^2=9$ using double integration and polar coordinates.,Basic,$8\pi$,$2\pi$,$10\pi$,$4\pi$,,,2019-11-18 11:04:37+00,1,2019-11-26 09:31:51+00,38,2,4,
2006,61,"",16,,The general solution of the differential equation $$x'=t\cdot e^{x-t}$$ is ,Basic,"$x(t)=-\ln(te^{-t}+e^{-t}+C),$ where $C\in \mathbb{R}$","$x(t)=\ln(te^{-t}-e^{-t}-C),$ where $C\in \mathbb{R}$","$x(t)=\ln(te^{t}+e^{t}+C),$ where $C\in \mathbb{R}$","$x(t)=-\ln(te^{-t}-e^{t}+C),$ where $C\in \mathbb{R}$",,,2020-03-07 05:44:44+00,1,2020-03-27 12:36:14+00,38,4,1,
2007,42,"",3,37,"Let $f\colon \mathbb{R}\to\mathbb{R}$ be the function defined by
\[
f(x)=
\begin{cases}
\frac{\sin x}{x} &\text{if $x<0$,}\\
\frac{\cos x}{e^x} &\text{if $x\ge 0$.}
\end{cases}
\]
Which of the following statements is false?",Basic,$f$ is monotone,$f$ is continuous,$f$ is bounded,$\lim_{x\to 0} f(x) = 1$,,,2019-11-19 02:31:20+00,1,2019-12-07 12:04:15+00,52,4,3,
2008,61,"",16,,The general solution of the differential equation $$(1+e^{t})x'+x=1$$ is,Basic,"$x(t)=1+C(1+e^{-t}),$ where $C\in \mathbb{R}$","$x(t)=1+C(1+e^{t}),$ where $C\in \mathbb{R}$","$x(t)=e^{-t}+C,$ where $C\in \mathbb{R}$","$x(t)=Ce^{-t},$ where $C\in \mathbb{R}$",,,2020-03-07 05:47:30+00,1,2020-03-27 15:03:38+00,38,4,1,
2009,42,"",3,37,"Calculate
\[
\lim_{x\to 0^+} x^x.
\]",Advanced,$1$,$+\infty$,$0$,The limit does not exist,,,2019-11-19 02:38:27+00,1,2019-12-07 11:11:50+00,52,2,2,
2010,61,"",16,,The general solution of the differential equation $$x'+4x=3e^{2t}\cdot x^{2}$$ is,Advanced," $\displaystyle x(t)=\frac{2}{3e^{2t}+2Ce^{4t}},$ where $C\in \mathbb{R}$","$x(t)=2(3e^{2t}+Ce^{4t}),$ where $C\in \mathbb{R}$","$x(t)=\displaystyle\frac{1}{3e^{2t}-Ce^{4t}},$ where $C\in \mathbb{R}$","$x(t)=\displaystyle\frac{2}{e^{2t}+e^{4t}+C},$ where $C\in \mathbb{R}$",,,2020-03-07 05:49:02+00,1,2020-03-27 16:57:09+00,38,4,1,
2011,42,"",3,37,"Let $f\colon (0,+\infty)\to \mathbb{R}$ be the function defined by
\[
f(x)=x^x.
\]
Which of the following statements is false?",Advanced,$f$ is nondecreasing,$\lim_{x\to 0} f(x) =1$,$\lim_{x\to +\infty} \frac{f(x)}{e^x} =+\infty$,$f$ is continuous,,,2019-11-19 02:44:22+00,1,2019-12-07 11:11:03+00,52,4,3,
2012,61,"",16,,The integral curves which satisfies the differential equation $$x'=\frac{3t^{2}+x^{2}}{tx}$$ are,Basic,"$x^{2}(t)=6t^{2}(\ln|t|+C),$ where $C\in \mathbb{R}$","$x^{2}(t)=t^{2}(C-\frac{1}{t^{2}}),$ where $C\in \mathbb{R}$","$x(t)=t^{2}(\ln|t|+C),$ where $C\in \mathbb{R}$","$x(t)=6t^{2}(C-\frac{1}{t^{2}}),$ where $C\in \mathbb{R}$",,,2020-03-08 15:38:49+00,1,2020-03-27 15:53:19+00,38,4,1,
2013,42,"",3,39,"Let $f$ and $g$ be two functions defined on $\mathbb{R}$. Which of the following statements is true?
",Basic,$(f\circ g)^2=f^2\circ g$,$(f\circ g)^2=f\circ g^2$,$(f\circ g)^2=f^2\circ g^2$,$(f\circ g)^2=(g\circ f)^2$,,,2019-11-19 02:51:56+00,1,2019-12-07 11:57:56+00,52,3,2,
2014,61,"",16,,The integral curves which satisfies the exact differential equation $$(x^{3}-x^{2}\cdot\sin (t)-t)dt+(3tx^{2}+2x\cdot\cos (t)+e^{2x})dx=0 $$ are,Basic,"$tx^{3}+x^{2}\cdot\cos (t)-\frac{1}{2}t^{2}+\frac{1}{2}e^{2x}=C,$ where $C\in \mathbb{R}$","$tx^{2}+x^{2}\cdot\sin (t)-\frac{1}{2}t^{2}+\frac{1}{2}e^{2x}=C,$ where $C\in \mathbb{R}$","$tx^{3}+x^{2}\cdot\cos (t)-\frac{1}{2}t^{2}-\frac{1}{2}e^{x}=C,$ where $C\in \mathbb{R}$","$tx^{3}+x^{2}\cdot\sin (t)-\frac{1}{2}-\frac{1}{2}e^{2x}=C,$ where $C\in \mathbb{R}$",,,2020-03-08 15:40:57+00,1,2020-03-27 17:03:42+00,38,5,3,
2015,42,"",3,39,"Let $f$, $g$ and $h$ be functions defined on $\mathbb{R}$. Which of the following statements is true?",Advanced,$f\circ h + g\circ h= (f+g)\circ h$,$f\circ g+f\circ h=f\circ (g+h)$,$f\circ h + g\circ h= (f+g)\circ (2h)$,$f\circ g+f\circ h=(2f)\circ (g+h)$,,,2019-11-19 03:03:56+00,1,2019-12-07 11:49:48+00,52,3,2,
2016,61,"",16,,"Consider the non-exact differential equation $$(2y^{2}+3x+\frac{2}{x^{2}})+(2xy-\frac{y}{x})y'=0 $$ on the set $D=\{(x,y)\in \mathbb{R},\,x>0\}.$
The integrating factor and the integral curves are
",Advanced,"$\mu(x)=x$, respectively $x^{2}y^{2}+x^{3}+2\ln (x)-\frac{1}{2}y^{2}=C,\,\,C\in \mathbb{R}$","$\mu(x)=x$, respectively $x^{2}y^{2}-y^{3}+2\ln  (x)-\frac{1}{2}x^{2}=C,\,\,C\in \mathbb{R}$","$\mu(x)=\frac{1}{x}$, respectively $x^{2}y^{2}+\frac{1}{x}+2\ln(y)-\frac{1}{2}y^{2}=C,\,\,C\in \mathbb{R}$
","$\mu(x)=\frac{1}{x}$, respectively $x^{2}y^{2}+\frac{1}{y}+2\ln(y)-\frac{1}{2}x^{2}=C,\,\,C\in \mathbb{R}$",,,2020-03-08 15:42:36+00,1,2020-03-27 16:10:33+00,38,5,3,
2017,42,"",3,39,Let $f$ and $g$ be two functions defined on $\mathbb{R}$. Which of the following statements is false?,Advanced,If $f$ is periodic then $f\circ g$ is periodic.,If $g$ is periodic then $f\circ g$ is periodic.,If $f$ and $g$ are nondecreasing then $f\circ g$ is nondecreasing.,If $f$ and $g$ are monotone then $f\circ g$ is monotone.,,,2019-11-19 03:10:07+00,1,2019-12-07 11:54:19+00,52,4,3,
2018,61,"",16,,The general solution of the differential equation $$x''-2x'+x=e^{t}+e^{-t}\sin (t) $$ is,Advanced,"$x(t)=C_{1}e^{t}+C_{2}te^{t}+\frac{1}{2}t^{2}e^{t}+\frac{3}{25}e^{-t}\sin(t)+\frac{4}{25}e^{-t}\cos (t),\,\,C_{1}, C_{2}\in \mathbb{R}$","$x(t)=C_{1}e^{t}+C_{2}e^{t}+\frac{1}{2}t^{2}e^{t}-\frac{3}{25}e^{-t}\sin (t)+\frac{4}{25}e^{-t}\cos (t),\,\,C_{1}, C_{2}\in \mathbb{R}$","$x(t)=C_{1}e^{t}+C_{2}te^{t}+\frac{1}{2}te^{t}+\frac{3}{25}e^{-t}\sin(t)+\frac{4}{25}e^{-t}\cos (t),\,\,C_{1}, C_{2}\in \mathbb{R}$","$x(t)=C_{1}e^{t}+\frac{1}{2}t^{2}e^{t}-\frac{3}{25}e^{-t}\sin(t)+\frac{4}{25}e^{-t}\cos(t),\,\,C_{1}, C_{2}\in \mathbb{R}$
",,,2020-03-08 15:44:16+00,1,2020-03-27 15:57:03+00,38,3,2,
2019,42,"",3,37,"Let $f\colon \mathbb{R}\setminus\{0\}\to \mathbb{R}$ be the function defined by
\[
f(x)=\frac{\sin x}{x}.
\]
Which of the following statements is false?",Basic,$f$ is monotone,$f$ admits a unique continuous extension to the whole real line,$f$ is bounded,$\lim_{x\to \pm\infty} f(x)=0$,,,2019-11-21 08:27:52+00,1,2019-12-07 11:15:02+00,52,4,3,
2020,61,"",16,,"The general solution of the Euler equation $$t^{2}x''+tx'+4x=\sin(\ln (t)),\,\,t>0 $$ is",Advanced,"$x(t)=C_{1}\sin(\ln t^{2})+C_{2}\cos(\ln t^{2})+\frac{1}{3}\sin(\ln t),$ where $C_{1}, C_{2}\in \mathbb{R}$","$x(t)=C_{1}\sin(\ln t)-C_{2}\cos(\ln t)+\frac{1}{3}\sin(\ln t),$ where $C_{1}, C_{2}\in \mathbb{R}$","$x(t)=C_{1}\sin(\ln t^{2})+C_{2}\cos(\ln t^{2})+\frac{1}{3}\cos(\ln t),$ where $C_{1}, C_{2}\in \mathbb{R}$","$x(t)=C_{1}\sin(\ln t)-C_{2}\cos(\ln t)+\frac{1}{3}\cos(\ln t),$ where $C_{1}, C_{2}\in \mathbb{R}$",,,2020-03-08 15:45:55+00,1,2020-03-28 05:01:06+00,38,4,1,
2021,42,"",3,39,Let $f\colon\mathbb{R}\to\mathbb{R}$ be an even function. Which of the following statements is certainly true?,Basic,"For every function $g\colon\mathbb{R}\to\mathbb{R}$, $g\circ f$ is even","For every function $g\colon\mathbb{R}\to\mathbb{R}$, $f\circ g$ is even",$f$ is continuous,"For every $x\in \mathbb{R}$, $f(x)\ge 0$",,,2019-11-21 08:34:04+00,1,2019-12-09 06:52:10+00,52,3,3,
2022,61,"",16,,The general solution of the differential equation $$x''-2x'+2x=e^{t}(2\cos( t)-4t\sin (t)) $$ is,Advanced,"$x(t)=e^{t}(C_{1}\cos (t)+C_{2}\sin (t)+t^{2}\cos (t)),$ where $C_{1}, C_{2}\in \mathbb{R}$","$x(t)=e^{t}(C_{1}\cos (t)-C_{2}\sin (t)+t\cos (t)),$ where $C_{1}, C_{2}\in \mathbb{R}$","$x(t)=e^{-t}(C_{1}\cos( t)+C_{1}\sin (t)-t^{2}\cos (t)),$ where $C_{1}, C_{2}\in \mathbb{R}$","$x(t)=e^{-t}(C_{1}\cos (t)+C_{1}\sin (t)+t\cos (t)),$ where $C_{1}, C_{2}\in \mathbb{R}$",,,2020-03-08 15:47:43+00,1,2020-06-19 15:35:22+00,38,4,1,
2023,42,"",3,39,Let $f\colon\mathbb{R}\to\mathbb{R}$ be an even function and $g\colon\mathbb{R}\to\mathbb{R}$ be an odd function. Which of the following statements is certainly true?,Basic,$g\circ f$ and $f\circ g$ are even ,$g\circ f$ is even and $f\circ g$ is odd,$g\circ f$ is odd and $f\circ g$ is even,$g\circ f$ and $f\circ g$ are odd,,,2019-11-21 08:40:15+00,1,2019-12-07 11:18:38+00,52,2,2,
2025,155,"",15,41,"Find the limit:

$\lim\limits_{\left( x,y\right) \rightarrow \left( 0,0\right) }\left( x\sin
\frac{1}{y}+y\sin \frac{1}{x}\right) .$
",Basic,$0$,The limit does not exist,$1$,$2$,,,2020-05-20 05:41:34+00,1,2020-06-18 07:38:22+00,67,3,4,
2026,155,"",15,41,"Find the limit:

$\lim\limits_{\left( x,y\right) \rightarrow \left( \infty ,\infty \right) }%
\frac{x}{y}e^{-\left( x-y\right) }$.",Basic,The limit does not exist.,$0$,$1$,$\infty $,,,2020-05-20 05:44:13+00,1,2020-06-18 07:38:54+00,67,2,3,
2027,81,"",18,10,"Consider the vectors $v_1=(1, -2)$ and $v_2=(3, 0)$ of $\mathbb{R}^2$. The sets $A_1=\{v_1\}$ and $A_2=\{v_1, v_2\}$ span the subspaces $S_1$ and $S_2$, respectively. Choose the right answer: ",Basic,"$S_1=\{(x,y)\in \mathbb{R}^2: y+2x=0\}$ and $S_2=\mathbb{R}^2$.",$S_1=S_2=\mathbb{R}^2$.,"$S_1=S_2=\{(x,-2x): x \in \mathbb{R}\}$.","$S_1=\{(-\dfrac{1}{2}y, -2x): x, y\in \mathbb{R}\}$ and $S_2=\mathbb{R}^2$.",,,2019-11-22 03:35:55+00,1,2019-12-13 07:48:53+00,163,3,3,
2028,155,"",15,41,"Find the limit:

$\lim\limits_{\left( x,y\right) \rightarrow \left( 0,0\right) }\left(
1+x^{2}\left\vert y\right\vert \right) ^{\frac{1}{x^{2}+y^{2}}}.$",Basic,$1$,The limit does not exist.,$0$,$e$,,,2020-05-20 05:46:06+00,1,2020-06-18 07:39:29+00,67,4,5,
2029,81,"",18,10,"Let $A= \{(1, 4, 5), (0, 7, -2)\}$ and $B= \{(2, -1, 3), (-4, 0, 2), (2, 1, -5)\}$ be sets of vectors of $\mathbb{R}^3$. Choose the right answer: ",Basic,$A$ is linearly independent but $B$ is not.,$A$ and $B$ are linearly independent.,$A$ and $B$ are linearly dependent.,$B$ is linearly independent but $A$ is not.,,,2019-11-22 03:44:13+00,1,2019-12-13 07:56:12+00,163,1,2,
2030,155,"",15,41,"Find the limit:

$\lim\limits_{\left( x,y\right) \rightarrow \left( 0,0\right) }\frac{x-y^{2}%
}{xy^{2}}.$",Basic,The limit does not exist.,$0$,$\infty $,$1$,,,2020-05-20 05:48:07+00,1,2020-06-18 07:40:16+00,67,3,4,
2031,81,"",18,10,"Consider the vectors $v_1=(1, -2)$, $v_2=(3, 0)$ and the subspaces $S_1=span \left\{v_1\right\}$ and $S_2=span \left\{v_1, v_2\right\}$ of $\mathbb{R}^2$. Choose the right answer:

",Basic,"$S_1=\{(x,y)\in \mathbb{R}^2: y+2x=0\}$ and $S_2=\mathbb{R}^2$.",$S_1=S_2=\mathbb{R}^2$.,"$S_1=S_2=\{(x,-2x): x \in \mathbb{R}\}$.","$S_1=\{(-\dfrac{1}{2}y, -2x): x, y\in \mathbb{R}\}$ and $S_2=\mathbb{R}^2$.",,,2019-11-22 03:47:55+00,1,2019-12-18 06:31:05+00,163,3,3,
2032,155,"",15,41,"Find the limit:

$\lim\limits_{\left( x,y\right) \rightarrow \left( 3,\infty \right) }\frac{%
xy-2}{y+1}.$",Basic,$3$,The limit does not exists.,$0$,$-2$,,,2020-05-20 06:31:45+00,1,2020-06-15 04:25:49+00,67,2,3,
2033,81,"",18,10,"Consider the space $M_{2\times 2}(\mathbb{R})$ of the real matrices of order $2$ and the subspaces 
$$S_1=\left\{ \left[\begin{array}{ll}
 2a-1  & b  \\
  c & a  
\end{array}\right]: a, b, c\in \mathbb{R}\right\}, \quad S_2=\left\{ \left[\begin{array}{ll}
 2a-b  & b  \\
  a & c  
\end{array}\right]: a, b, c\in \mathbb{R}\right\}.$$ 
Choose the correct answer:",Advanced,$S_2$ is a subspace of $M_{2\times 2}(\mathbb{R})$ of dimension $3$ but $S_1$ is not vector space.,$S_1$ is a subspace of $M_{2\times 2}(\mathbb{R})$ of dimension $3$ but $S_2$ is not vector space.,"$S_1$ and $S_2$ are both vector subspaces of $M_{2\times 2}(\mathbb{R})$ of dimension $3$.
", $S_1$ and $S_2$ are both vector subspaces of $M_{2\times 2}(\mathbb{R})$ of dimension $2$,,,2019-11-22 03:50:17+00,1,2019-12-13 08:03:42+00,163,4,3,
2034,155,"",15,41,"Find the limit:

$\lim\limits_{\left( x,y\right) \rightarrow \left( e,0\right) }\frac{\left(
x-e\right) ^{2}\ln x}{\left( x-e\right) ^{2}+y^{2}}.$",Basic,$1$,The limit does not exist.,$0$,$e$,,,2020-05-20 06:58:57+00,1,2020-06-18 07:40:58+00,67,4,5,
2035,81,"",18,10,"Consider the subspace of $\mathbb{R}^3$ 
$$S=\{(x, y, z)\in \mathbb{R}^3: x-2y+3z=0\}.$$
A base of $S$ is the set:",Basic,"$\{(2,1, 0), (-3, 0, 1)\}$ ","  $\{(2,1, 0)\}$","$\{(1,-2,3)\}$
","$\{(1,0, 0), (0,1,0), (0, 0, 1)\}$",,,2019-11-22 03:52:22+00,1,2019-12-13 08:04:21+00,163,3,3,
2036,155,"",15,41,"Find the limit:

$\lim\limits_{\left( x,y,z\right) \rightarrow \left( \frac{\pi }{12},\frac{%
\pi }{12},\frac{\pi }{2}\right) }\left( \cos ^{2}x+\sin ^{2}y+\sin z\right)
. $",Basic,$2$,$0$,$1$,The limit does not exist.,,,2020-05-20 08:41:20+00,1,2020-06-18 07:41:27+00,67,1,1,
2037,81,"",18,10,Consider the subspace $S$ of the upper triangular matrices of order $2$ whose trace is null. A base of the vector space S is:,Basic,"$\left\{ \left[\begin{array}{rr}
 1  & 0  \\
  0 & -1  
\end{array}\right], \quad  \left[\begin{array}{rr}
 -2  & 3  \\
  0 & 2 
\end{array}\right]\right\}$ ","$\{\left\{ \left[\begin{array}{rr}
 1  & 3  \\
  0 & -1  
\end{array}\right], \quad  \left[\begin{array}{rr}
 2  & 0  \\
  0 & 2 
\end{array}\right]\right\}$ 
  
"," $\left\{ \left[\begin{array}{rr}
 2  & 1  \\
  0 & -2  
\end{array}\right]\right\}$","$\left\{ \left[\begin{array}{rr}
 1  & 0  \\
  0 & -2  
\end{array}\right], \quad \left[\begin{array}{rr}
 0  & 3  \\
  0 & 0 
\end{array}\right]\right\}$  ",,,2019-11-22 03:54:47+00,1,2019-12-13 08:06:31+00,163,5,4,
2038,155,"",15,41,"At what points in space is $f(x,y,z)$ is continuous?

$f(x,y,z)=z+\sqrt{x^{2}+y^{2}-1}$",Basic,$f$ is continuous outside the cylinder of radius 1 along the z-axis,$f$ is continuous as long as $x^{2}+y^{2}<1$,$f$ is always continuous,"$f$ is continuous for all $(x,y,z)$ except $(0,0,0)$",,,2020-05-20 08:58:51+00,1,2020-06-18 07:41:46+00,67,2,3,
2039,81,"",18,10,"Consider the vectors $v_1=(1, -2, 3)$, $v_2=(3, 0, 4)$ e $v_3=(1, 4, -2)$ of $\mathbb{R}^3$ and let $A$ be the matrix whose columns are $v_1, v_2, v_3$. 
The null space $N_A$ of $A$  and the dimension $dim(C_A)$ of the space generated by the columns of $A$ are respectively: ",Advanced,"$N_A=\{(2x, -x, x): x\in \mathbb{R}\}$,   $dim(C_A)=2$.

","$N_A=\{(0, 0, 0)\}$, $dim(C_A)=3$.","$N_A=\{(-8x, 5x, 6x): x\in \mathbb{R}\}$,  $dim(C_A)=2$.","$N_A=\{(-8x, 5y, 6x): x, y\in \mathbb{R}\}$,  $dim(C_A)=1$.",,,2019-11-22 03:57:22+00,1,2019-12-18 06:36:04+00,163,4,3,
2040,155,"",15,41,"At what points in plane is $f(x,y)$ is continuous?

$f(x,y)=\arctan \frac{y}{x}$
",Basic,$f$ is continuous on $\mathbf{R}^{2}\backslash \left\{ x=0\right\} $,$f$ is continuous on $\mathbf{R}^{2}$,$f$ is continuous on $\mathbf{R}^{2}\backslash \left\{ y=0\right\} $,"$f$ is continuous on $\mathbf{R}^{2}\backslash \left\{ \left( 0,0\right)
\right\} $",,,2020-05-20 09:50:54+00,1,2020-06-15 04:24:26+00,67,2,3,
2042,155,"",12,13,"Find and classify all the critical points of the following function:
$f(x,y)=x^{2}-xy+y^{2}-3y$",Basic,"$\left( 1,2\right) $ is a minimizer","$\left( 1,2\right) $ is maximizer","$\left( 2,1\right) $ ia a minimizer","$\left( 2,1\right) $ is a maximizer",,,2020-05-28 15:52:44+00,1,2020-06-17 04:42:56+00,38,2,4,
2043,81,"",18,10,Indicate which of the following is not a subspace of $M_{n\times n}$.,Advanced,"The set of all $n\times n$ matrices $A$ such $det(A)=0$.
",The set of all diagonal $n\times n$ matrices.,"The set of all  $n\times n$ matrices $A$ such $a_{ii}=0$ for every $i=1,...,n$.",The set of all $n\times n$ matrices $A$ such $A^T=A$. ,,,2019-11-22 04:02:05+00,1,2019-12-18 06:39:05+00,163,5,4,
2044,155,"",12,13,"Find and classify all the critical points of the following function:

$f(x,y)=\left( y-2\right) x^{2}-y^{2}$",Basic,"$\left( 0,0\right) $ is a maximizer

$\left( 2,2\right) $ saddle point

$\left( -2,2\right) $ saddle point
","$\left( 0,0\right) $ saddle point

$\left( 2,2\right) $  is a maximizer

$\left( -2,-2\right) $ saddle point","$\left( 0,0\right) $ saddle point

$\left( 2,2\right) $  is a maximizer

$\left( -2,-2\right) $  is a maximizer
","$\left( 0,0\right) $  is a maximizer

$\left( 0,2\right) $ saddle point

$\left( -2,0\right) $ saddle point",,,2020-05-28 15:56:44+00,1,2020-06-17 05:17:10+00,38,3,1,
2045,81,"",18,10,"Let $S=span \left\{(1,0,-3),(0,2,-2),(3,2,-11)\right\}$. Choose the right answer.",Advanced,"$\left\{(1,0,-3), (0, 1,-1)\right\}$ is a basis for $S$.",$dim(S)=3$,"$S=\left\{(x,y,3x-y):x,y\in \mathbb{R} \right\}$.","$\left(5,-2,1\right)\in S$.",,,2019-11-22 04:03:58+00,1,2019-12-18 06:40:44+00,163,4,3,
2046,81,"",18,10,"Consider the family of vectors $u=(1,a)$ and $v=(2,b)$ in $\mathbb{R}^2$. Which one of the following conditions guarantees that $u$ and $v$ are linearly independent?",Basic, $ b\neq 2a$.,$a=1 \wedge b=2$.,$a\neq b$.,"$b=ka,$ with $ k\in \mathbb{R}$.",,,2019-11-22 04:06:40+00,1,2019-12-18 06:43:17+00,163,5,4,
2047,155,"",12,13,"Find the maximum and minimum values of $f(x,y)=x^{2}+y^{2}$ subject to the constraint $x+2y=3.$
",Basic,The minimum value of $f$ is $\dfrac{9}{5}$,The maximum value of $f$ is $\dfrac{9}{5}$,The maximum value of $f$ is $\dfrac{9}{5}$ and the minimum value of $f$ is $0$,The maximum value of $f$ is $\dfrac{9}{5}$ and the minimum value of $f$ is $-\dfrac{9}{5}$,,,2020-06-07 15:48:53+00,1,2020-12-20 13:58:34+00,37,2,4,
2048,81,"",18,10,"Consider the bases $B=\left\{(-1,2),(1,-1)\right\}$ and $B'=\left\{(0,-1),(4,-3)\right\}$ for $\mathbb{R}^2$. The change of basis matrix from $B$ to $B'$ is:",Basic,"$\left[\begin{array}{rr}
      -1 & 1 \\
	-1 & 5
    \end{array}\right]$.","$\left[\begin{array}{rr}
      -2 & 1 \\
      1 & 5
    \end{array}\right]$.","$\left[\begin{array}{rr}
      -1 & -1 \\
      -1 & -5 
    \end{array}\right]$.","$\left[\begin{array}{rr}
      1 & 4 \\
   -1 & -3
    \end{array}\right]$.",,,2019-11-22 04:08:41+00,1,2019-12-18 06:46:04+00,163,4,4,
2049,81,"",18,10,"Consider the subset $A=\{(1, 0, 1, 0), (0, 2, 0, 1), (1, 1, -1, -2)\}$ of  $\mathbb{R}^4$. Choose the right answer:",Basic,"$A$ is an orthogonal basis of the space $S=\{(x, y, z, w)\in\mathbb{R}^4: -5x+2y+5z-4w=0\}$.",$A$ is an orthogonal basis of $\mathbb{R}^4$.,"$A$ is an non-orthogonal basis of the space $S=\{(x, y, z, w)\in\mathbb{R}^4: -5x+2y+5z-4w=0\}$. ",$A$ is an orthogonal basis of $\mathbb{R}^3$. ,,,2019-11-22 04:10:21+00,1,2019-12-18 06:51:52+00,163,1,2,
2050,155,"",12,13,"Find the maximum and minimum values of $f:\mathbb{R}^{2}\mathbb{%
\rightarrow R},f(x,y)=x^{2}+y$ subject to the constraint $x^{2}+y^{2}-1=0$.
",Basic,$f_{\min }=-1$,$f_{\max }=-1$,$f_{\min }=1$,"$f_{\min }=0$

$f_{\max }=1$",,,2020-06-09 10:14:53+00,1,2020-12-20 14:33:23+00,37,2,4,
2051,81,"",18,10,"Consider $span\{(1, 1, 3), (2, -4, 0), (1, -5, -3), (4, -2, 6)\}$.  A basis for it is:",Advanced,"$\{(1, -2, 0), (0, 1, 1)\}$.","$\{(1, 2, 0), (0, 0, 1)\}$ ","$\{(1, -2, 1), (0, 1, 1)\}$","$\{(1, 0, -4), (0, 1, -7)\}$ ",,,2019-11-22 04:12:04+00,1,2019-12-18 07:03:20+00,163,1,2,
2052,50,"",7,2,"Simplify , expressing the answer with the positive indices only:

$\dfrac{(6x^2  \times  4x^{-2})}{2x^{-1}}$ ",Basic,12$x$,3$x$,$12x^{-1}$,$3x^{-1}$,,,2020-06-11 09:34:07+00,1,2020-06-17 15:38:36+00,37,2,3,
2053,81,"",18,10,"Which vectors $u$ and $v$ are perpendicular to $w=(2, 1, -2)$ and are linearly independent?",Advanced,"$u=(3, 0, 3)$, $v=(1, -2, 0)$.","$u=(1, 0, 1)$, $v=(3, 0, 3)$ ","$u=(1, 0, 3)$, $v=(1, 2, 0)$ ","$u=(1, 2, 2)$, $v=(2, 4, 4)$ ",,,2019-11-22 04:14:57+00,1,2019-12-13 08:22:42+00,163,4,4,
2054,50,"",7,2,"Simplify

$(x^\frac{1}{2} y^3  z^{-3})(x^\frac{1}{4} y^\frac{1}{2} z^2)$",Basic,$x^\frac{3}{4} y^\frac{7}{2}  z^{-1}$,$x^\frac{1}{6} y^\frac{3}{2}  z^{-1}$,$x^\frac{1}{8} y^\frac{7}{2}  z^{-1}$,$x^\frac{1}{8} y^\frac{7}{2}  z^{5}$,,,2020-06-11 09:57:29+00,1,2020-06-17 15:39:51+00,37,2,3,
2055,72,"",18,11,"Consider the linear transformation $T: \mathbb{R}^2 \rightarrow \mathbb{R}^3$ defined by $T(x,y)=(x,x+2y,2x-y)$ and the basis $A=\left\{(1,0),(1,1)\right\}$ and $B=\left\{(1,0,0),(1,1,0),(1,1,1)\right\}$ of $\mathbb{R}^2$ and $\mathbb{R}^3$, respectively. Choose the right answer.",Advanced,The transformation is injective,$range(T)=\mathbb{R}^3$,"The transformation matrix T relative to the basis $A$ and $B$ is $\left[\begin{array}{rrr}
 0  & -1 & 2\\
 -2 & 2 & 1
  \end{array}\right]$","$T(1,2)=(1,5,3)$",,,2019-11-22 05:12:32+00,1,2019-12-11 07:57:38+00,61,4,4,
2056,155,"",12,13,"Find the maximum and minimum values of $f:\mathbb{R}^{3}\mathbb{%
\rightarrow R},f(x,y,z)=6x+y$ subject to the constraints $%
4x-3y=9,x^{2}+z^{2}=9.$",Basic,"$f_{\min }=-25$

$f_{\max }=19$"," $f_{\min }=-19$

$f_{\max }=25$","$f_{\min }=-1$

$f_{\max }=19$
","$f_{\min }=-25$

$f_{\max }=1$",,,2020-06-12 05:03:58+00,1,2020-12-20 14:36:51+00,37,1,3,
2057,72,"",18,11,"Consider the linear transformation  $$T:\mathbb{R}^3 \longrightarrow \mathbb{R}^2:T(x,y,z)=(x-2y-z,-y+2z).$$ Choose the wrong answer.",Advanced,$dim \left(Ker(T)\right)=3$,"$Ker(T)=\left\{(5z,2z,z): z\in \mathbb{R}\right\}$",$range(T)=\mathbb{R}^2$,$dim\left(range(T)\right)=2$,,,2019-11-22 05:25:03+00,1,2019-12-11 07:59:39+00,61,4,4,
2058,155,"",12,13,"Find the absolute minimum and absolute maximum of $f:\mathbb{R}%
^{2}\rightarrow \mathbb{R},$ $f(x,y)=x^{2}+y^{2}-2x-2y+4,$ on the disk of radius 9, $x^{2}+y^{2}\leq 9.$",Basic,"$f_{\min }=2$

$f_{\max }=6\sqrt{2}+13$","$f_{\min }=6\sqrt{2}-13$

$f_{\max }=2$","$f_{\min }=0$

$f_{\max }=-6\sqrt{2}+13$","$f_{\min }=2$

$f_{\max }=-6\sqrt{2}+13$",,,2020-06-12 05:09:23+00,1,2020-12-20 15:10:14+00,37,1,3,
2059,72,"",18,11,"Let $T:\mathbb{R}^4 \longrightarrow \mathbb{R}$ be the linear transformation defined by $T(x_1,x_2,x_3,x_4)=x_1+2x_2-x_3$. Choose the right answer.",Advanced,"$\forall b\in \mathbb{R}, \left(2,-1,0,b\right)\in ker(T)$ and $b\in range(T)$","$\left\{(0,0,0,0),(1,1,1,1)\right\}\subset ker(T)$","$\forall a\in  \mathbb{R}, \left(a,4,2,0\right)\in ker(T)$",$ker(T)= \mathbb{R}^4$ and $range(T)=\mathbb{R}$,,,2019-11-22 06:26:24+00,1,2019-12-11 08:00:33+00,61,4,4,
2127,38,"",5,6,"Find $\displaystyle\int_{1}^{3}\int_{-1}^{2}5x+y\,dxdy$",Basic,$27$,$-27$,$0$,$7$,,,2019-11-27 05:37:13+00,1,2019-11-27 07:02:30+00,38,1,2,
2060,155,"",12,13,"Find the absolute minimum and absolute maximum of $f:\mathbb{R}^{2}\rightarrow \mathbb{R},$ $f(x,y)=4xy-x^{2}-y^{2}-6x,$ on the triangle given by $0\leq x\leq 2,0\leq y\leq 3x.$",Basic," $   f_{min}=-16$
 $   f_{max}=0$","$f_{\min }=-4$

$f_{\max }=0$","$f_{\min }=-\dfrac{9}{2}$

$f_{\max }=1$","$f_{\min }=-2$

$f_{\max }=2$",,,2020-06-12 05:15:02+00,1,2020-12-20 15:13:11+00,37,1,3,
2061,72,"",18,11,Mark the linear transformation.,Basic,"$T:M_{2\times 3}(\mathbb{R})\longrightarrow M_{2\times 2}(\mathbb{R})$, where $T\left(\left[\begin{array}{rrr}
      a & b & c\\
	 d& e & f     \end{array}\right]\right)= \left[\begin{array}{rr}
      a-c & b+3d \\
	 0& 0     \end{array}\right]$","$T:M_{3\times 2}(\mathbb{R})\longrightarrow \mathbb{R}$ where $T\left(\left[\begin{array}{rr}
      a & b \\
	c & d   \\
	e  & f \end{array}\right]\right)= ad-de$",$T:M_{n\times n}(\mathbb{R})\longrightarrow \mathbb{R}$ where $T(A)=tr(A)+1 $,$T:M_{n\times n}(\mathbb{R})\longrightarrow M_{n\times n}(\mathbb{R})$ where $T(A)=A^2 $,,,2019-11-22 06:28:28+00,1,2019-12-11 08:01:05+00,61,3,3,
2062,50,"",7,2,"Solve for $x$:
$\log_{10}(x^2+6) -\log_{10}(x^2-1)=1$",Advanced,$\pm\frac{4}{3}$,$\pm\frac{3}{4}$,$\sqrt6$,$\sqrt3$,,,2020-06-13 01:11:44+00,1,2020-12-20 14:56:01+00,64,5,5,
2063,72,"",18,11,"Consider the linear transformation $$T:\mathbb{R}^2 \longrightarrow \mathbb{R}^2$$, such that $$T(x,y)=(x+2y, 2x+3y).$$ Choose the right answer.",Advanced,"$T$ is invertible and $T^{-1}(x,y)=(-3x+2y, 2x-y)$","$T$ is invertible and $T^{-1}(x,y)=(3x-2y, -2x+y)$",$T$ is not  invertible,"$T$ is invertible and $T^{-1}(x,y)=(-3x+2y, 2x+y)$",,,2019-11-22 06:30:24+00,1,2019-12-11 08:02:17+00,61,3,3,
2064,50,"",7,2,"Solve the following equation for $x$:
$4\log_{x}(2)-\log_{2}(x)-3=0$",Advanced,"$x \in \left\{\dfrac{1}{16},2\right\}$","$x\in \left\{\dfrac{1}{4},1\right\}$","$x\in \left\{\dfrac{1}{4},2\right\}$","$x\in \left\{\dfrac{1}{16},1\right\}$",,,2020-06-13 01:16:11+00,1,2020-06-17 15:37:26+00,37,5,5,
2065,72,"",18,11,"Consider the matrix 
$R=\left[\begin{array}{rr}
      \cos(\theta) & -\sin(\theta) \\
	 \sin(\theta) & \cos(\theta)    \end{array}\right]$ that rotates the plane counterclockwise around the origin by an angle of $\theta$ and the rectangle $ABCD$ whose vertices are $$A=(0,0),B=(2,0),C=(2,4),D=(0,4).$$ The image of the rectangle $ABCD$ through rotation $R$ when $\theta =\dfrac{\pi}{4}$ is the rectangle $A'B'C'D'$ such that:",Advanced,"$A'=(0, 0), B'=(\sqrt{2}, \sqrt{2}), 
C'=(-\sqrt{2}, 3\sqrt{2}), D'=(-2\sqrt{2}, 2\sqrt{2})$","$A'=(0, 0), B'=(\sqrt{2}, -\sqrt{2}), 
C'=(-\sqrt{2}, 3\sqrt{2}), D'=(-2\sqrt{2}, 2\sqrt{2})$","$A'=(0, 0), B'=(\sqrt{2}, 3\sqrt{2}), 
C'=(\sqrt{2}, \sqrt{2}), D'=(-2\sqrt{2}, 2\sqrt{2})$","$A'=(\sqrt{2}, \sqrt{2}), B'=(0, 0), 
C'=(-\sqrt{2}, 3\sqrt{2}), D'=(2\sqrt{2}, 2\sqrt{2})$",,,2019-11-22 06:32:11+00,1,2019-12-11 08:04:14+00,61,5,4,
2066,64,"",10,,Simplify the expression $i^{77}-i^{67}-i^{27}+i^{17}$. ,Basic,$4i$,$-4i$,$3+i$,$2+2i$,,,2020-06-17 03:45:17+00,1,2020-10-25 13:07:31+00,80,2,2,
2067,72,"",18,11,"Consider the linear transformation $T:\mathbb{R}^3 \longrightarrow \mathbb{R}^2$, such that $$T(x,y, z)=(x+2z, y-z)$$ and the basis $$A=\{(-1,2, 1),(0, 1,2),(1, -1,0)\}$$ of $\mathbb{R}^3$  and $$B=\{(1,-1),(-2,3)\}$$ of $\mathbb{R}^2$. The matrix of the linear transformation $T$ with respect to the bases $A$ and $B$ is:",Basic,"$\left[\begin{array}{ccc}
      5 & 10 & 1 \\
		2 & 3 & 0 \end{array}\right]$","$\dfrac{1}{5}\left[\begin{array}{ccc}
      5 & 10 & -1 \\
	2 & 0 & 3 \end{array}\right]$","$\left[\begin{array}{ccc}
      5 & 1 & -2 \\
		1 & 4 & 3 \\
	0 & -1 & 3	\end{array}\right]$","$\left[\begin{array}{ccc}
      -1 & 6 & 3 \\
	2 & -7 & 4 \end{array}\right]$",,,2019-11-22 06:34:05+00,1,2019-12-11 08:06:18+00,61,3,3,
2068,64,"",10,,Simplify the expression $(1+i)(-1+i)+(1+2i)^2$.,Basic,$-5+4i$,$5+4i$,$-5-4i$,$5-4i$,,,2020-06-17 03:46:23+00,1,2020-10-25 14:51:07+00,80,1,1,
2069,72,"",18,11,"Consider the linear transformation $T:\mathbb{R}^2 \longrightarrow \mathbb{R}^2$, such that $$A=\left[\begin{array}{ccc}
      1 & 3  \\
		-2 & 3  \end{array}\right]$$ defines $T$ when considered the basis $B=\{(1,-1),(2, -3)\}$ of $\mathbb{R}^2$.

Then $T$ is defined by: ",Advanced,"$T(x,y)=(-18x-15y, 27x+22y)$","$T(x,y)=(18x-15y, 27x+22y)$","$T(x,y)=(-18x+27y, -15x+22y)$","$T(x,y)=(-18x+15y, 27x-22y)$",,,2019-11-22 06:37:42+00,1,2019-12-11 08:10:50+00,61,3,3,
2070,64,"",10,,Simplify the expression $\ \dfrac{1}{i}+\dfrac{1}{1+i}+\dfrac{1}{1-i}$.,Basic,$1-i$,$-1-i$,$1+i$,$-1+i$,,,2020-06-17 03:47:22+00,1,2020-10-25 13:02:53+00,80,1,1,
2071,72,"",18,11,"Let the linear transformation $T:\mathbb{R}^3 \longrightarrow \mathbb{R}^3$, be defined by $$T(1, 0, 0)=(1, 0, 3),T(0, 1, 0)=(0, 2, 1),T(0, 0, 1)=(-2, 1, 0).$$ Knowing that $A=\{(1, 0, 0), (0, 1, 0), (0, 0, 1)\}$ is the canonical basis of $\mathbb{R}^3$, choose the right answer: ",Basic,"$T(x,y, z)=(x-2z, 2y+z, 3x+y)$","$T(x,y, z)=(x+3z, 2y+z, 3x-y)$","$T(x,y, z)=(x+3z, 2y+z, -2x+y)$","$T(x,y, z)=(x+3z, -2y+z, 2x+y)$",,,2019-11-22 06:39:08+00,1,2019-12-11 08:11:55+00,61,3,3,
2072,64,"",10,,Simplify the expression $\ \dfrac{2+i}{2-i}+\dfrac{2-i}{2+i}$.,Basic,$\dfrac{6}{5}i$,$-\dfrac{6}{5}i$,$\dfrac{5}{6}i$,$-\dfrac{5}{6}i$,,,2020-06-17 03:48:52+00,1,2020-10-25 13:03:08+00,80,1,1,
2073,72,"",18,11,Consider the linear transformations  $T:M_{2\times 2}(\mathbb{R})\longrightarrow M_{2\times 2}(\mathbb{R})$. Select the transformation that is a monomorphism.,Basic,"$T\left(\left[\begin{array}{rr}
      a & b \\
	 c & d
			\end{array}\right]\right)= \left[\begin{array}{rr}
      a+b & c+d\\
	  2a+d & 2a-4b    \end{array}\right]$","$T\left(\left[\begin{array}{rr}
      a & b \\
	 c & d
			\end{array}\right]\right)= \left[\begin{array}{rr}
      a+b & c+d\\
	  a+d & 2a+2b    \end{array}\right]$","$T\left(\left[\begin{array}{rr}
      a & b \\
	 c & d
			\end{array}\right]\right)= \left[\begin{array}{rr}
      0 & 0\\
	  0 & 0   \end{array}\right]$","$T\left(\left[\begin{array}{rr}
      a & b \\
	 c & d
			\end{array}\right]\right)= \left[\begin{array}{rr}
      0 & 0\\
	  a & b    \end{array}\right]$",,,2019-11-24 14:06:41+00,1,2019-12-11 08:14:01+00,61,4,4,
2074,64,"",10,,The solution set of the equation $\ \dfrac{1}{z-2}+\dfrac{1}{z-11}=\dfrac{1}{z-8} \ $ is:,Advanced,"$S=\{8-i3\sqrt{2},8+i3\sqrt{2}\}$","$S=\{-3-i8\sqrt{2},-3+i8\sqrt{2}\}$","$S=\{3-i8\sqrt{2},3+i8\sqrt{2}\}$","$S=\{-8-i3\sqrt{2},-8-i8\sqrt{2}\}$",,,2020-06-17 03:50:26+00,1,2020-10-25 13:03:37+00,80,2,2,
2075,72,"",18,11,Consider the  transformations  $T:M_{2\times 2}(\mathbb{R})\longrightarrow M_{2\times 2}(\mathbb{R})$. Mark the linear transformation.,Basic,"$T\left(\left[\begin{array}{rr}
      a & b \\
	 c & d
			\end{array}\right]\right)= \left[\begin{array}{rr}
      0 & 0\\
	  0 & 0    \end{array}\right]$","$T\left(\left[\begin{array}{rr}
      a & b \\
	 c & d
			\end{array}\right]\right)= \left[\begin{array}{rr}
      1 & 0\\
	  0 & 1    \end{array}\right]$","$T\left(\left[\begin{array}{rr}
      a & b \\
	 c & d
			\end{array}\right]\right)= \left[\begin{array}{rr}
      a+b & -2b^2\\
	  c-d & 3d    \end{array}\right]$","$T\left(\left[\begin{array}{rr}
      a & b \\
	 c & d
			\end{array}\right]\right)= \left[\begin{array}{rr}
      ad & 0\\
	  0 & cb    \end{array}\right]$",,,2019-11-24 14:08:25+00,1,2019-12-11 08:14:16+00,61,4,4,
2076,64,"",10,,The solution set of the equation $\ z-\dfrac{1}{z}=\dfrac{2}{i}-\dfrac{i}{2} \ $ is: ,Advanced,"$S=\left\{-\dfrac{i}{2},-2i\right\}$","$S=\left\{\dfrac{i}{2},-2i\right\}$","$S=\left\{-\dfrac{i}{2},2i\right\}$","$S=\left\{\dfrac{i}{2},2i\right\}$",,,2020-06-17 03:51:35+00,1,2020-10-25 13:03:59+00,80,3,4,
2077,72,"",18,11,"Consider the applications $T:\mathbb{R}^3 \longrightarrow \mathbb{R}^2$ defined by $$T(x,y, z)= (x-y+z, 2x+z)$$ and  $F:\mathbb{R}^2 \longrightarrow \mathbb{R}^3$ defined by $$F(x,y)= (x+2y, 3y+1).$$ Choose the right answer: ",Basic,The $T$ application is linear but $F$ is not.,The $F$ application is linear but $T$ is not,Both $T$ and $F$ applications are linear,None of the applications is linear,,,2019-11-24 14:10:16+00,1,2019-12-11 08:14:42+00,61,3,3,
2078,64,"",10,,The solution set of the equation $z^2-2iz=5$ is:,Advanced,"$S=\{-2+i,2+i\}$ ","$S=\{-2-i,-2+i\}$","$S=\{2-i,-2-i\}$","$S=\{2-i,2+i\}$",,,2020-06-17 03:53:32+00,1,2020-10-25 13:04:23+00,80,1,1,
2079,72,"",18,11,"Consider the linear applications $T:\mathbb{R}^3 \longrightarrow \mathbb{R}^2$ defined by $$T(x,y, z)= (x-y+z, 2x-z)$$ and  $F:\mathbb{R}^2 \longrightarrow \mathbb{R}^3$ defined by $$F(x,y)= (x+2y, 2x-y, 3x).$$ 
The composite application $T\circ F$ and its inverse $(T\circ F)^{-1}$ are respectively defined by:",Advanced,"$T\circ F(x, y)=(2x+3y, -x+4y)$ and $(T\circ F)^{-1}(x,y,z)=\left(\dfrac{4}{11}x-\dfrac{3}{11}y,  \dfrac{1}{11}x+\dfrac{2}{11}y\right)$","$T\circ F(x, y)=(2x+3y, x+4y)$ and $(T\circ F)^{-1}(x,y,z)=\left(-\dfrac{4}{5}x-\dfrac{3}{5}y,  \dfrac{1}{5}x+\dfrac{2}{5}y\right)$","$T\circ F(x, y)=(2x+3y, -x+4y, 2x)$ and $(T\circ F)^{-1}$  does not exist.","$T\circ F(x, y)=(2x+3y, -x+4y)$ and $(T\circ F)^{-1}(x,y,z)=\left(-\dfrac{4}{5}x-\dfrac{3}{5}y,  \dfrac{1}{5}x+\dfrac{2}{5}y\right)$",,,2019-11-24 14:11:55+00,1,2019-12-11 08:18:51+00,61,1,1,
2080,64,"",10,,"Suppose $z_1$, $z_2$ and $z_3$ are three complex numbers that correspond to the coordinates of the vertices of a triangle [ABC] in the complex plane.

If we have $|z_1-z_2|=|z_2-z_3|=|z_3-z_1|$, it follows that: ",Advanced,ABC is an equilateral triangle,$z_1^2+z_2^2+z_3^2> z_1z_2+z_2z_3+z_3z_1$ ,ABC is an obtuse triangle,ABC is a right-angled triangle,,,2020-06-17 03:54:48+00,1,2020-10-25 13:04:57+00,80,4,3,
2081,72,"",18,11,"Consider the linear transformation  $T:\mathbb{R}^3 \longrightarrow \mathbb{R}^2$ defined by $$T(x,y,z)=(x-2y,3z)$$ and the bases $$A=\left\{(1,2,4),(0,3,0),(3,0,0)\right\}$$ and $$B=\left\{(1,2),(0,3)\right\}$$ of $\mathbb{R}^3$ and $\mathbb{R}^2$, respectively. Choose the wrong answer.",Basic,$dim \left(ker(T)\right)=3$,$range (T)=\mathbb{R}^2$,"$ker(T)=\left\{(2y,y,0):y \in \mathbb{R}\right\}$","The transformation matrix $T$ relative  to the basis $A$ and $B$ is $\left[\begin{array}{rrr}
      -3 & -6 & 3\\
	  6 & 4 &-2    \end{array}\right]$",,,2019-11-24 14:13:30+00,1,2019-12-11 08:19:43+00,61,3,3,
2082,64,"",10,,Given a complex number $z=a+ib\in\mathbb{C}$ which one of the following propositions is FALSE?,Basic,$Im(\bar{\bar{z}})+Im(z)=0$,"$z^{-1}=\bar{z}|z|^{-2}$, for any $z\neq0$",$|\bar{z}|^2=a^2+b^2$,$|z|=\sqrt{z\bar{z}}$,,,2020-06-17 03:57:43+00,1,2020-11-20 10:25:53+00,43,2,2,
2083,72,"",18,11,"Consider the linear transformation $T:\mathbb{R}^4 \longrightarrow \mathbb{R}^2$ defined by $$T(x,y,z,w)=(x-2z,2y+3w)$$ and the canonical basis A of $\mathbb{R}^4$ and the basis $$B=\left\{(1,2),(0,3)\right\}$$ of $\mathbb{R}^2$. Choose the wrong answer.",Basic,"The transformation matrix T relative  to the basis A and B is $\left[\begin{array}{rr}
      1 & -\frac{2}{3} \\
	  0 & \frac{2}{3} \\   
		-2 & \frac{4}{3}\\
		0 & 1
		\end{array}\right]$","$ker(T)=span\left\{(2,0,1,0),(0,-\frac{3}{2},0,1)\right\}$",$range(T)=\mathbb{R}^2$,$dim\left(range(T)\right) =2$,,,2019-11-24 14:15:08+00,1,2019-12-11 08:20:44+00,61,4,4,
2084,64,"",10,,The straight line that contains the complex numbers $z_1=3\sqrt{2}\operatorname{e}^{i\frac{5\pi}{4}}$ and $z_2=4-11i$ is given by the condition: ,Basic,$Im(z)+2Re(z)+3=0$,$|z+4-11i|=|z+3-5i|$,$Im(z)\geq-2Re(z)-3$,$|z+4-11i|=|z+2+3i|$,,,2020-06-17 04:01:22+00,1,2020-10-25 14:52:00+00,80,5,6,
2085,72,"",18,11,"Consider the linear transformation $T:\mathbb{R}^2 \longrightarrow \mathbb{R}^3$  defined by $$T(x,y)=(3x,y,-y)$$ and the bases $A=\left\{(1,2),(-2,3)\right\}$ and $B=\left\{(1,0,1),(0,1,1),(0,-1,0)\right\}$ of $$\mathbb{R}^2$$ and $$\mathbb{R}^3,$$ respectively. Choose the wrong answer.",Basic,$range(T)=\mathbb{R}^2$,"$ker(T)=\left\{(0,0)\right\}$",$dim\left(range (T)\right) =2$,"The transformation matrix T relative  to the basis A and B is $\left[\begin{array}{rr}
      3 & -6 \\
	  -5 & 3 \\
			-7& 0\end{array}\right]$",,,2019-11-24 14:16:48+00,1,2019-12-11 08:21:21+00,61,3,3,
2086,64,"",10,,The set of complex numbers that satisfy the condition $|z+2-i|=|z+1-2i|$ is the:,Advanced,straight line $Im(z)+Re(z)=0$.,circle  with  radius $1$ centred at $-2+i$ .,straight line with slope $1$ that contains the origin $z=0$ .,straight line $Im(z)-Re(z)=0$.,,,2020-06-17 04:02:56+00,1,2020-10-25 14:47:37+00,80,4,3,
2087,72,"",18,11,"Consider the linear transformation $T:\mathbb{R}^2 \longrightarrow \mathbb{R}^2$  defined by $$T(x,y)=(y,x).$$ Choose the wrong answer.",Basic,$dim \left(ker(T)\right)=1$,"$ker(T)=\left\{(0,0)\right\}$",$range(T)=\mathbb{R}^2$,$dim \left(range(T)\right)=2$,,,2019-11-24 14:18:13+00,1,2019-12-11 08:21:50+00,61,3,3,
2088,64,"",10,,"Simplify the expression $ \ 2i \cdot (i-1)+\left(\,\overline{\sqrt{3}+i}\,\right)^3+(i+1) \cdot (\,\overline{i+1}\,)$.",Basic,$-10i$,$10i$,$-10$,$10$,,,2020-06-17 04:03:59+00,1,2020-10-25 14:47:52+00,80,3,4,
2089,72,"",18,11,Consider a linear tranformation $T:\mathbb{R}^2 \longrightarrow \mathbb{R}^2$. Which of the following statements is false?,Basic,"If $T(x,y)=(x,x)$, $T$ is not linear","f $T(x,y)=(y,x)$, $ker(T)=(0,0)$","If $T(x,y)=(0,0)$, $T$ is linear","$T(x,y)=(-y,1)$, $T$ is not linear",,,2019-11-24 14:19:24+00,1,2019-12-11 08:22:39+00,61,3,3,
2090,64,"",10,,Let $z=-3$. Then,Basic,$z=3\operatorname{e}^{i\pi}$,$z=-3\operatorname{e}^{i\pi}$,$z=3\operatorname{e}^{i\frac{\pi}{2}}$,$z$ has no representation in polar form since it is a real number,,,2020-06-17 04:05:28+00,1,2020-10-25 14:48:17+00,80,1,1,
2091,72,"",18,11,"Consider the linear transformation  $T:\mathbb{R}^3 \longrightarrow \mathbb{R}^3$ defined by $$T(x,y,z)=(-x+3y+2z,-2x+8y+10z,x-5y-8z).$$ The transformation matrix $T$ relative to the canonical bases of $\mathbb{R}^3$ is: ",Basic,"$\left[\begin{array}{rrr}
      -1 & 3 & 2\\
	  -2 & 8 & 10 \\   
		1 & -5 & -8
		\end{array}\right]$","$\left[\begin{array}{rrr}
      -1 & -2 & 1\\
	  3 & 8 & -5 \\   
	2 & 10 & -8
		\end{array}\right]$","$\left[\begin{array}{rrr}
      1 & 0 & 0\\
	  0 & 1 & 0 \\   
		0 & 0 & 1
		\end{array}\right]$","$\left[\begin{array}{rrr}
      1 & -3 & -2\\
	  2 & -8 & -10 \\   
		-1 & 5 & 8
		\end{array}\right]$",,,2019-11-24 14:20:44+00,1,2019-12-11 08:22:55+00,61,3,3,
2092,64,"",10,,Let $z=-5i$. Then,Basic,$z=5\operatorname{e}^{i\frac{3\pi}{2}}$,$z=5\operatorname{e}^{i\frac{\pi}{2}}$,$z=-5\operatorname{e}^{i\frac{3\pi}{2}}$,$z$ has no representation in polar form since it is a pure imaginary,,,2020-06-17 04:06:44+00,1,2020-10-25 14:48:40+00,80,1,1,
2093,72,"",18,11,"Consider the transformation  $T:\mathbb{R}^3 \longrightarrow \mathbb{R}^2$defined by $$T(x,y,z)=(y+z,x^a), a\neq 0.$$ Choose the right answer.",Advanced,"If $T(4,-2,3)\neq (1,4)$, $T$ is not linear","Independently of the value of $a$, $T$ is linear because $T(0,0,0)=(0,0)$","Independently of the value of $a$, $T$ is linear because $T(0,1,0)+T(0,0,1)=T\left((0,1,0)+(0,0,1)\right)$","If $\left|a\right|=1$, $T$ is linear",,,2019-11-24 14:22:15+00,1,2019-12-11 08:25:00+00,61,3,3,
2094,64,"",10,,The principal argument and the exponential form of  $\displaystyle z=\frac{i}{i+1}$ are,Basic,$\arg(z)=\dfrac{\pi}{4}$ and $z=\dfrac{1}{\sqrt{2}}\operatorname{e}^{i\frac{\pi}{4}}$,$\arg(z)=-\dfrac{\pi}{4}$ and $z=\dfrac{\sqrt{2}}{2}\operatorname{e}^{-i\frac{\pi}{4}}$,$\arg(z)=\dfrac{\pi}{6}$ and $z=\dfrac{\sqrt{2}}{2}\operatorname{e}^{i\frac{\pi}{6}}$,$\arg(z)=\dfrac{\pi}{3}$ and $z=\dfrac{1}{\sqrt{2}}\operatorname{e}^{i\frac{\pi}{3}}$,,,2020-06-17 04:08:42+00,1,2020-10-25 13:08:52+00,80,3,4,
2095,72,"",18,10,"Which vector is a linear combination of $A=\{(-1, 2, 3), (3, 4, 5)\}$?",Basic,"$u=(5, 0, -1)$","$u=(5, 1, -1)$","$u=(5, 0, 1)$","$u=(2, 1, -1)$",,,2019-11-24 14:24:24+00,1,2019-12-18 07:19:02+00,163,1,2,
2096,64,"",10,,The complex solutions of the equation $\overline{z}+z=0$ are the complex numbers $z\in\mathbb{C}$ such that: ,Basic,$Re(z)=0$,$Im(z)=0$,$Re(z)+Im(z)=0$,$Re(z)=Im(z)$,,,2020-06-17 04:10:36+00,1,2020-10-25 13:09:19+00,80,2,2,
2097,72,"",18,10,"Let $H=\left\{\left[\begin{array}{rr}
      a & b \\
	 0 & a^2
			\end{array}\right]: a,b \in \mathbb{R}\right\}$. Choose the right answer.",Basic,"$H$ is not a subspace of $M_{2\times 2}(\mathbb{R})$ because $\left[\begin{array}{rr}
      3 & 2 \\
	 0 & 9
			\end{array}\right] + \left[\begin{array}{rr}
      1 & 0 \\
	 0 & 1
			\end{array}\right] \notin H$","$H$ is a subspace of $M_{2\times 2}(\mathbb{R})$ because $\left[\begin{array}{rr}
      0 & 0 \\
	 0 & 0
			\end{array}\right] \in H$","Since $ 1\times\left[\begin{array}{rr}
      a & b \\
	 0 & a^2
			\end{array}\right] \in H$, than $H$ is a subspace of $M_{2\times 2}(\mathbb{R})$","$H$ is not a  subspace of $M_{2\times 2}(\mathbb{R})$ because $\left[\begin{array}{rr}
      2 & 0 \\
	 0 & 6
			\end{array}\right] + \left[\begin{array}{rr}
      1 & 0 \\
	 0 & 1
			\end{array}\right] \notin H$",,,2019-11-24 14:26:06+00,1,2019-12-18 07:22:04+00,163,5,4,
2098,64,"",10,,The complex solutions of the equation $\overline{z}=25z^{-1}$ are the complex numbers $z\in\mathbb{C}$ such that: ,Basic,$|z|=5$,$Im(z)=25$,$Re(z)=25$,$|z|=25$,,,2020-06-17 04:12:25+00,1,2020-10-25 14:49:26+00,80,3,4,
2099,72,"",18,10,"Let $A=\left\{(1,0,-1,0),(0,0,0,1),(-1,1,-1,0)\right\}$ and the subspace  $S=\left\{(x,y,z,w)\in\mathbb{R}^4:x+2y+z=0\right\}$. Choose the wrong answer.",Basic,"$A\cup \left\{(1,-2,3,4)\right\}$ is a basis of $S$",$A$ is  linearly independent,$A$ is a basis of $S$,"The coordinates vector of $(1,-1,1,2)$ in the  basis $A$ is $(0,2,-1)$",,,2019-11-24 14:27:27+00,1,2019-12-18 07:28:18+00,163,5,4,
2100,64,"",10,,The set of complex numbers that satisfy the condition $|z+2i|> 1$ is the,Basic,complement of the closed disc of radius 1 centred at $-2i$,complement of the closed disc of radius 1 centred at $2i$ ,open disc of radius 1 centred at $-2i$,complement of the open disc of radius 1 centred at $-2i$,,,2020-06-17 04:13:41+00,1,2020-10-25 14:50:26+00,80,3,4,
2101,72,"",18,10,"Let $u_1=(0,0,1,1)$, $u_2=(0,1,1,1)$, $u_3=(1,1,1,2)$ and $u_4=(-1,0,1,0)$ vectors of $\mathbb{R}^4$. Choose the wrong answer.",Basic,"$\left\{u_1,u_2,u_3,u_4\right\}$ is a basis of $\mathbb{R}^4$","$\left\{u_1,u_2,u_3,u_4\right\}$ is linearly dependent","$span\left\{u_1,u_2,u_3 \right\}=\left\{(x,y,z,w)\in \mathbb{R}^4:x=-z+w\right\}$","$\dim \left(span\left\{u_1,u_2,u_3 \right\}\right) =3$",,,2019-11-24 14:28:59+00,1,2019-12-18 07:35:08+00,163,4,4,
2102,64,"",10,,Which one of the following equations in $z$ has no solution in $\mathbb{C}$? ,Advanced,"$\overline{z}\,-i+z=0$","$Re(z(1+i))+z\,\overline{z}=0$",$Re(z^2)+i Im(\overline{z}(1+2i))=-3$,$|z+2i|=|z-i|$,,,2020-06-17 04:14:55+00,1,2020-10-25 14:49:06+00,80,2,2,
2103,72,"",18,10,"Consider the vectors $u=(1,3,0)$,$v=(0,0,4)$ and $w=(-2,1,1)$ of $\mathbb{R}^3$. Choose the wrong answer.",Basic,"$u$, $v$ and $w$ are linearly dependent","$span\left\{u,v\right\}=\left\{(x,y,z)\in \mathbb{R}^3:y=3x\right\}$","$\dim \left(span \left\{u,v\right\}\right)=2$","$u$, $v$ and $w$ form a basis for $\mathbb{R}^3$",,,2019-11-24 14:30:41+00,1,2019-12-18 07:36:22+00,163,3,3,
2104,64,"",10,,"Let $a$ be the value for which $z=-i$ is a root of the polynomial $$p(z)=z^3-z^2+z+1+a.$$ 
Then we can write $p$ in factors as",Advanced,$p(z)=(z-1)(z-i)(z+i)$,$p(z)=(z-2)(z-i)(z+i)$,$p(z)=(z-i)^2(z+i)$,$p(z)=(z-1)^2(z+i)$,,,2020-06-17 04:16:05+00,1,2020-10-25 14:50:02+00,80,4,3,
2105,72,"",18,10,"Let $G=\left\{(x,y,z)\in \mathbb{R}^3:x-3y+z=0 \right\}$. Choose the right answer.",Basic,"$G$ represents a plane passing through $(0, 0, 0)$","$G$ is a subspace of $\mathbb{R}^3$ because  $(6,0,-1)+(0,2,0)\in G$","$G$ is not a subspace of $\mathbb{R}^3$ because $\left\{(1,0,0),(0,1,0), (0,0,1)\right\}\subset\!\!\!\!\!/ G$","$(5,2,-1)\in G$",,,2019-11-24 14:32:05+00,1,2019-12-18 07:37:40+00,163,3,3,
2106,57,"",4,3,"If $ y = \dfrac{x^2 - x - 6}{x^2 +x -6}$,  find $f'(x)$",Basic,$\dfrac{2(x^2 + 6)}{(x^2 + x - 6)^2}$,$\dfrac{2x(2x -1)}{(x^2 + x - 6)^2}$,$\dfrac{x^2 - 12}{(x^2 + x - 6)^2}$,$\dfrac{-2(x^2 + 6)}{(x^2 + x - 6)^2}$,,,2020-06-22 06:28:24+00,1,2020-12-20 14:57:55+00,64,3,3,
2107,91,"",7,1,A triangle has no diagonals. A quadrilateral has two diagonals. A pentagon has five diagonals. How many diagonals a fifty side polygon have?,Basic,1175 diagonals,"1075 diagonals 

", 1125 diagonals,1225 diagonals,,,2019-11-27 04:59:44+00,1,2019-12-08 11:26:45+00,67,5,4,
2108,57,"",4,3,"If $ y =\displaystyle \frac{2x - 1 }{x + 3}$  , find $\displaystyle\frac{dy}{dx}$",Basic,$\dfrac{7}{(x + 3)^2}$,$\dfrac{4x + 7}{(x + 3)^2}$,$\dfrac{5}{(x + 3)^2}$,$\dfrac{-7}{(x + 3)^2}$,,,2020-06-22 06:32:27+00,1,2020-12-20 14:58:49+00,64,2,4,
2109,91,"",7,1,Consider that to a square of side size 4cm one applies a centre homotetia isotropic scaling on the square's vertexes and ratio $r$. Select the wrong statement.,Basic,If $r=3$ the area of the resulting square is triple of the starting square.,"If $r >1$ the perimeter of the resulting square is r times bigger than the perimeter of the original square
",If $\left|r\right|=1$ the homotetia is an isometry,If $\left|r\right|>1$ the length of the size of the transformed square is $4\left|r\right|$cm.,,,2019-11-27 05:02:53+00,1,2019-12-08 11:28:30+00,67,4,4,
2110,57,"",4,3,"If $ y = \sqrt{\operatorname{cos}(x)}$, find $\frac{dy}{dx}$",Basic,$- \frac{\operatorname{sin}(x)}{2\sqrt{\operatorname{cos}(x)}}$,$- \frac{\sqrt{\operatorname{cos}(x)}}{2\operatorname{sin}(x)}$,$ \frac{\operatorname{sin}(x)}{2\sqrt{\operatorname{cos}(x)}}$,$\frac{\sqrt{\operatorname{cos}(x)}}{2\operatorname{sin}(x)}$,,,2020-06-22 06:43:16+00,1,2020-12-20 14:59:13+00,64,2,4,
2111,91,"",7,1,Select the true statement.,Basic,In the sliding reflection the translation vector has the direction of the reflection axis.,"Translation preserves the direction of straight line segments but cannot preserve it's orientation.
",Rotation and reflection may not be isometries. ,An isometry always respects the orientation of the angles.,,,2019-11-27 05:05:29+00,1,2019-12-10 14:16:56+00,67,4,4,
2112,57,"",4,3,"If $ y = e^ {\operatorname{cos}(2x)}$, find $f'(x)$",Basic,$-2\operatorname{sin}(2x)e^{\operatorname{cos}(2x)}$,$-\operatorname{sin}(2x)e^{\operatorname{cos}(2x)}$,$-4\operatorname{sin}(2x)\operatorname{cos}(2x)e^{\operatorname{cos}(2x)}$,$2\operatorname{sin}(2x)e^{\operatorname{cos}(2x)}$,,,2020-06-22 06:51:58+00,1,2020-12-20 14:59:24+00,64,3,3,
2113,91,"",7,1,A square allows for four rotation symmetries. What are the amplitudes of such rotation symmetries:,Basic,"$90^\circ$, $180^\circ$, $270^\circ$ and $360^\circ$.","$45^\circ$, $90^\circ$, $135^\circ$ and $180^\circ$.
","$45^\circ$, $90^\circ$, $135^\circ$ and $180^\circ$.","$90^\circ$, $180^\circ$, $360^\circ$ and $720^\circ$.",,,2019-11-27 05:08:16+00,1,2019-12-08 11:33:50+00,67,4,4,
2114,57,"",4,3,"If $ y = \frac{te^{2t}}{2\operatorname{cos}(t)}$, find $\frac{dy}{dt}$",Advanced,$\frac{e^{2t}(2t\operatorname{cos}(t) + \operatorname{cos}(t) + t \operatorname{sin}(t))}{2\operatorname{cos}^2(t)}$,$\frac{2e^{2t}(2t\operatorname{cos}(t) + \operatorname{cos}(t) - t \operatorname{sin}(t))}{4\operatorname{cos}^2(t)}$,$\frac{2te^{2t}(2t\operatorname{cos}(t) + \operatorname{sin}(t))}{4\operatorname{cos}^2(t)}$,$\frac{2e^{2t}(t\operatorname{cos}(t) + \operatorname{cos}(t) + t \operatorname{sin}(t))}{4\operatorname{cos}^2(t)}$,,,2020-06-22 08:01:44+00,1,2020-12-20 15:03:39+00,64,4,2,
2115,91,"",7,1,A regular pentagon allows for:,Basic,5 reflection symmetries and 5 rotation symmetries.,"5 reflection symmetries and 10 rotation symmetries.
",10 reflection symmetries and 5 rotation symmetries.,10 reflection symmetries and 10 rotation symmetries.,,,2019-11-27 05:10:59+00,1,2019-12-08 11:35:58+00,67,3,3,
2116,57,"",4,3,"A parachutist jumps out of an aeroplane. The distance, $h$ metres, through which she falls after $t$ seconds is given by $h = 10t - \frac{5t}{t + 1}$. Find her velocity after two seconds.",Basic,$9\frac{4}{9} m/s$,$\frac{5}{9} m/s$,$-\frac{5}{9} m/s$,$9\frac{5}{9} m/s$,,,2020-06-22 08:06:40+00,1,2020-12-20 15:05:52+00,64,3,3,
2117,91,"",7,1,"Consider the $ABC$ triangle whose perimeter is 39 units. Knowing that $\overline{AB}=3x-2$, $\overline{BC}=4x+1$ and $\overline{AC}=2x+4$, state which of the triangles angles has the largest amplitude.",Advanced,$\angle CAB$.,"$\angle ABC$.
",$\angle BCA$., All angles have the same amplitude. ,,,2019-11-27 05:17:40+00,1,2019-12-08 13:56:54+00,67,5,4,
2118,61,"",16,,"Find the general solution of the differential equation
\[
\begin{equation}
x^{\prime \prime \prime }+x=e^{-t}.
\end{equation}
\]",Advanced,$$x(t)=(\frac{1}{3}t+C_1)e^{-t}+e^{\frac{t}{2}}[C_2 \cos (\frac{\sqrt 3}{2}t)+C_3 \sin (\frac{\sqrt 3}{2}t)]$$,$$x(t)=C_1e^{-t}+e^{\frac{t}{2}}[C_2 \cos (\frac{\sqrt 3}{2}t)+C_3 \sin (\frac{\sqrt 3}{2}t)]$$,$$x(t)=(\frac{1}{3}t+C_1)e^{2t}+e^{\frac{t}{2}}[C_2 \cos ({2}t)+C_3 \sin ({2}t)]$$,$$x(t)=(\frac{1}{3}t^2+2t+C_1)e^{-t}+e^{\frac{t}{2}}[C_2 \cos (\frac{\sqrt 3}{2}t)+C_3 \sin (\frac{\sqrt 3}{2}t)]$$,,,2020-06-25 08:57:18+00,1,2020-12-21 08:37:11+00,28,3,2,
2119,91,"",7,1,Mark the wrong statement:,Basic,The sum of the amplitudes of the external angles of a triangle always equals $180^\circ$.,"The sum of the amplitudes of the internal angles of a triangle always equals $180^\circ$.
",The amplitude of each external angle of a triangle equals the the sum of the amplitudes of both nonadjacent internal angles.,In a triangle the longest size is always opposed to the angle with the biggest amplitude.,,,2019-11-27 05:20:28+00,1,2019-12-08 11:38:29+00,67,2,2,
2120,61,"",16,,"Find the general solution of the differential equation
$$
x^{\prime \prime \prime }-4x^{\prime \prime }=e^{t}+t.
$$",Advanced,$$ x(t)=C_1+C_2t+C_3e^{4t}-\frac{1}{24}t^3-\frac{1}{32}t^2-\frac{1}{3}e^t $$,$$ x(t)=C_1+C_2t+C_3e^{4t}-\frac{1}{24}t^3-\frac{1}{32}t^2-\frac{1}{3}e^{4t} $$,$$ x(t)=C_1+C_2t+C_3e^{t}-\frac{1}{24}t^3-\frac{1}{32}t^2-\frac{1}{3}e^{4t} $$,$$ x(t)=C_1+C_2t+C_3e^{4t}-\frac{1}{24}t^2-\frac{1}{32}t-\frac{1}{3}e^t $$,,,2020-06-25 09:07:02+00,1,2020-12-21 09:27:10+00,38,4,1,
2121,91,"",7,1,"In a quadrilateral $[ABCD]$ the diagonals are orthogonal, they bisect the internal angles, they are the only symmetry axis and intersect in the median point which is a symmetry center. $[ABCD]$ is a:",Advanced,Rhombus.,"Square.

",Rectangle.,Oblique parallelogram.,,,2019-11-27 05:26:05+00,1,2019-12-08 13:54:42+00,67,5,4,
2122,61,"",16,,"Solve the Cauchy problem:
$$
x^{\prime \prime \prime }-3x^{\prime }+2x=2e^{-t}+t^{2}+2t
$$
where the initial values are $x(0)=\frac{25}{4},\ x'(0)=2,\ x""(0)=\frac{17}{2}.$",Advanced,$$x(t)=e^{-2t}+\frac{1}{2}e^{-t}+(1+t)e^t+\frac{1}{4}(2t^2+10t+15)$$,$$x(t)=4e^{-2t}+e^{-t}+(1+t)e^t+\frac{1}{3}(t^2+t+1)$$,$$x(t)=e^{-3t}+\frac{1}{4}e^{-t}+e^t+\frac{1}{3}(2t^2+7t+11)$$,$$x(t)=3e^{-2t}+\frac{2}{3}e^{-t}+\frac{1}{2}(1+t)e^t+\frac{1}{2}(t^2+t+2)$$,,,2020-06-25 09:21:37+00,1,2020-12-20 15:53:34+00,38,4,1,
2123,91,"",7,1,The sum of the internal angles $\left(S_i\right)$ of any convex polygon is:,Advanced,"$S_i = \left(n - 2\right)\times 180^\circ$, where $n$ is the number of sides of the polygon. "," $S_i = n\times 180^\circ$, where $n$ is the number of sides of the polygon.
","$S_i = \left(n + 2\right)\times 180^\circ$, where $n$ is the number of sides of the polygon.","$S_i = \left(n - 2\right)\times 360^\circ$, where $n$ is the number of sides of the polygon.",,,2019-11-27 05:28:37+00,1,2019-12-08 11:39:02+00,67,5,4,
2124,61,"",16,,"Find the solution of the Cauchy problem
$$
x^{\prime \prime }-8x^{\prime }+16x=\dfrac{e^{4t}}{t+1},\ \ \ t\in (-1,\infty)
$$
knowing the initial values $x(0)=-1$ and $x'(0)=0.$",Advanced,$$ x(t)=[ 3t-1+(t+1)\ln (t+1) ]e^{4t}$$,$$ x(t)=[ 2t-3+(t+1)\ln (t+1) ]e^{4t}$$,$$ x(t)=[ C_1+C_2t+\ln (t+1) ]e^{4t}$$,$$ x(t)=[ 3t^2-t+(t+1)\ln (t+1) ]e^{4t}$$,,,2020-06-25 09:58:43+00,1,2020-12-20 14:57:32+00,38,4,1,
2125,91,"",7,1,Choose the correct statement.,Advanced,An external angle of a regular polygon can measure $15^\circ$.,"There is a five-sided convex polygon whose internal angles have amplitudes equal to $95^\circ$, $100^\circ$, $115^\circ$, $70^\circ$ and $120^\circ$.
",An internal angle of a regular polygon can measure $50^\circ$.,If a given polygon is regular. The external angles may not all have the same amplitude.,,,2019-11-27 05:31:06+00,1,2019-12-08 11:40:18+00,67,3,3,
2126,61,"",16,,"Find the solution of the Cauchy problem
$$
x^{\prime \prime }-6x^{\prime }+9x=e^{t}(\cos t+e^{2t}).
$$
having the initial values $\displaystyle x(0)=\frac{8}{25}$ and $\displaystyle x'(0)=\frac{9}{25}.$",Advanced,$$ x(t)=\frac{1}{10}(5t^2-2t+2)e^{3t}+\frac{1}{25}(3\cos t-4\sin t)e^t$$,$$ x(t)=\frac{1}{2}(3t^2-2t+1)e^{3t}+\frac{1}{5}(\cos t+4\sin t)e^t$$,$$ x(t)=\frac{1}{10}(5t^2-2tC_1+2C_2)e^{-3t}+\frac{1}{5}(3\cos t-4\sin t)e^t$$,$$ x(t)=\frac{1}{12}(5t^2-2t+2)e^{3t}+\frac{1}{25}(3t\cos t-t\sin t)e^t$$,,,2020-06-25 10:19:15+00,1,2020-12-20 16:02:08+00,38,4,1,
2128,61,"",16,,"Find the general solution of the differential equation:
$$
x^{\prime \prime \prime }+4x^{\prime }=\dfrac{1}{2+\cos 2t}.
$$",Advanced,$ x(t)=C_1+[C_2-\frac{1}{4}t]\cos 2t+[C_3+\frac{1}{8}\ln (2+\cos 2t)]\sin 2t+\frac{1}{2\sqrt 3}[1+2\cos 2t]\arctan (\frac{1}{\sqrt 3}\tan \frac{t}{2})$,$ x(t)=C_1+[C_2-t]\cos 2t+[C_3+\ln (2+\cos 2t)]\sin 2t+\frac{1}{2\sqrt 3}[1+2\cos t]\arctan (\frac{1}{3}\tan \frac{t}{2})$,$ x(t)=C_1+[C_2-\frac{1}{4}t^2]\cos 2t+[C_3+\frac{3}{8}\ln (2+\cos 2t)]\sin 2t+\frac{1}{2\sqrt 3}[1+2t\cos 2t]\arctan (\frac{1}{3}\tan \frac{t}{2})$,$ x(t)=C_1e^t+C_2\cos 2t+[C_3+\frac{1}{4}\ln (2+\cos 2t)]\sin 2t+\frac{1}{2\sqrt 3}[1+2\cos 2t]\arctan (\frac{1}{\sqrt 3}\tan \frac{t}{2})$,,,2020-06-25 10:54:46+00,1,2021-01-05 04:09:53+00,38,4,1,
2129,38,"",5,6,Consider the region defined the circumference $x^{2}+(y-\frac{3}{2})^{2}=\frac{9}{4}$  and the cardioid with equation $\rho=1+\operatorname{sen}(\theta)$. Write the equation of the circumference in polar coordinates and find the area inside the circunference and outside the cardioid.,Basic,"Circumference: $\rho = 3\sin{\theta}$;
area: $\frac{3\pi}{4}$","Circumference: $\rho = 3\cos{\theta}$;
area: $\frac{\pi}{4}$","Circumference: $\rho = 2$;
area: $\frac{3\pi}{4}$","Circumference: $\rho = 3\sin{\theta}$;
area: $\frac{\pi}{4}$",,,2019-11-27 06:47:29+00,1,2019-11-27 07:02:48+00,38,5,1,
2130,1666,"",28,46,Which of the follow statements is true in set theory?,Basic,Two sets are equal if and only if each is subset of the others.,If one element of set A also belongs to set B then set A is subset of set B.,The order of elements of two equal sets must be same.,Improper subset is one that contains few elements of the original set.,,,2020-10-03 03:00:12+00,1,2020-10-28 11:30:00+00,64,1,4,
2131,38,"",5,6,"Find the double integrals of  $\displaystyle \int_{ \frac{ \pi}{2}}^{\pi}\int_{0}^{x^2}\frac{1}{x}\cos\left(\frac{y}{x}\right)\,dydx$.",Basic,$1$,$0$,$2$,$3$,,,2019-11-27 06:56:11+00,1,2019-11-27 07:02:53+00,38,2,4,
2132,38,"",5,6,"Determine the double integrals of  $\displaystyle \int_{0}^{2}\int_{x^2}^{x}x^2y^2\, dydx$.",Basic,$\displaystyle -\frac{416}{27}$,"$\displaystyle  \frac{ 416}{23}$
"," $\displaystyle\frac{ 417}{29}$
", $\displaystyle -\frac{418}{27}$,,,2019-11-27 07:00:00+00,1,2019-11-27 07:02:58+00,38,1,2,
2133,1666,"",28,46,"In a survey of $800$ people about the habits of morning drinks, $600$ people drank tea only and $100$ drank both tea and coffee. If the number of people who drank tea is $10$ times of people who drank coffee, find the number of people who didn't drink both of these beverages.",Basic,$130$,$90$,$100$,$190$,,,2020-10-03 03:02:15+00,2,2020-10-28 13:16:26+00,80,1,1,
2134,38,"",5,6,"Find  $\displaystyle\iint\limits_{R} 3xy\operatorname{dA}$ with  $\displaystyle R =\{ (x, y): 0\leq y \leq 2 , 3\leq x \leq 7\}$.",Basic,$\displaystyle120$,"$\displaystyle-\frac{120}{4}$ 
",$\displaystyle60$,$\displaystyle174$,,,2019-11-27 09:21:31+00,1,2019-11-27 09:59:43+00,38,1,2,
2135,1666,"",28,46,"For $A = \left\{ a,e,i, \{o\},\{u\} \right\}$, Which of the following is true?",Basic,$\{o\} \in A$ and  $o \notin A$,"$\{o,u\} \subseteq A$","$\{ a,e,i \} \in A$ and  $\{ o,u \} \notin A$","$\{ \{a,e,i\} \} \subseteq A$",,,2020-10-03 03:03:31+00,2,2020-10-23 05:37:34+00,80,3,1,
2136,38,"",5,6,Change the order of integration of $\displaystyle\int_{0}^{2}\int_{y^2}^{2y}1\:dxdy$.,Basic,$\displaystyle\int_{0}^{4}\int_{\frac{x}{2}}^{\sqrt{x}}1\:dydx$,$\displaystyle\int_{0}^{4}\int_{y^2}^{2y}1\:dydx$,$\displaystyle\int_{y^2}^{2y}\int_{0}^{2}1\:dydx$,$\displaystyle\int_{0}^{2}\int_{\frac{x}{2}}^{\sqrt{x}}1\:dydx$,,,2019-11-27 09:45:18+00,1,2019-11-27 09:59:48+00,38,2,4,
2137,38,"",5,6,Find the area enclosed by the curves $y=\frac{x}{2}$ and $y=\sqrt{x}$.,Basic,$\frac{4}{3}$,$1$,$\frac{3}{4}$,$\frac{1}{3}$,,,2019-11-27 09:48:31+00,1,2019-11-27 09:59:52+00,38,2,4,
2138,1666,"",28,46,"If $A$ and $B$ are two finite sets such that $|A| = 25$, $|B| = 35$ and $A \cup B = 60$. Then, find $|A \cap B|$.",Basic,$0$,$5$,$10$,$25$,,,2020-10-03 03:06:11+00,2,2020-10-28 09:11:19+00,80,1,1,
2139,38,"",5,6,"Change the order of integration in $\displaystyle\int_0^1\int_1^{e^y}f(x,y) dx dy$.",Basic,"$\displaystyle\int_1^e\int_{\ln(x)}^1f(x,y) dy dx$","$\displaystyle\int_0^1\int_{\ln(x)}^1f(x,y) dy dx$","$\displaystyle\int_1^e\int_{\ln(x)}^1f(x,y) dx dy$","$\displaystyle\int_1^{e^y}\int_0^1f(x,y)  dy dx$",,,2019-11-27 09:57:52+00,1,2019-11-27 09:59:58+00,38,4,1,
2140,1666,"",28,46," In a classroom, students were asked about  topics they liked among Calculus, Geometry and Algebra. Among them $36$ liked Algebra, $12$ liked Geometry and $18$ liked Calculus. If there were $45$ students in the classroom and $4$ students liked all three topics, determine the number of students who liked any two of these three topics.",Advanced,$13$,$24$,$21$,$9$,,,2020-10-03 03:06:47+00,2,2020-12-20 14:53:56+00,64,1,1,
2141,38,"",5,6,Find $\displaystyle \int_0^1 \int_x^1 e^{y^2} dy dx$.,Advanced,$\displaystyle \frac{1}{2}(e-1)$,$\displaystyle \frac{1}{3}(e-1)$,$\displaystyle \frac{1}{2}(e)$,$\displaystyle \frac{1}{3}(e)$,,,2019-11-27 10:05:28+00,1,2019-11-27 10:08:15+00,38,4,1,
2142,1666,"",28,46,"If $A = \{x, y\}$, $B = \{z\}$, $C = \{x, z\}$, $D = \{y,z\}$, $E = \{w,x\}$ and $F = \{w,z\}$. Among the given sets which of the sets are disjoint with $A$?",Basic,set $B$ and $F$,set $D$ and $E$,set $B$,"set $C$, $D$ , $E$ and $F$",,,2020-10-03 03:07:35+00,2,2020-10-28 13:07:31+00,80,1,1,
2143,38,"",5,6,"Find the area of 

$$\displaystyle D=\Big\{(x,y)\in \mathbb{R}: \cos(x)\leq y\leq \sin(x)\,\, \text  {or } \sin(x)\leq y\leq \cos(x), 0\leq x\leq \frac{\pi}{2}\Big\}$$.",Basic,$2\sqrt{2}-2$,$2\sqrt{2}$,$\sqrt{2}-2$,$\sqrt{2}-1$,,,2019-11-27 10:27:16+00,1,2019-11-27 10:28:00+00,38,3,3,
2144,1666,"",28,46,"Considering $A = \left\{ 1,3,5\right\}$ and $B = \left\{ 2,4,6,8\right\}$. Find $A \times B$.",Basic,"$\left\{ (1,2),(1,4),(1,6),(1,8),(3,2),(3,4),(3,6),(3,8),(5,2),(5,4),(5,6),(5,8) \right\}$"," $\left\{ (1,2),(1,4),(1,6),(1,8),(2,3),(4,3),(6,3),(8,3),(5,2),(5,4),(5,6),(5,8) \right\}$","$\left\{ (2,1), (2,3),(2,5), (4,1),(4,3),(4,5), (6,1), (6,3),(6,5), (8,1),(8,3),(8,5) \right\}$","$\left\{ (1,3), (3,5),(2,4), (4,6), (6,8) \right\}$",,,2020-10-03 03:08:28+00,1,2020-10-23 05:37:00+00,80,2,4,
2145,1666,"",28,46,Determine $\mathcal{P}(\mathcal{P}( \emptyset ))$.,Advanced,"$\left\{ \{\{\emptyset\}\}, \{ \emptyset\}, \{\{\emptyset\}, \emptyset\}, \emptyset \right\}$","$\left\{ \{ \emptyset\}, \{\{\emptyset\}, \emptyset\}, \emptyset \right\}$",$\left\{ \emptyset \right\}$,"$\left\{ \{\{\emptyset\}, \emptyset\}, \emptyset \right\}$",,,2020-10-03 03:10:28+00,2,2020-10-28 13:06:55+00,80,1,1,
2146,75,"",22,,"If a subgraph $G'(V', E')$ from the graph $G(V, E)$ is complete, then:",Basic,$V'\subseteq V$ and $E'\subseteq E$ and all vertices are adjacent.,$V'\subseteq V$ and $E'\subseteq E$ and all vertices has odd degree.,$V\subseteq V'$ and $E\subseteq E'$.,$V'\subseteq V$ and $E'=\emptyset$.,,,2019-11-28 15:24:47+00,2,2020-05-08 00:38:35+00,61,1,1,
2148,75,"",22,,A simple graph with eight vertices of degree 3 has:,Advanced,12 edges.,11 edges.,24 edges.,6 edges.,,,2019-11-28 15:28:51+00,1,2020-05-08 00:39:13+00,61,1,1,
2149,1666,"",28,46,"If $A = \left\{x : 1 \leq x < 10 \right\}$, $B = \left\{x : \textrm{multiples of 2} \right\}$, $C = \textrm{set of odd numbers smaller than 10}$ and $B \subseteq A$,  find $ (A \cap B) \cup C $.",Basic,"$\left\{ 1,2,3,4,5,6,7,8,9 \right\}$","$\left\{ 1,3,5,7,9 \right\}$","$\left\{ 2,4,6,8,10 \right\}$","$\left\{ 1,2,3,4,5,6,7,8,9,10 \right\}$",,,2020-10-03 03:51:14+00,2,2020-10-28 09:15:10+00,80,1,1,
2150,75,"",22,,A simple graph where all vertices have the same degree is a:,Basic,regular graph.,complete graph.,bipartite graph.,disconnected graph.,,,2019-11-28 15:31:36+00,1,2020-05-08 00:39:43+00,61,1,1,
2151,1666,"",28,46,"If $|A| = m$ and $|B| = n$, Determine $|\mathcal{P}(A) \times \mathcal{P}(B)|$.",Basic,$2 ^{m + n}$,$2 ^{m \times n}$,$(m + n)^ 2$,$m \times n$,,,2020-10-03 03:51:47+00,2,2020-10-28 09:12:57+00,80,1,1,
2152,75,"",22,,"If $G$  is a connected simple graph with at least two edges, then:",Advanced,$G$ has two vertices with same degree.,$G$ has two vertices with odd degree.,$G$ has two vertices with even degree.,$G$ has no vertices with same degree.,,,2019-11-28 15:33:26+00,2,2020-05-08 00:40:10+00,61,1,1,
2153,1666,"",28,46,"For any 3 sets $A,B$ and $C$, Which property of set states: 
$A \cap ( B \cup C) = (A \cap B) \cup (A \cap C)$ and 
$A \cup ( B \cap C) = (A \cup B) \cap (A \cup C)$",Basic,Distributive,Commutative,De Morgan's law,Idempotent,,,2020-10-03 03:52:40+00,2,2020-10-28 09:08:03+00,80,1,1,
2154,1666,"",14,,"If $A = \left\{ \alpha, \beta \right\}$ and $B = \left\{ \omega \right\}$, Determine $\mathcal{P}(A) \times B$.",Advanced,"$\left\{ (\{\alpha\}, \omega) ,(\{\beta\}, \omega) ,  (\{\alpha, \beta \}, \omega),  (\emptyset, \omega)  \right\}$","$\left\{ (\{\alpha\}, \{\omega\}) ,(\{\beta\}, \{\omega\}) ,  (\{\alpha, \beta \}, \{\omega\}),  (\emptyset, \{\omega\})  \right\}$ ","$\left\{ (\{\alpha\}, \omega) ,(\{\beta\}, \omega) ,  (\{\alpha, \beta \}, \omega) \right\}$","$\left\{ (\alpha, \omega) ,(\beta, \omega) \right\}$",,,2020-10-03 03:53:47+00,1,2020-10-28 09:03:57+00,80,2,2,
2155,1666,"",28,46,"The binary Relation $R  = \left\{ (x,y) \in \mathbb{R}^{2} : x - y = 0  \right\}$ is  $\rule{3cm}{0.18mm}$.",Basic,"Reflexive, Transitive, Symmetric and Anti-symmetric",Symmetric and not Anti-symmetric,Equivalence and not Anti-symmetric,"Reflexive, Transitive not Symmetric",,,2020-10-03 03:55:33+00,2,2020-10-28 09:04:27+00,80,1,1,
2156,75,"",22,,"A \textbf{bridge} $uv$ is an edge of a connected graph if it is removal leaves a disconnected graph. One of the following sentences is true, which one?",Advanced,Exists a circuit that includes the edge $uv$.,The vertex $u$ and the vertex $v$ have adjacent vertices in common.,Every edges in a tree is a bridge.,The vertex $u$ and vertex $v$ have the same degree.,,,2019-11-28 15:56:28+00,2,2020-05-08 00:44:04+00,61,4,1,
2157,1666,"",28,46,"If $A = \left\{ x : x \in \mathbb{N}, 1 \leq x < 10 \right\}$, $B$ is a set of odd numbers smaller than $10$ and $C = \left\{ 2,4,6,8,10 \right\}$ in the universal set of $\mathbb{N}$, which of the following statement is True?",Basic,$A - C = B$,$B$ and $C$ are subsets of A.,$A  = B \cup C$,$\overline{B} = C$,,,2020-10-03 03:58:34+00,2,2020-10-28 09:07:29+00,80,1,1,
2158,75,"",22,,The length of a walk is the number of edges in it. A graph $G$ is bipartite if and only if:,Advanced,there is no cycles of odd length.,there is no cycles of even length.,$G$ admits a partition on vertex set.,"Exists two disjoint non empty vertex subsets, $V_1$ and $V_2$, that each edge joins a vertex in $V_1$ to a vertex in $V_2$.",,,2019-11-28 15:57:43+00,1,2020-05-08 00:45:26+00,61,4,4,
2159,1666,"",28,46,"Which of the following is equivalence relation on $\left\{ 0,1,2 \right\}$",Advanced,"$\left\{(0, 0),(1, 1),(2, 2),(0, 1),(0, 2),(1, 0),(1, 2),(2, 0),(2, 1)\right\}$","$\left\{(0, 0),(1, 1),(2, 2),(0, 1),(1, 2),(1, 0),(2, 1)\right\}$","$\left\{(0, 0),(1, 1),(2, 2),(0, 1),(1, 2)\right\}$","$\left\{(0, 0),(1, 2)\right\}$",,,2020-10-03 03:59:18+00,2,2020-10-23 05:34:01+00,80,1,1,
2160,79,"",17,,"Three unbiased coins are tossed. What is the probability of getting at most 1 head?

",Basic,"0.50

","0.375
","0.25
",0.875,,,2019-12-01 03:26:58+00,1,2019-12-01 18:45:30+00,38,1,5,
2161,1666,"",28,46,"For any set $A$, what is $A \cup \emptyset$ equal to?",Basic,$A$,$\emptyset$, $A \cap \emptyset$,$\overline{A}$,,,2020-10-03 04:00:40+00,2,2020-10-28 11:31:29+00,64,1,1,
2162,79,"",17,,"Three unbiased coins are tossed. What is the probability of getting at least 2 heads?
",Basic,"0.50
","0.375
","0.25
",0.875,,,2019-12-01 03:29:02+00,1,2019-12-01 18:45:35+00,38,1,5,
2163,1666,"",5,44,Evaluate $\displaystyle \int_{0}^{2} x\operatorname{e}^{1-x^2} \: dx $,Basic,$\dfrac{\operatorname{e}}{2}-\dfrac{\operatorname{e^{-3}}}{2}$,$\dfrac{\operatorname{e}}{2}$,$\dfrac{\operatorname{e^{-3}}}{2}$,$\operatorname{e}$,,,2020-10-08 12:13:08+00,1,2020-11-23 12:20:49+00,38,2,4,
2164,79,"",17,,"Four dice are thrown simultaneously. Find the probability that all of them show the same face.

",Basic,"$\dfrac{1}{216}$
","$\dfrac{2}{216}$
","$\dfrac{5}{216}$
",$\dfrac{6}{216}$,,,2019-12-01 03:31:46+00,1,2019-12-01 18:45:40+00,38,1,5,
2165,1666,"",5,44,Evaluate $\displaystyle \int_{-1}^{2} x^2-3x \: dx$,Basic,$-\dfrac{3}{2}$,$\dfrac{3}{2}$,$5$,None of the above,,,2020-10-10 04:02:02+00,1,2020-11-23 12:20:56+00,38,1,1,
2166,79,"",17,,"Tickets numbered from 1 to 20 are mixed up and then a ticket is drawn at random. What is the probability that the ticket drawn has a number which is a multiple of 2 and 5?

",Basic,"$\dfrac{1}{10}$
","$\dfrac{1}{20}$
","$\dfrac{2}{10}$
",$\dfrac{1}{5}$,,,2019-12-01 03:34:21+00,1,2019-12-01 18:45:45+00,38,1,5,
2167,1666,"",5,44, Evaluate $\displaystyle \int_{1}^{5} |x-2| \: dx$,Advanced,$5$,$-3$,$0$,$1$,,,2020-10-10 04:03:16+00,1,2020-11-23 12:21:00+00,38,2,4,
2168,79,"",17,,"A problem is given to three students whose chances of solving it are $\dfrac{1}{2}$, $\dfrac{1}{3}$ and $\dfrac{1}{4}$ respectively. What is the probability that the problem will be solved?

",Advanced,"$\dfrac{3}{4}$
","$\dfrac{1}{4}$
","$\dfrac{11}{24}$
",$\dfrac{7}{12}$,,,2019-12-01 03:37:04+00,1,2019-12-01 18:46:05+00,38,2,5,
2169,1666,"",5,44,Evaluate $\displaystyle \int_{-1}^{0} \dfrac{1}{\left(x-1\right)^4} \: dx$,Basic,$\dfrac{7}{24}$,$\dfrac{5}{19}$,$\dfrac{19}{9}$,$\dfrac{27}{4}$,,,2020-10-10 04:04:42+00,1,2020-11-23 12:21:06+00,38,2,4,
2170,38,"",5,6,Find $\displaystyle \int _0^1\int _0^1\frac{x^2}{1+y^2} dy dx$,Basic, $\displaystyle \frac{\pi }{12}$, $\displaystyle \frac{1}{12}$, $\displaystyle \frac{1}{3}$, $\displaystyle \frac{\pi }{3}$,,,2019-12-01 09:01:53+00,1,2019-12-01 09:06:43+00,38,3,3,
2171,1666,"",5,44, Evaluate $\displaystyle \int_{0}^{1} \dfrac{x^2}{2x^3+1} \: dx$,Basic,$\dfrac{\ln{(3)}}{6}$,$\dfrac{5}{3}$,$\dfrac{\ln{(2)}}{3}$,$1$,,,2020-10-10 04:06:30+00,1,2020-11-23 12:22:38+00,38,1,1,
2172,38,"",5,6,Change the order of integration of $\displaystyle \int_0^2\int_{x^2}^{5x}1 dy dx$.,Advanced,$\displaystyle \int_0^4\int_{\frac{y}{5}}^{\sqrt{y}}1 dx dy +  \int_4^{10}\int_{\frac{y}{5}}^{2}1 dx dy $,$\displaystyle \int_0^4\int^{\frac{y}{5}}_{\sqrt{y}}1 dx dy +  \int_4^{10}\int_2^{\frac{y}{5}}1 dx dy $,$\displaystyle \int_0^2\int_{\frac{y}{5}}^{\sqrt{y}}1 dx dy +  \int_2^{4}\int_{\frac{y}{5}}^{2}1 dx dy $,$\displaystyle \int_0^2\int^{\frac{y}{5}}_{\sqrt{y}}1 dx dy +  \int_2^{4}\int_2^{\frac{y}{5}}1 dx dy $,,,2019-12-01 09:21:46+00,1,2019-12-01 10:01:19+00,38,5,1,
2173,1666,"",5,44,Evaluate $\displaystyle \int_{\ln(2)}^{\ln(3)} x \operatorname{e}^{x} \: dx$,Basic,$\ln{\left(\dfrac{27}{2}\right)}-2$,$\ln{(64)}-3$,$\ln{\left(\dfrac{9}{4}\right)}-2$, $4\ln{(\sqrt{3})}$,,,2020-10-10 04:09:23+00,1,2020-11-23 12:22:34+00,38,3,2,
2174,38,"",5,6,Change the order of integration of $\displaystyle \int_0^2\int_{x^2}^{3x}1 dy dx$ and find the value.,Advanced,$\displaystyle \int_0^4\int_{\frac{y}{5}}^{\sqrt{y}}1 dx dy +  \int_4^{10}\int_{\frac{y}{5}}^{2}1 dx dy $,$\frac{10}{3} $,$\frac{5}{3} $,$\frac{4}{5} $,,,2019-12-01 09:21:48+00,1,2019-12-01 10:01:37+00,38,4,1,
2175,1666,"",5,44,Evaluate $\displaystyle \int_{-1}^{1} x^3 \operatorname{e}^{x^2} \: dx$,Advanced,$0$,$\dfrac{1}{2}$,$\dfrac{-1}{4}$,$-1$,,,2020-10-10 04:11:36+00,1,2020-11-23 12:22:30+00,38,1,1,
2176,38,"",5,6,"Find the area enclosed by the curves $f(x)=-1+e^{-x+1}, \, g(x)=\ln(x)$ and $x=1$ and $x=2$.",Advanced,$\displaystyle 2\ln \left(2\right)-1+\frac{1}{e}$,$\displaystyle \ln \left(2\right)-1+\frac{2}{e}$,$\displaystyle \ln \left(2\right)-2+\frac{1}{e}$,$\displaystyle 2\ln \left(2\right)-2+\frac{1}{e}$,,,2019-12-01 09:49:13+00,1,2019-12-01 10:01:42+00,38,4,1,
2177,1666,"",5,44,Evaluate $\displaystyle \int_{-\pi}^{\pi} \sin^3{(x)} \: dx$,Basic,$0$,$\dfrac{\pi}{4}$,$2\pi$,$\pi$,,,2020-10-10 04:20:56+00,1,2020-11-23 12:22:26+00,38,1,1,
2178,38,"",5,6,Find the area between the curves $\displaystyle f\left(x\right)=-\left(x-1\right)^2+8$ and  $g\left(x\right)=\left(x-2\right)^2-5$ ,Basic,$\dfrac{125}{3}$,$\dfrac{3}{125}$,$\dfrac{1250}{3}$,$\dfrac{3}{1250}$,,,2019-12-01 10:00:39+00,1,2019-12-01 10:01:47+00,38,4,1,
2179,1666,"",5,44,Evaluate $\displaystyle \int_{-3}^{3} \sqrt{9-x^2} \: dx$,Basic,$\dfrac{9\pi}{2}$,$3\pi$,$\dfrac{3\pi}{2}$,$0$,,,2020-10-10 04:24:55+00,1,2020-11-23 12:22:22+00,38,3,2,
2180,37,"",12,13,"Consider the function $f(x,y)=(x-3)^2+(y+2)^2$ with constraint $x \geq 0$ and $y \geq -10$. The point $(0,0)$ is",Basic,a feasible point,"a minimizer of $f(x,y)$","a KKT point of $f(x,y)$","a maximizer of $f(x,y)$",,,2019-12-01 16:48:12+00,1,2019-12-02 15:34:27+00,38,4,5,
2181,1666,"",5,44,Evaluate $\displaystyle \int_{0}^{1} \dfrac{1}{\left(x-3\right)^2\left(x-2\right)} \: dx$,Basic,$\ln{\left(\dfrac{3}{4}\right)}+\dfrac{1}{6}$,$2\ln{\left(\dfrac{1}{3}\right)}-\dfrac{3}{4}$, $\ln{\left(\dfrac{1}{3}\right)}$,$\ln{\left(\dfrac{1}{6}\right)}+\dfrac{3}{4}$,,,2020-10-10 04:29:06+00,1,2020-11-23 12:22:18+00,38,3,2,
2183,1666,"",5,44,"Find the area bounded by the curve $\displaystyle y = x+2, x=2 $ and $\displaystyle x$-axis.",Basic,$8$ square units,$5$ square units,$4$ square units,$18$ square units,,,2020-10-10 04:30:22+00,1,2020-11-23 12:21:13+00,38,2,4,
2184,79,"",17,,"The sample space of a random experiment is $\left\{a, b, c, d, e\right\}$ with probabilities 0.1, 0.1, 0.2, 0.4, and 0.2, respectively. Let $A$ denote the event $\left\{a, b, c\right\}$ and let $B$ denote the event $\left\{c, d, e\right\}$. Calculate $P(A\cup B)$.

",Basic,1,0.2,0.6,0.8,,,2019-12-08 04:31:10+00,1,2019-12-09 07:17:35+00,41,2,5,
2185,1666,"",5,44,Find the area of the region bounded by the  curve $\displaystyle y = x^2 -3x$ and the x-axis. ,Basic,$3$ square units,$2\sqrt{2}$ square units,$3\sqrt{2}$ square units, $5$ square units,,,2020-10-10 04:32:50+00,1,2020-11-23 12:21:18+00,38,2,4,
2186,79,"",17,,"A batch of 25 injection-molded parts contains 5 that have suffered excessive shrinkage. If two parts are selected at random, and without replacement, what is the probability that the second part selected is one with excessive shrinkage?",Advanced,"0.20
","0.80
","0.032
",0.368,,,2019-12-08 04:32:51+00,1,2019-12-09 07:16:56+00,41,2,5,
2187,1666,"",5,44,Find the area of the region bounded by the  curve $\displaystyle y = x(x+2)(x-3)$ and the x-axis. ,Basic, $\dfrac{253}{12}$ square units,$\dfrac{225}{5}$ square units,$\dfrac{200}{3}$ square units,$\dfrac{300}{11}$ square units,,,2020-10-10 04:33:47+00,1,2020-11-23 12:21:24+00,38,4,3,
