id,id_lect,title,author,type,description,link,languages,file_name,file_ext,date,validate,validate_date,validate_by,clicks
9,26,ddd,ddd,3,ddd,"",key_1_,test01.pdf,pdf,2020-05-14 01:42:26+00,0,,0,0
20,38,Change to polar coordinates in double integration,IPB,3,Some notes about the polar coordinates and double integration., ,key_1_,change_of_variables.pdf,pdf,2020-05-29 15:47:15+00,1,2020-06-17 05:38:49+00,38,0
21,67,Notes on Introduction to The Product Rule ,Dr Rita Scully,3,The notes on Introduction to The Product Rule explain the development of the product rule and how it is used. It includes 2 worked examples. These explanations are of particular use for students who may be finding differentiation or the product rule difficult. ,"",key_1_,Intro to Product Rule.docx,docx,2020-06-15 07:20:54+00,1,2020-10-29 13:51:13+00,38,0
22,67,PowerPoint Slides for Differentiation – The Product Rule Set 1,Dr Rita Scully,3,"The PowerPoint slides attached allow each step of the information to be seen. Having control of the slides means that you can stop, review and move on as is appropriate to the class. They also facilitate editing if additional notes or information wish to be added to the slides.", ,key_1_,Differentiation Product Rule Set 1.pptx,pptx,2020-06-15 07:24:58+00,1,2020-12-20 11:00:48+00,38,0
23,67,PowerPoint Slides for Differentiation – The Product Rule - Trigonometric Functions,Dr Rita Scully,3,"The PowerPoint slides attached allow each step of the information to be seen. Having control of the slides means that you can stop, review and move on as is appropriate to the class. They also facilitate editing if additional notes or information wish to be added to the slides.",No link.,key_1_,Differentiation Product Rule Trig.pptx,pptx,2020-06-15 07:28:20+00,0,2020-06-17 08:39:39+00,64,0
24,67,Notes on The Product Rule - Trigonometric Functions,Dr Rita Scully,3,The notes on The Product Rule - Trigonometric Functions include two worked examplesdealing with trigonometric functions. These explanations are of particular use for students who may be finding differentiation or the product rule difficult. ,No link.,key_1_,Product Rule Tutorial Trigonometric Functions.docx,docx,2020-06-15 07:33:34+00,1,2020-06-17 08:44:19+00,64,0
25,67,Derivative of the product - solved exercice,Dr Rita Scully,3,"Solved examples performs an important role in developing understanding in Maths, giving insight in the teaching and learning process. They support repetition and promote familiarity with the new  skill being learned and help to imbed that skill.",No link.,key_1_,Example 82.docx,docx,2020-06-15 07:37:55+00,1,2020-06-17 08:48:04+00,64,0
26,67,Derivative of the Product - Solved Example,Dr Rita Scully,3,Using examples have an important role in developing understanding in Maths. Using examples of questions is a method practiced by teachers to explain and give mathematical understanding in the teaching and learning process. They support repetition and promote familiarity with the new Maths skill being learned and help to embed that skill.,No link.,key_1_,Example 95.docx,docx,2020-06-15 07:40:54+00,1,2020-06-17 08:49:11+00,64,0
27,67,Derivative of the Product - Example,Dr Rita Scully,3,Using examples performs an important role in developing understanding in Maths. Using examples with solved questions is a method practiced by teachers to explain and give mathematical understanding in the teaching and learning process. They support repetition and promote familiarity with the new Maths skill being learned and help to imbed that skill.,No link.,key_1_,Example 96.docx,docx,2020-06-15 07:42:57+00,1,2020-06-17 08:51:10+00,64,0
28,67,Derivative of the Product - Worked Example,Dr Rita Scully,3,Using examples have an important role in developing understanding in Maths. Using examples of questions is a method practiced by teachers to explain and give mathematical understanding in the teaching and learning process. They support repetition and promote familiarity with the new Maths skill being learned and help to imbed that skill.,No link.,key_1_,Example 98.docx,docx,2020-06-15 07:45:37+00,1,2020-06-17 08:52:29+00,64,0
29,67,Derivative of the Product - Worked Example,Dr Rita Scully,3,Using examples have an important role in developing understanding in Maths. Using examples of questions is a method practiced by teachers to explain and give mathematical understanding in the teaching and learning process. They support repetition and promote familiarity with the new Maths skill being learned and help to imbed that skill.,No link.,key_1_,Example 101.docx,docx,2020-06-15 07:48:27+00,1,2020-06-17 08:54:11+00,64,0
30,67,The rule for the derivative of the product  - Tutorial 1,Dr Rita Scully,3,The notes on the rule for the derivative of the product - Tutorial 1 explain two worked examples. These explanations are of particular use for students who may be finding differentiation or the product rule difficult. ,No link.,key_1_,Product Rule Tutorial 1 Notes.docx,docx,2020-06-15 07:52:04+00,1,2020-06-17 08:34:07+00,64,2
31,43,Discussion of a linear system depending on a parameter,UniGe,3,"We solve a typical exercice about the resolution of a linear system depending on a real parameter and, in particular, discuss how many solutions the system has.",No link.,key_1_,Teach1.pdf,pdf,2020-06-23 11:00:31+00,1,2020-11-15 09:21:30+00,64,0
32,43,Systems of linear equations - classification according to the number of solutions,UniGe,3,"We present a list of true/false questions about properties of square linear systems, in particular about the number of solutions they have.",No link.,key_1_,TMLS2.pdf,pdf,2020-06-23 11:07:37+00,1,2020-11-15 09:28:50+00,64,1
33,43,Systems of linear equations - equivalence  of systems,UniGe,3,"We study two linear systems which have different number of equations but the same number of variables, and study if they are equivalent.",No link.,key_1_,TMLS3.pdf,pdf,2020-06-23 11:14:04+00,1,2020-11-15 09:31:58+00,64,0
34,43,Systems of linear equations - properties,UniGe,3,"We provide a true/false list of questions about properties of linear systems, in particular about how they do change when operating on the rows by multiplication of a scalar and by addition of rows.",No link.,key_1_,TMLS4.pdf,pdf,2020-06-23 11:28:20+00,1,2020-11-15 09:27:55+00,64,1
35,43,Systems of linear equations - Gauss' method,UniGe,3,We present the complete solution of a linear system of equations (not depending on parameters) by making use of the Gauss algorithm.,No link.,key_1_,TMLS5.pdf,pdf,2020-06-23 11:34:00+00,1,2020-11-15 09:40:13+00,64,0
36,43,Systems of linear equations - discussion depending on the values of the parameters,UniGe,3,We show how to solve completely a linear systems depending on two parameters by making use of the Gauss algorithm.,No link.,key_1_,TMLS8.pdf,pdf,2020-06-23 11:38:02+00,1,2020-11-15 09:40:45+00,64,0
38,67,Basic Concepts of Logarithms,Dr Siobhan Curtin,3,"These introductory notes to the basic concepts of logarithms forms the basis of manipulation of logarithms. It includes a number of worked examples which will aid students that are finding the intricacies of logarithms hard to grasp.  
", ,key_1_,Basic concepts.docx,docx,2020-06-24 04:32:26+00,1,2020-11-06 09:20:03+00,38,0
78,1666,Concept of Subset.,IPB,3,Subsets and their properties.,No link.,key_1_,Subsets.pdf,pdf,2020-10-29 09:51:28+00,1,2023-08-08 01:32:37+00,64,0
39,67,Indices 1,Roz Whelan,3,"Slides explain how numbers can be written as a base with index, the Laws of Indices are outlined and practical examples are provided for each law.", ,key_1_,Indices.pdf,pdf,2020-06-24 04:35:51+00,1,2020-11-06 09:26:25+00,38,0
40,67,Indices 2: Worked Examples,Roz Whelan,3,"Three worked examples based on SNA and SFA questions for Indices, varying in degree of difficulty to aid students in their understanding of this topic and it’s application.", ,key_1_,Indices Worked Examples.docx,docx,2020-06-24 04:39:08+00,1,2020-11-06 10:03:10+00,38,0
41,67,Basic Concepts of Logarithms,Dr Siobhan Curtin,3,The laws of logarithms are introduced to students here. These notes build on concepts learned from the previous lesson on basic concepts of logarithms. Included are a number of worked examples detailing exactly how to derive the correct answer. It is envisioned that these notes will help students build their knowledge on the manipulation of logarithm expressions and equations. , ,key_1_,"","",2020-06-24 04:41:59+00,2,2020-11-16 06:06:03+00,38,0
42,67,Manipulating Formula 1,Roz Whelan,3,Slides explain how formulas can be manipulated so that one element can be isolated from the remainder of the formula. This will aid student’s understanding and ability to manipulate a variety of formula of differing complexity., ,key_1_,Manipulating Formula.pdf,pdf,2020-06-24 04:44:31+00,1,2020-11-16 09:26:39+00,38,0
43,67,Manipulation of Formula - worked examples (basic),Roz Whelan,3,"Three worked examples based on SNA and SFA questions for Manipulating Formula, varying in degree of difficulty to aid students in their understanding of this topic and it’s application.", ,key_1_,Manipulation of Formula Worked Examples Basic.docx,docx,2020-06-24 04:48:21+00,1,2020-11-06 09:36:37+00,38,1
44,67,Manipulation of Formula: Worked Examples (Advanced),Roz Whelan,3,"Three worked examples based on SNA and SFA questions for Manipulating Formula, varying in degree of difficulty to aid students in their understanding of this topic and it’s application.", ,key_1_,Manipulation of Formula Worked Examples Advanced.docx,docx,2020-06-24 04:51:00+00,1,2020-11-16 09:28:16+00,38,0
45,67,Simplifying Algebraic Expressions,Dr Siobhan Curtin,3,"These notes provide information on how to simplify algebraic expressions. Algebraic fractions can be added, subtracted, multiplied and divided in the same way as numerical fractions.  Examples of how to do all of these are presented. These notes provide the assistance students need to get to grasp with the simplification of algebraic fractions.", ,key_1_,Simplifying algebraic fractions.docx,docx,2020-06-24 06:17:25+00,1,2020-10-31 16:09:39+00,38,0
46,67,Solving Exponential Equations,Dr Siobhan Curtin,3,Worked examples are included for students to go through in their own time. These notes provide the assistance students need to get to grasp solving exponential expressions., ,key_1_,Solving exponential equations.docx,docx,2020-06-24 06:23:17+00,1,2020-12-20 11:19:44+00,38,0
47,67,Solving Logarithmic Equations,Dr Siobhan Curtin,3,"Slides are presented on more solving logarithmic equations. These examples pull a number of strands of algebraic manipulation together. By using slides, students can take their time to go over each questions completely understanding how answers are arrived at. ", ,key_1_,Solving logarithmic equations.pdf,pdf,2020-06-24 06:27:16+00,1,2020-11-16 06:11:10+00,38,0
48,43,System of linear equations - 3 different methods to find the solution,UniGe,3,"We show how to solve a general square linear system associated to an invertible matrix, by using the Cramer rule, the Gauss algorithm and the inverse matrix.",No link.,key_1_,TMLS6.pdf,pdf,2020-06-24 11:19:28+00,1,2020-11-15 09:36:33+00,64,1
49,43,Systems of linear equations  - Gaussian elimination,UniGe,3,We show how to perform the Gauss algorithm to put a matrix in a row echelon form and how to use this to solve a linear system.,No link.,key_1_,TMLS7.pdf,pdf,2020-06-24 11:24:03+00,1,2020-11-15 09:41:12+00,64,0
50,43,Systems of linear equations - how many solutions?,UniGe,3,We show how to calculate the rank of a matrix by using the Gauss algorithm and how to use it to decide how many solutions a linear system has.,No link.,key_1_,TMLS9.pdf,pdf,2020-06-24 11:30:25+00,1,2020-11-15 09:38:35+00,64,1
51,43,Systems of linear equations - Gauss' method,UniGe,3,We show how to use the Gauss algorithm to decide how many solutions a linear system has and how to calculate them.,No link.,key_1_,TMLS10.pdf,pdf,2020-06-24 11:35:06+00,1,2020-11-15 09:39:29+00,64,0
52,52,GLOSSARY: A DICTIONARY FOR LINEAR ALGEBRA,Source: Massachusetts Institute of Technology   ,3,"In the glossary, a dictionary is provided, with definitions and theorems for all topics of Linear Algebra, including matrices and determinants. 
",http://web.mit.edu/18.06/www/Essays/glossary.pdf,key_1_,glossary.pdf,pdf,2020-06-25 09:07:20+00,1,2020-11-15 10:42:12+00,37,1
54,52,Revision notes of matrix and determinants,Punjab Board of Technical Education,3,"A detailed description of main definitions, facts and properties covering matrices and determinants. Explanations with examples are also given",https://www.pbte.edu.pk/text%20books/dae/math_113/Chapter_09.pdf,key_1_,revision.pdf,pdf,2020-06-25 09:32:05+00,1,2021-02-06 11:21:26+00,37,1
55,52,More about inverse matrix, W. Keith Nicholson (open textbook),3,"A chapter of an open access textbook is provided, where more information about inverse matrices, operations and properties can be learned. Exercises with answers for practicing are also available.

For those who are interested to learn more, the full book can be found here: https://lila1.lyryx.com/textbooks/OPEN_LAWA_1/marketing/Nicholson-OpenLAWA-2019A.pdf",https://lila1.lyryx.com/textbooks/OPEN_LAWA_1/marketing/Nicholson-OpenLAWA-2019A.pdf,key_1_,MatrixInverse.pdf,pdf,2020-06-25 10:40:57+00,1,2021-02-05 10:19:17+00,64,13
56,52,Properties of Determinants,Gregory Hartman (open textbooks),3,"A chapter of an open textbook is provided, where you can learn more about the properties of determinants. Exercises for practicing are also available.

For those, who are interested,  all open textbook is available here: https://open.umn.edu/opentextbooks/textbooks/fundamentals-of-matrix-algebra",https://open.umn.edu/opentextbooks/textbooks/fundamentals-of-matrix-algebra,key_1_,PropertiesOfDeterminants.pdf,pdf,2020-06-25 11:01:33+00,1,2021-02-05 10:25:13+00,64,0
66,1074,"OR - Origins, Methods, and Applications",Elisa Barros,3,"Some notes on the origin of Operational Research, its methodology and the different applications.

","",key_1_,"OR - Origins, Methods, and Applications.pdf",pdf,2020-09-30 10:48:01+00,0,,0,0
74,1666,Direct Definite Integrals,IPB,3,Resolution to a direct definite integral,"",key_1_,3.pdf,pdf,2020-10-27 14:17:31+00,1,2020-10-29 13:19:24+00,38,0
76,1666,Basic Set Operations,Roshan Poudel,3,"Concepts of union, intersection, difference and compliment of sets. Properties of sets and De Morgan's laws.",no link,key_1_,basic set operations.pdf,pdf,2020-10-29 09:36:50+00,1,2020-11-07 10:45:52+00,64,0
77,1666,Basic Concepts About Sets.,IPB,3,Definition of set. Properties and concept of empty set.,No link.,key_1_,Set Concepts.pdf,pdf,2020-10-29 09:45:28+00,1,2020-11-07 10:47:14+00,64,0
79,1666,Direct Definite Integrals,IPB,3,This is a resolution using Direct Definite Integrals.,"",key_1_,4.pdf,pdf,2020-10-29 13:01:50+00,1,2020-10-29 13:39:15+00,38,1
80,1666,Direct Definite Integrals,IPB,3,Hint,"",key_1_,5.pdf,pdf,2020-10-29 13:03:46+00,1,2020-10-29 13:40:35+00,38,0
81,1666,Direct Definite Integrals,IPB,3,Hint,"",key_1_,6.pdf,pdf,2020-10-29 13:04:46+00,1,2020-10-29 13:29:05+00,38,0
82,1666,Direct Definite Integrals,IPB,3,This is a resolution using Direct Definite Integrals.,"",key_1_,7.pdf,pdf,2020-10-29 13:06:49+00,1,2020-10-29 13:29:54+00,38,0
83,1666,Direct Definite Integrals,IPB,3,This is a resolution using Direct Definite Integrals.,"",key_1_,9.pdf,pdf,2020-10-29 13:08:41+00,1,2020-10-29 13:36:35+00,38,0
84,1666,Integration by parts,IPB,3,This is a resolution of Definite Integrals using integration by parts.,"",key_1_,10.pdf,pdf,2020-10-29 13:10:31+00,1,2020-10-29 13:35:18+00,38,1
86,1666,Direct Definite Integrals,IPB,3,This is a resolution using Direct Definite Integrals.,"",key_1_,1.pdf,pdf,2020-10-29 13:18:20+00,1,2020-10-29 13:24:06+00,38,0
87,1666,Direct Definite Integrals,IPB,3,This is a resolution using Direct Definite Integrals.,"",key_1_,2.pdf,pdf,2020-10-29 13:18:58+00,1,2020-10-29 13:20:30+00,38,0
88,1666,Integration by parts,IPB,3,Hint,"",key_1_,11.pdf,pdf,2020-10-29 13:20:09+00,1,2020-10-29 13:36:02+00,38,1
89,1666,Integration by parts,IPB,3,Hint for both functions., ,key_1_,12.pdf,pdf,2020-10-30 07:28:10+00,1,2020-10-30 09:53:20+00,38,2
90,1666,Integration by parts,IPB,3,Hint to see if it is a definite integral or an improper integral, ,key_1_,13.pdf,pdf,2020-10-30 07:29:27+00,1,2020-10-30 09:55:53+00,38,0
91,1666,Integration by parts,IPB,3,Hint,"",key_1_,14.pdf,pdf,2020-10-30 07:31:52+00,2,2020-10-30 09:59:51+00,38,0
92,1666,Integration by parts,IPB,3,This is a resolution of definite integrals using integration by parts.,"",key_1_,15.pdf,pdf,2020-10-30 07:33:53+00,2,2020-10-30 11:13:04+00,38,0
93,1666,Integration by parts,IPB,3,Hint to apply integration by parts two times, ,key_1_,16.pdf,pdf,2020-10-30 07:37:28+00,1,2020-10-30 10:05:45+00,38,0
95,1666,Definite Integrals - Trigonometric functions,IPB,3,Resolution of a definite integral involving trigonometric functions, ,key_1_,17.pdf,pdf,2020-10-30 07:42:40+00,1,2020-10-30 10:07:23+00,38,0
96,1666,Definite Integrals- Trigonometric substitution,IPB,3,Resolution to a definite integral problem using trigonometric substitution,"",key_1_,20.pdf,pdf,2020-10-30 07:48:31+00,2,2020-10-30 10:11:13+00,38,0
97,1666,Definite Integrals - Trigonometric substitution,IPB,3,Hint about the substitution needed, ,key_1_,21.pdf,pdf,2020-10-30 07:49:51+00,1,2020-10-30 10:14:17+00,38,0
98,1666,Definite Integrals - Trigonometric substitution ,IPB,3,Hint about the substitution to be done, ,key_1_,22.pdf,pdf,2020-10-30 07:52:16+00,1,2020-10-30 10:15:54+00,38,0
99,1666,Definite Integrals - Rational functions,IPB,3,Resolution to a definite integral problem using partial fractions decomposition,"",key_1_,23.pdf,pdf,2020-10-30 07:56:58+00,2,2020-10-30 10:18:50+00,38,0
100,1666,Definite Integrals - Rational functions,IPB,3,Resolution of a definite integral problem using partial fractions decomposition, ,key_1_,24.pdf,pdf,2020-10-30 07:59:18+00,1,2020-10-30 10:26:45+00,38,0
101,1666,Definite Integrals - Rational functions,IPB,3,Resolution to a definite integral problem using partial fractions decomposition,"",key_1_,25.pdf,pdf,2020-10-30 08:00:18+00,1,2020-10-30 10:28:28+00,38,0
102,1666,Definite Integrals - Rational functions,IPB,3,Resolution to a definite integral problem involving rational functions,"",key_1_,27.pdf,pdf,2020-10-30 08:02:55+00,1,2020-10-30 10:30:05+00,38,0
103,1666,Definite Integrals - Area ,IPB,3,Resolution of an Area problem using definite integrals. , ,key_1_,28.pdf,pdf,2020-10-30 08:08:31+00,1,2020-10-30 10:33:30+00,38,0
104,1666,Definite Integrals - Area,IPB,3,Resolution of an area problem using definite integrals.,   ,key_1_,area29.pdf,pdf,2020-10-30 08:12:57+00,1,2022-11-27 12:06:20+00,38,0
105,1666,Definite Integrals - Area,IPB,3,Resolution to Area problem using definite integrals.,"",key_1_,30.pdf,pdf,2020-10-30 08:15:09+00,1,2020-10-30 10:35:31+00,38,1
106,1666,Definite Integrals - Area,IPB,3,Resolution of an Area problem using definite integrals., ,key_1_,31.pdf,pdf,2020-10-30 08:18:34+00,1,2020-10-30 10:38:15+00,38,0
107,1666,Definite Integrals - Area,IPB,3,Resolution to Area problem using definite integrals.,"",key_1_,32.pdf,pdf,2020-10-30 08:20:27+00,2,2020-10-30 10:46:39+00,38,0
108,1666,Definite Integrals - Area,IPB,3,Resolution of an Area problem using definite integrals., ,key_1_,34.pdf,pdf,2020-10-30 08:21:54+00,1,2020-10-30 10:50:02+00,38,0
109,1666,Definite Integrals - Area,IPB,3,Hint,"",key_1_,35.pdf,pdf,2020-10-30 08:23:46+00,2,2020-10-30 10:54:04+00,38,0
110,1666,Definite Integrals - Volume of Revolution ,IPB,3,Resolution to finding volume of resolution using definite integrals.,"",key_1_,38.pdf,pdf,2020-10-30 08:27:05+00,2,2020-10-30 10:58:35+00,38,0
111,1666,Definite Integrals - Volume of revolution,IPB,3,Resolution to finding volume of revolution using definite integrals.,"",key_1_,39.pdf,pdf,2020-10-30 08:29:47+00,0,,0,0
112,1666,Definite Integrals - Volume of revolution,IPB,3,Visual definition of the planar region to find  the volume of revolution around x-axis, ,key_1_,39 (1).pdf,pdf,2020-10-30 08:33:36+00,1,2020-10-30 11:02:39+00,38,1
114,1666,Definite Integrals - Volume of revolution ,IPB,3,Resolution to finding the volume of revolution using definite integrals. , ,key_1_,40.pdf,pdf,2020-10-30 08:35:54+00,1,2020-10-30 09:46:44+00,38,1
116,1666,Definite Integrals - Volume of revolution ,IPB,3,Resolution to finding volume of revolution using definite integrals,"",key_1_,42.pdf,pdf,2020-10-30 08:43:27+00,2,2020-10-30 09:25:45+00,38,0
117,1666,Definite Integrals - Volume of revolution ,IPB,3,Hint to a volume of revolution problem. ,"",key_1_,44.pdf,pdf,2020-10-30 08:45:04+00,2,2020-10-30 09:02:09+00,38,0
118,1666,Definite Integrals - Volume of revolution ,IPB,3,Hint to a volume of revolution problem,"",key_1_,41.pdf,pdf,2020-10-30 09:32:03+00,2,2020-10-30 11:06:13+00,38,0
119,1666,Definite Integrals - Volume of revolution ,IPB,3,Hint to find the volume of the solid  formed by revolving the planar region around the y-axis, ,key_1_,44.pdf,pdf,2020-10-30 09:34:55+00,1,2020-10-30 11:10:22+00,38,0
120,1666,Definite Integrals - Volume of revolution ,IPB,3,Resolution of a volume of revolution problem , ,key_1_,43.pdf,pdf,2020-10-30 11:02:10+00,1,2020-10-30 11:16:55+00,38,0
121,1666,Integration by parts,IPB,3,Hint: uses integration by parts and gives a sugestion to g function, ,key_1_,resolution.pdf,pdf,2020-10-30 11:03:23+00,1,2020-10-30 11:22:57+00,38,1
122,1666,Definite Integrals - Trigonometric substitutions,IPB,3,Resolution of a definite integral problem using trigonometric substitution, ,key_1_,20.pdf,pdf,2020-10-30 11:20:23+00,1,2020-10-30 11:24:29+00,38,0
123,1666,Definite Integrals - Rational functions,IPB,3,Resolution to a definite integral problem using partial fractions decomposition ,"",key_1_,23.pdf,pdf,2020-10-30 11:44:09+00,1,2020-10-30 11:50:51+00,38,0
124,1666,Definite Integrals - Area,IPB,3,Resolution for finding an area using definite integrals, ,key_1_,32.pdf,pdf,2020-10-30 11:45:57+00,1,2020-10-30 11:51:29+00,38,0
125,1666,Definite Integrals - Volume of revolution,IPB,3,Resolution to a volume of revolution problem using definite integrals.,"",key_1_,41.pdf,pdf,2020-10-30 11:52:32+00,1,2020-10-30 11:55:01+00,38,0
126,1666,Definite Integrals - Area ,IPB,3,The region is presented and some highlights about the resolution are given., ,key_1_,35.pdf,pdf,2020-10-30 12:08:23+00,1,2020-10-30 13:40:58+00,38,0
128,1666,Definite Integrals - Integration by parts,IPB,3,The resolution of an indefinite integral is provided (integration by parts)., ,key_1_,15.pdf,pdf,2020-10-30 12:47:21+00,1,2020-11-16 10:49:48+00,38,1
129,38,Integration by parts,IPB,3,Somes notes are presented about integration by parts strategy. Some examples are also presented., ,key_1_,by parts.pdf,pdf,2020-10-30 14:46:39+00,1,2023-08-04 04:46:27+00,64,1
130,38,Direct integration and properties,IPB,3,"Some notes are presented about the direct inspection. Also, the integral properties are shown.","",key_1_,direc and properties.pdf,pdf,2020-10-30 14:50:19+00,1,2020-10-30 20:23:16+00,38,2
131,38,Integration of rational functions,IPB,3,Integration of rational functions is explained. Some methods to obtain the coefficients of partial fractions are also addressed. Some examples are shown., ,key_1_,rational functions.pdf,pdf,2020-10-30 14:55:23+00,1,2020-10-30 20:24:00+00,38,1
132,38,Integration by substitution,IPB,3,A summary is presented to integrate a function using the substitution strategy., ,key_1_,substitution.pdf,pdf,2020-10-30 14:58:38+00,1,2023-08-04 04:45:01+00,64,1
133,38,Integration by trigonometric substitution,IPB,3,"An example of this technique is presented and a table with the substitution that should be made, in each case, is given.","",key_1_,trig subst.pdf,pdf,2020-10-30 15:03:48+00,1,2020-10-30 20:25:14+00,38,1
134,38,Rules for the integration of trigonometric power functions,IPB,3,A table with formulas to integrate trigonometric power function is presented., ,key_1_,trig power funct.pdf,pdf,2020-10-30 15:09:35+00,1,2020-10-30 20:27:14+00,38,1
135,38,Direct inspection -- Direct integration,IPB,3,Some exercises are solved using direct inspection. Integration of a constant function and power functions., ,key_1_,direct integration.pdf,pdf,2020-10-30 20:18:18+00,1,2020-10-30 20:28:52+00,38,0
136,38,Substitution technique,IPB,3,A resolution about an integral using the substitution technique is shown., ,key_1_,Exercise subst.pdf,pdf,2020-11-02 14:28:34+00,1,2020-11-02 14:41:42+00,38,1
137,38,Exercise to explore the integral properties and direct inspection,IPB,3,This is the resolution of the question related with the integration of sums and multiplication by a scalar., ,key_1_,Exercise.pdf,pdf,2020-11-02 14:35:31+00,1,2020-11-02 14:42:00+00,38,2
138,38,Exercise about the trigonometric substitution to solve an integral,IPB,3,The resolution of an exercise using the trigonometric substitution  is presented. , ,key_1_,Exercise trig subst.pdf,pdf,2020-11-02 14:39:46+00,1,2020-11-02 14:42:15+00,38,0
139,1666,Binary Relations and Related Concepts,IPB,3,"Different concepts related to binary relations and cartesian product are explained, such as:
- Reflexive Relations
- Transitive Relations
- Symmetric Relations
- Anti-Symmetric Relations
- Equivalence Relation
- Partial Order
",No link.,key_1_,Binary Relations.pdf,pdf,2020-11-07 09:31:45+00,1,2020-11-07 10:52:06+00,64,0
140,1666,Intersection and Union of Sets,IPB,3,Solution to a problem related with basic set operations (concepts of intersection and union),No link.,key_1_,solution1.pdf,pdf,2020-11-07 09:42:48+00,1,2020-11-14 11:15:36+00,64,0
141,1666,Set Operations and Cardinality ,IPB,3,Solved exercice envolving set opeations and cardinality.,No link.,key_1_,solution2.pdf,pdf,2020-11-07 10:12:12+00,1,2020-11-14 11:18:58+00,64,0
142,67,The Law of Logarithms and Worked Examples,Rita Scully,3,This handout summarises the Law of Logarithms. These laws enable us to solve many complex equations. It instructs the user in a calculator exercise and then goes through four worked examples., ,key_1_,41.docx,docx,2020-11-17 09:52:14+00,1,2020-11-17 10:39:30+00,38,1
143,41,Basics of statistics,David M. Lane. et al.,3,The main purpose of statistics are explained. The introduction to statistical characteristics with interpretation and some calculation are presented. ,http://cs.ioc.ee/ITKStat/files/1_intro.pdf,key_1_,basic_statistics.pdf,pdf,2020-11-19 00:42:45+00,2,2020-12-21 12:55:33+00,37,0
144,41,"Graphical Displays of Sample Data
",Ismor Fischer,3,"Some graphical exercises (dotplots, stem-and-seaf diagrams (stemplots), histograms)  are explained and compared.",http://pages.stat.wisc.edu/~ifischer/Intro_Stat/Lecture_Notes/2_-_Exploratory_Data_Analysis/2.2_-_Graphical_Displays.pdf,key_1_,2.2_-_Graphical_Displays.pdf,pdf,2020-11-19 00:58:06+00,1,2020-12-20 16:03:33+00,37,1
145,41,Summary Statistics – Measures of Center and Spread,Ismor Fischer,3,"Some graphical explanation about measures of center (median, mode, mean) and  measures of spread (range, variance, standard deviation) are given.",http://pages.stat.wisc.edu/~ifischer/Intro_Stat/Lecture_Notes/2_-_Exploratory_Data_Analysis/2.3_-_Summary_Statistics.pdf,key_1_,2.3_-_Summary_Statistics.pdf,pdf,2020-11-19 01:04:18+00,1,2020-12-20 16:04:30+00,37,0
146,41,Statistical Inference and Hypothesis Testing,Ismor Fischer,3,"Basics concepts of parameter estimate, confidence interval, hypothesis testing and types of errors for one sampe are presented.",http://pages.stat.wisc.edu/~ifischer/Intro_Stat/Lecture_Notes/6_-_Statistical_Inference/6.1_-_One_Sample.pdf,key_1_,6.1_-_One_Sample.pdf,pdf,2020-11-19 01:13:48+00,2,2020-12-21 12:55:56+00,37,0
147,41,Statistical inference and hypothesis testing for two samples.,Ismor Fischer,3,Basics concepts of  hypothesis testing  for two sampe are presented.,http://pages.stat.wisc.edu/~ifischer/Intro_Stat/Lecture_Notes/6_-_Statistical_Inference/6.2_-_Two_Samples.pdf,key_1_,6.2_-_Two_Samples.pdf,pdf,2020-11-19 01:18:24+00,1,2020-12-20 16:05:49+00,37,1
148,41,"Exercises (hypothesis testing, confidence interval)",Ismor Fischer,3,Some actual problems on testing hypothesis are presented.,http://pages.stat.wisc.edu/~ifischer/Intro_Stat/Lecture_Notes/6_-_Statistical_Inference/6.4_-_Problems.pdf,key_1_,6.4_-_Problems.pdf,pdf,2020-11-19 01:22:52+00,1,2020-12-20 16:06:45+00,37,0
300,2943,Triple integration using rectangular coordinates.,Sofia F. Romanenko,3,Partially solved exercise using rectangular coordinates.,"",key_1_,23.pdf,pdf,2022-09-05 12:20:49+00,1,2022-09-07 07:53:34+00,38,0
149,41,Linear correlation and regression,Ismor Fischer,3,Introduction to linear regression are presented. Some most common variables and values are explained.,http://pages.stat.wisc.edu/~ifischer/Intro_Stat/Lecture_Notes/7_-_Correlation_and_Regression/7.2_-_Linear_Correlation_and_Regression.pdf,key_1_,7.2_-_Linear_Correlation_and_Regression.pdf,pdf,2020-11-19 01:28:12+00,1,2020-12-20 16:07:11+00,37,0
150,41,Lecture on parametric and nonparametric tests,Dr. Rajeev Pandey,3,Basic concepts on parametric and nonparametric tests are presented and explained. Typical exercises are solved.,https://www.lkouniv.ac.in/site/writereaddata/siteContent/202003241550010566rajeev_pandey_parametric_test.pdf,key_1_,parametric_nonparametric_test.pdf,pdf,2020-11-19 02:22:08+00,2,2020-12-21 12:56:12+00,37,0
151,41,Use of statistical tables,"Lucy Radford, Jenny V. Freeman and Stephen J. Walters",3,"Lucy Radford, Jenny V. Freeman and Stephen J. Walters introduce three important
statistical distributions: the standard Normal, t and Chi-squared distributions",https://www.sheffield.ac.uk/polopoly_fs/1.43999!/file/tutorial-10-reading-tables.pdf,key_1_,critical_values.pdf,pdf,2020-11-19 05:51:27+00,1,2020-12-20 16:08:12+00,37,1
153,41,Outliers,Michael Jack Davis,3,"Outliers, interquartile range and boxplot are explained with some simple calculations.",https://www.sfu.ca/~jackd/Stat203_2011/Wk02_1_Full.pdf,key_1_,outliers.pdf,pdf,2020-11-19 06:38:05+00,1,2020-12-20 16:09:44+00,37,0
156,81,Lines and planes in the Cartesian coordinate system,Edite Martins Cordeiro,3,Algebraic representation of lines in the Cartesian plane and lines and planes in the three-dimensional Cartesian system. Definitions and examples.,"",key_1_,lines.pdf,pdf,2020-12-18 02:50:33+00,1,2020-12-20 15:23:36+00,64,2
157,81,Relative position of straight lines and planes,Edite Martins Cordeiro,3,"Relative position of straight lines in the plane. Relative position of straight lines and two planes in $R^3$. Parallel lines, intersecting lines and skew lines. ",no link,key_1_,position of straight lines and planes.pdf,pdf,2020-12-18 03:38:05+00,1,2020-12-20 15:24:52+00,64,0
159,41,Introduction to hypothesis testing,"Diana Mindrila, Ph.D.
Phoebe Balentyne, M.Ed.",3,"Some basic concepts of hypotesis testing are explained (significance evel, confidence level, null hypothesis and other).",https://www.westga.edu/academics/research/vrc/assets/docs/tests_of_significance_notes.pdf,key_1_,tests_of_significance_notes.pdf,pdf,2020-12-21 02:25:32+00,1,2020-12-21 13:22:04+00,37,0
161,41,Null Hypothesis Significance Testing,Jeremy Orloff and Jonathan Bloom,3,In these notes introduction to two  tests  (one-sample t-tests and two-sample t-tests) is presented. Basic concepts of hypothesis testing are provided.,https://ocw.mit.edu/courses/mathematics/18-05-introduction-to-probability-and-statistics-spring-2014/readings/MIT18_05S14_Reading18.pdf,key_1_,hyp_test.pdf,pdf,2020-12-21 02:51:16+00,1,2020-12-21 13:22:55+00,37,0
163,61,Higher Order Linear Differential Equations,Marcel Roman,3,The higher order linear differential equations are presented and some examples are given.,"",key_1_,Higher OrderDiffEq.pdf,pdf,2020-12-22 05:37:04+00,1,2021-02-06 15:58:37+00,38,0
164,81,Circle and spherical surface,Edite Martins Cordeiro,3,Basic information about circles and spherical surfaces - Definitions and respective Cartesian equations.,"",key_1_,Circle_and Sphere.pdf,pdf,2020-12-26 14:14:13+00,2,2021-04-04 16:42:30+00,64,0
165,74,Duality Theory,Clara B. Vaz,3,It briefly describes the Duality theory. It formulates the primal and dual problems and their relationship. It includes a practical example.,"",key_1_,CV_duality_V0.pdf,pdf,2020-12-29 15:05:55+00,1,2021-02-06 10:40:50+00,37,1
166,74,Introduction to the Linear Programming ,Clara B. Vaz,3,"It describes the problems where the linear programming can be applied, the formulation of the mathematical model and its components.",-,key_1_,CV_Linear Programming_V0.pdf,pdf,2020-12-29 15:18:24+00,1,2023-08-04 03:45:06+00,64,0
167,74,Formulation of the Linear Programming model,Clara B. Vaz,3,"It explains how to formulate a linear programming model using a practical example. It details the meaning of the decision variables, the objective function, the functional and nonnegativity constraints.","",key_1_,CV_LP_example_V0.pdf,pdf,2020-12-29 15:28:07+00,1,2021-02-06 10:47:55+00,37,0
168,74,Linear Programming: Excel Solver Add-in ,Clara B. Vaz,3,It describes how to install the Excel Solver Add-in and how it can be used to solve a linear programming model to obtain the optimum solution.,"",key_1_,CV_solver_V0.pdf,pdf,2020-12-29 15:38:20+00,1,2021-02-06 10:50:35+00,37,0
169,74,Linear Programming: Sensitivity analysis example,Clara B. Vaz,3,It performs the econometric interpretation of the primal and dual problems from the Answer and Sensitivity Reports using a practical example. It includes the sensitivity analysis of the coefficients of objective function and the independent terms on the left side of functional constraints.,"",key_1_,CV_LP_sensitivity_V0.pdf,pdf,2020-12-29 15:46:45+00,1,2021-02-06 10:51:24+00,37,0
173,81,Change of basis,"Edite Martins Cordeiro, Flora Silva and Paula Maria Barros",3,"Overview on the vector representation of a vector space on certain bases of it.
In a vector space, the co-ordinates of a vector is always with respect to a basis. ",--,key_1_,Change_Basis.pdf,pdf,2021-01-05 04:44:52+00,1,2021-04-22 11:00:14+00,64,0
175,61,First Order Homogeneous Differential Equations,Marcel Roman,3,"The first order homogeneous differential equations and the first order differential equations reducible to homogeneous are presented. Also, there are proposed exercises of both types. ","",key_1_,HomogeneousEqs.pdf,pdf,2021-01-06 02:07:07+00,1,2021-02-06 16:02:17+00,38,0
176,61,Differential Equation with Separable Variables ,Marcel Roman,3,"Differential Equation with Separable Variables and one solved example are presented. Also, another 8 exercises are proposed.","",key_1_,SeparabVarEq.pdf,pdf,2021-01-06 02:45:42+00,1,2021-02-06 11:06:37+00,37,0
177,61,Exact Differential Equation,Marcel Roman,3,The exact differential equation is presented and one exercise is completely solved. ,"",key_1_,Exact1.pdf,pdf,2021-01-06 03:17:35+00,1,2021-02-06 11:07:11+00,37,0
178,61,Equation reducible to Exact Differential Equation. Integrating factors.,Marcel Roman,3,"Some ordinary differential equations can be transformed into an exact differential equation by multiplication with an integrating factor. Determination of the integrating factor is presented. Also, there is an exercise complete solved and several exercises are proposed. ","",key_1_,IntegratingFac.pdf,pdf,2021-01-06 03:44:47+00,1,2021-02-09 06:59:18+00,38,0
179,81,"Intersection and sum of two vector spaces and the relationship between
their dimensions","Edite Martins Cordeiro, Flora Silva and Paula Maria Barros",3,"We define the addition and intersection operations of vector subspaces of the same vector space.
We also apply the theorem which relates the dimension of a sum of subspaces of a finite-dimensional vector space to the dimension of each of the individual subspaces and their set intersection.",-,key_1_,Operations with vector spaces.pdf,pdf,2021-01-09 09:42:57+00,1,2021-04-22 11:16:05+00,64,0
180,81,Vector spaces ,"Edite Martins Cordeiro, Flora Silva and Paula Maria Barros",3,Vector space definition. Some examples and counterexamples.,-,key_1_,VectorSpaces.pdf,pdf,2021-01-09 10:59:17+00,1,2021-04-22 11:02:07+00,64,0
181,81,Subspace of a vector space,"Edite Martins Cordeiro, Flora Silva and Paula Maria Barros",3,Subspace of a vector space - definition and properties. Some examples and their geometric interpretation.,-,key_1_,Subspaces.pdf,pdf,2021-01-09 11:06:43+00,1,2021-04-22 11:03:54+00,64,0
182,81,Subspace spanned by a set,"Edite Martins Cordeiro, Flora Silva and Paula Maria Barros",3,Definition of linear combination and of linear span. Related properties and some resolved examples. ,--,key_1_,SubspacesSpanned.pdf,pdf,2021-01-09 11:17:44+00,1,2021-04-22 11:04:36+00,64,0
183,81,Change of Basis,"Edite Martins Cordeiro, Flora Silva and Paula Maria Barros",3,Base change matrix and related properties. Presentation of some examples.,-,key_1_,Change_Basis.pdf,pdf,2021-01-09 11:33:36+00,1,2021-04-22 11:05:29+00,64,0
184,81,Basis and dimension of a vector space,"Edite Martins Cordeiro, Flora Silva and Paula Maria Barros",3,Basis and dimension of a vector space - definitions. Presentation of some examples.,--,key_1_,Bases_vector space and dimension.pdf,pdf,2021-01-09 11:46:13+00,1,2023-08-04 04:00:15+00,64,0
185,81,Orthogonal sets and basis,"Edite Martins Cordeiro, Flora Silva and Paula Maria Barros",3,"Orthogonal sets and basis. Definitions and related properties. 
The importance of orthonormal basis. Some applications.",--,key_1_,Orthogonal basis.pdf,pdf,2021-01-09 11:59:25+00,1,2021-04-22 11:07:10+00,64,0
186,155,The linear differential equation of first order ,Ariadna Lucia Pletea,3,The linear differential equation is presented and three exercises are completely solved.,"",key_1_,ecdiflin.pdf,pdf,2021-01-30 13:48:11+00,1,2021-02-06 16:09:49+00,38,1
187,155,Bernoulli differential equation,Ariadna Lucia Pletea,3,Bernoulli differential equation is presented and two exercises are completely solved,"",key_1_,bernoulli.pdf,pdf,2021-01-30 14:23:32+00,1,2021-02-06 16:12:04+00,38,0
188,155,Riccati differential equation,Ariadna Lucia Pletea,3,Riccati differential equation is presented and two examples are completely solved.,"",key_1_,Ricatti.pdf,pdf,2021-02-01 13:25:59+00,1,2021-02-06 16:17:10+00,38,0
189,155,Differential equations,Ariadna Lucia Pletea,3,"Some of the common definitions and concepts in a differential equations course are introduced including order, linear vs. nonlinear, initial conditions, initial value problem and interval of validity","",key_1_,difeq.pdf,pdf,2021-02-01 13:32:29+00,1,2021-02-06 16:14:20+00,38,0
194,72,Concept of Linear Transformation,"Edite Martins Cordeiro, Flora Silva and Paula Maria Barros",3,Concept of Linear Transformation. Some examples.,"",key_1_,Concept_Linear_Transformation.pdf,pdf,2021-03-03 12:15:39+00,1,2021-04-03 17:00:07+00,64,0
195,72,Isomorphism,"Edite Martins Cordeiro, Flora Silva and Paula Maria Barros",3,Concept of Isomorphism and examples.,"",key_1_,Isomorphism.pdf,pdf,2021-03-03 12:23:24+00,1,2021-04-03 17:01:28+00,64,0
196,72,Kernel and Range of a Linear Transformation,"Edite Martins Cordeiro, Flora Silva and Paula Maria Barros",3,Kernel and Range of a Linear Transformation: concepts and examples.,"",key_1_,Kernel_Range.pdf,pdf,2021-03-03 12:39:11+00,1,2021-04-03 17:02:19+00,64,0
197,72,Linear Transformation and matrices,"Edite Martins Cordeiro, Flora Silva and Paula Maria Barros",3,Matrix of a Linear Transformation. ,"",key_1_,Matrix_Linear_Transformation.pdf,pdf,2021-03-03 12:45:28+00,1,2021-04-03 17:03:17+00,64,0
198,91,Determine a basis for a subspace,"Edite Martins Cordeiro, Flora Silva and Paula Maria Barros",3,Solved exercises in which it is determined a basis for a subspace.,-,key_1_,Basis_for_subspace.pdf,pdf,2021-03-03 13:04:48+00,1,2021-04-22 11:07:57+00,64,0
199,91,Subsets that span IR^2,"Edite Martins Cordeiro, Flora Silva and Paula Maria Barros",3,Verify if a subset spans IR^2.,--,key_1_,Subsets_that_spans_IR^2.pdf,pdf,2021-03-03 13:18:11+00,1,2021-04-22 11:08:56+00,64,0
200,91,Subspace spanned by a subset of vectors,"Edite Martins Cordeiro, Flora Silva and Paula Maria Barros",3,Example that show how to determine the subspace spanned by a subset of vectors,--,key_1_,Subespace_spanned.pdf,pdf,2021-03-03 13:28:58+00,1,2021-04-22 11:09:40+00,64,0
201,91,Linear Independence versus Linear Dependence,"Edite Martins Cordeiro, Flora Silva and Paula Maria Barros",3,Linear Independence versus Linear Dependence: examples.,--,key_1_,Linear_dependence_independence.pdf,pdf,2021-03-03 13:35:36+00,1,2021-04-22 11:10:32+00,64,0
202,91,Linear Combination,"Edite Martins Cordeiro, Flora Silva and Paula Maria Barros",3,Linear Combination: definition and examples.,-,key_1_,Linear_Combination.pdf,pdf,2021-03-03 13:38:44+00,1,2021-04-22 11:11:18+00,64,0
205,59,Limit for real functions of several variables,Daniela Rosu,3,We given some examples  of determining the limits for   functions  of several variables using the definition or the fundamental limits.,"",key_1_,mat_1.pdf,pdf,2021-03-09 05:57:48+00,1,2021-04-01 09:39:15+00,38,0
206,155,Points of extremum for functions of several variables,Ariadna Lucia Pletea,3,The strategy of finding the extremum points for functions of several variables is presented.,"",key_1_,optimiz.pdf,pdf,2021-03-09 13:16:22+00,1,2021-12-27 08:03:25+00,37,0
207,59,Limit for real functions of several variables. The characterization with sequences.,Daniela Rosu,3,We given some examples for the study of the existence of the iterate limits and the global limits for real functions of several variables using the characterization with sequences.,"",key_1_,mat_2.pdf,pdf,2021-03-11 00:31:34+00,1,2021-04-01 09:42:37+00,38,0
208,155,Constrained Extrema and Lagrange Multipliers,Ariadna Lucia Pletea,3,Constrained Extrema and Lagrange Multipliers are presented. Three examples are solved. ,"",key_1_,excond.pdf,pdf,2021-03-12 14:44:07+00,1,2021-04-11 12:16:20+00,37,0
209,59,Continuity for real functions of several variables,Daniela Rosu,3,We   study the continuity of  some real functions of two variables.,"",key_1_,mat_3.pdf,pdf,2021-03-26 03:55:32+00,1,2021-04-01 10:06:38+00,38,0
212,81,Operations on Linear Transformations,Edite Martins Cordeiro,3,"Addition, multiplication by a scalar and composition of linear transformations. Their analytical and matrix representations.","",key_1_,Operations on Linear Transformations.pdf,pdf,2021-03-27 03:35:55+00,1,2021-04-03 17:10:47+00,64,0
213,81,Reflections and translations,Edite Martins Cordeiro,3,Linear transformations that correspond to reflections around an axis of the plane or space. Dilations and contractions as other examples of linear transformations.,none,key_1_,Reflections_contractions.pdf,pdf,2021-03-27 03:58:07+00,1,2021-04-03 17:13:45+00,64,0
239,75,"Graph theory 5: walks, trails and paths",Inês Barbedo,3,"Document with concepts , examples and exercises. 
Walk, path, trails, connectivity, bridge",-,key_1_,MathE_GT_TM5_ Connectivity and walks.pdf,pdf,2021-04-02 12:12:20+00,1,2021-04-21 14:54:54+00,64,0
214,81,Orthogonal projections and rotations,Edite Martins Cordeiro,3,"Computer graphic deals with the manipulation of images, through their positioning through linear transformations such as orthogonal projections and rotations, among others. Here we have the definitions of linear transformations that represent rotations in the plane and in space and projections, followed by examples.",-,key_1_,Orthogonal projectionsandRotations.pdf,pdf,2021-03-27 04:15:36+00,1,2021-04-03 17:15:42+00,64,1
215,81,Orthogonal linear operators,Edite Martins Cordeiro,3,The peculiar properties of orthogonal linear operators. Some examples.,-,key_1_,Orthogonal linear operator.pdf,pdf,2021-03-27 04:35:53+00,1,2021-04-03 17:16:16+00,64,0
216,81,Intersection and sum of two vector subspaces and their dimensions,Edite Martins cordeiro,3,Intersection and sum of two vector spaces and the relationship between their dimensions. Some examples. ,none,key_1_,Operations with vector spaces.pdf,pdf,2021-03-27 05:07:51+00,1,2021-04-22 11:12:11+00,64,0
217,81,Orthogonal sets and orthogonal basis,Edite Martins Cordeiro,3,"The concept of orthogonal base generalizes the idea of orthogonality to any vector space. Here you will find the definition, some examples and relevant properties of the orthogonal bases.",none,key_1_,Orthogonal basis.pdf,pdf,2021-03-27 05:28:00+00,1,2021-04-22 11:12:59+00,64,0
218,81,"Orthogonal projection of a vector v over a vector space S and distance
from v to S",Edite Martins Cordeiro,3,We present the necessary concepts and two examples of applying the theorem of the best approximation of vectors of a vector space to certain subspaces. ,-,key_1_,Orthogonal projection of a vector over a vector space.pdf,pdf,2021-03-27 16:41:09+00,1,2021-04-22 11:13:59+00,64,0
219,58,Directional Derivatives and the Gradient Vector,S. Jamshidi,3,"The objectives of this material are: to understand the notion of the gradient vector, to calculate a directional derivative in the direction of a given vector and to find a unit vector that creates the maximum directional derivative.",http://www.personal.psu.edu › sxj937 › Notes › D...,key_1_,Directional_Derivatives_and_The_Gradient_Vector.pdf,pdf,2021-03-29 15:14:47+00,2,2021-04-11 12:31:58+00,37,0
220,58,Partial Derivatives and Differentiability,Birne Binegar,3,"The objectives of this material are: to understand and to calculate the partial derivatives of a real function, to understand the differentiability of a function and its graphical interpretation.",013-l06.pdf,key_1_,Partial_Derivatives.pdf,pdf,2021-03-29 16:17:43+00,1,2021-04-11 12:36:14+00,37,0
221,58,Chain Rule,Paul Dawkins,3,The purpose of this material is to present and  apply the chain rule for several variables functions.,inrule.aspx,key_1_,ChainRule.pdf,pdf,2021-03-29 16:36:31+00,1,2021-04-11 12:39:01+00,37,2
222,58,Higher order partial derivatives,Roberto Bencivenga,3,The purpose of this material is to know the notations and to calculate higher order partial derivatives.,vatives.pdf,key_1_,Higher_order_partial_derivatives.pdf,pdf,2021-03-29 16:54:07+00,1,2023-08-08 02:59:48+00,64,0
224,91,Finding the analytical expression of a linear transformation from the image of the vectors of a basis of the domain,"Edite Cordeiro, Flora Silva e Paula Maria Barros",3,Exercise explaining how to obtain the image of a vector and the analytical expression of linear transformation from the  image vectors of a basis of the starting space,-,key_1_,LT_Finding_analytical_expression.pdf,pdf,2021-03-31 05:19:07+00,1,2021-04-03 17:17:12+00,64,0
225,72,Dimension theorem,"Edite Martins Cordeiro, Flora Silva and Paula Maria Barros",3,Dimension theorem. Some examples.,"",key_1_,Dimension_theorem.pdf,pdf,2021-03-31 06:12:42+00,1,2021-04-03 17:14:25+00,64,0
228,81,Mediatrix line and mediating plane,Edite Martins Cordeiro,3,"Straight mediator and mediating plane as geometric places in the plane and space, respectively, that verify the same condition.",-,key_1_,Mediator.pdf,pdf,2021-03-31 14:52:46+00,1,2021-04-03 17:18:52+00,64,1
229,81,Cross product and related properties,Edite Martins Cordeiro,3,"Given two vectors u and v in space, let's define a new vector, orthogonal to u and v.  We will also look at relevant properties of this operator.","",key_1_,Cross Product.pdf,pdf,2021-03-31 15:06:01+00,1,2021-04-03 17:22:45+00,64,1
230,81,"Scalar product of two vectors and orthogonal projection of one vector
over another",Edite Martins Cordeiro,3,Here you have the possibility to remember the definition of scalar product and some of its properties. You can still see some applications.,"",key_1_,Scalar product.pdf,pdf,2021-03-31 15:14:04+00,1,2021-04-03 17:22:59+00,64,1
231,81,Distance from a point to a line and distance between two parallel lines,Edite Martins Cordeiro,3,"The distance between two parallel lines is equal to the distance from a point on one line to the other line, which depends on the projection of that point over the other line.",-,key_1_,Distance_point-lines.pdf,pdf,2021-03-31 15:27:22+00,1,2021-04-03 17:23:50+00,64,0
232,81,"Distance from a point to a plane, from a line to a parallel plane and
between two parallel planes",Edite Martins Cordeiro,3,"In space, the procedures for calculating the distance between a point and a plane and for the distance between two parallel planes are presented.",-,key_1_,Distance_line-plains.pdf,pdf,2021-03-31 15:38:05+00,1,2021-04-03 17:24:28+00,64,0
233,81,Angle between two lines,Edite Martins Cordeiro,3,Here are some examples of how to calculate the angle of two lines (smallest angle).,"",key_1_,Angle between lines.pdf,pdf,2021-03-31 15:47:44+00,1,2021-04-03 17:24:52+00,64,0
234,81,Angle between planes or lines,Edite Martins Cordeiro,3,The procedures for calculating the angle formed by a line and a plane or by two planes are justified by geometric and analytical arguments.,"",key_1_,Distance_line-plains.pdf,pdf,2021-03-31 15:57:16+00,1,2021-04-03 17:25:10+00,64,0
235,75,Graph Theory 1: definitions and properties,Inês Barbedo,3,"Document with concepts , examples and exercises. 
","",key_1_,MathE_GT_TM1_Definition and proprieties.pdf,pdf,2021-04-02 11:36:08+00,2,2021-04-21 14:49:25+00,64,0
236,75,Graph theory 2: complementary graphs and isomorphic graphs,Inês Barbedo,3,"Document with concepts , examples and exercises. ",-,key_1_,MathE_GT_TM2_Complementar and isomorphic graphs.pdf,pdf,2021-04-02 11:49:23+00,1,2023-08-08 01:27:50+00,64,1
237,75,Graph theory 3: subgraphs and particular graphs,Inês Barbedo,3,"Document with concepts , examples and exercises. 
Regular graph, cycle graph, complete graph, bipartite graph; subgraph; induced subgraph.",-,key_1_,MathE_GT_TM3_Particular graphs and subgraphs.pdf,pdf,2021-04-02 12:03:28+00,1,2023-08-08 01:26:34+00,64,4
238,75,Graph theory 4: matrix representation of graphs,Inês Barbedo,3,"Document with concepts , examples and exercises. 
Adjacency matrix, incidence matrix.","",key_1_,MathE_GT_TM4_Matrix representation of a graph.pdf,pdf,2021-04-02 12:08:47+00,1,2021-04-21 14:53:12+00,64,0
299,2943,Triple integration using rectangular coordinates.,Sofia F. Romanenko,3,Partially solved exercise using rectangular coordinates.,"",key_1_,22.pdf,pdf,2022-09-05 12:12:07+00,1,2022-09-07 07:52:55+00,38,0
240,75,Graph theory 6: Eulerian and Hamiltonian graphs,Inês Barbedo,3,"Document with concepts , examples and exercises. 
Euler circuit, Eulerian graph, Euler trail, Hamiltonian graph, Hamiltonian cycle.",-,key_1_,MathE_GT_TM6_Eulerian and Hamiltonian graphs.pdf,pdf,2021-04-02 12:17:25+00,0,2021-04-21 14:55:54+00,64,0
241,75,Graph theory 7: planar graphs,Inês Barbedo,3,"Document with concepts, examples and exercises. 
Planar graph, planar representation of a graph, Euler's formula, homeomorphic graphs.",-,key_1_,MathE_GT_TM7_Planar Graphs.pdf,pdf,2021-04-02 12:21:50+00,1,2021-04-21 14:57:37+00,64,0
242,75,Graph theory 8: coloring (the vertices) of a graph,Inês Barbedo,3,"Document with concepts, examples and exercises. 
Coloring the vertices of a graph, cromatic number, Four-Color Theorem.",-,key_1_,MathE_GT_TM8_Coloring graphs.pdf,pdf,2021-04-02 12:25:36+00,1,2021-04-21 14:58:10+00,64,0
243,75,Graph theory 9: tree and spanning tree,Inês Barbedo,3,"Document with concepts, examples and exercises. 
Tree, forest, leaf, properties, spanning tree",-,key_1_,MathE_GT_TM9_Tree and spanning tree.pdf,pdf,2021-04-02 12:29:13+00,1,2023-07-27 08:28:57+00,64,0
244,75,"Graph theory 10: weighted graph, shortest path and minimum spanning tree",Inês Barbedo,3,"Document with concepts, examples and exercises.
Weighted graph, weight of the edge , shortest path, Dijkstra's algorithm, minimum spanning tree, Kruskal's algorithm, Prim's algorithm.",-,key_1_,MathE_GT_TM10_Weighted graph and shortest path.pdf,pdf,2021-04-02 12:39:18+00,1,2021-04-21 15:00:27+00,64,0
245,81,Circumference and spherical surface,Edite Martins Cordeiro,3,"Here you can see the definitions of circumference and spherical surface, its analytical representations and an application.","",key_1_,Circle_and Sphere.pdf,pdf,2021-04-04 04:08:32+00,1,2021-04-04 16:41:29+00,64,0
246,79,Classical definition of probability,"Carla Cruz, Carla Soares Geraldes",3,Classical definition of probability,"",key_1_,Classical definition of probability.pdf,pdf,2021-04-05 08:30:25+00,1,2021-04-11 12:59:07+00,37,2
247,79,"Complementary events, reunion, intersection-Example","Carla Cruz, Carla Soares Geraldes",3,"Example about complementary events, reunion, intersection","",key_1_,"Complementary events, reunion, intersection-Example.pdf",pdf,2021-04-05 08:35:29+00,1,2021-04-11 13:03:30+00,37,0
248,79,"Conditional probability, intersection, tree diagram-Example","Carla Cruz, Carla Soares Geraldes",3,"Example about conditional probability, intersection, tree diagram","",key_1_,"Conditional probability, intersection, tree diagram-Example.pdf",pdf,2021-04-05 08:47:56+00,1,2021-04-11 13:07:39+00,37,0
249,79,"Conditional probability, two-way table-Example","Carla Cruz, Carla Soares Geraldes",3,"Example about conditional probability, two-way table","",key_1_,"Conditional probability, two-way table-Example.pdf",pdf,2021-04-05 08:52:04+00,1,2021-04-11 16:48:39+00,37,0
250,79,Conditional Probability,"Carla Cruz, Carla Soares Geraldes",3,Conditional Probability,"",key_1_,Conditional Probability.pdf,pdf,2021-04-05 08:53:55+00,1,2021-04-11 16:55:42+00,37,1
251,79,Events,"Carla Cruz, Carla Soares Geraldes",3,Simple and compound events,"",key_1_,Events.pdf,pdf,2021-04-05 08:59:53+00,1,2021-04-11 16:58:10+00,37,1
252,79,"Independent events, reunion, intersection-Example","Carla Cruz, Carla Soares Geraldes",3,"Example about independent events, reunion, intersection","",key_1_,"Independent events, reunion, intersection-Example.pdf",pdf,2021-04-05 09:03:50+00,1,2021-04-11 16:59:36+00,37,0
253,79,Independent Events,"Carla Cruz, Carla Soares Geraldes",3,Independent Events defintion and example,.,key_1_,Independent events new.pdf,pdf,2021-04-05 09:09:33+00,1,2021-04-13 14:47:48+00,37,0
254,79,Mutually Exclusive Events,"Carla Cruz, Carla Soares Geraldes",3,Definition of mutually exclusive events and example,"",key_1_,Mutually exclusive events.pdf,pdf,2021-04-05 09:12:15+00,1,2021-04-12 10:22:39+00,37,0
255,79,Odds,"Carla Cruz, Carla Soares Geraldes",3,Odds definition and example,"",key_1_,Odds.pdf,pdf,2021-04-05 09:15:44+00,1,2021-04-12 10:26:50+00,37,0
256,59,Continuity for real functions of several variables,Daniela Rosu,3,We give some useful examples for the studying of the continuity for  real functions of two variables,"",key_1_,mat_4.pdf,pdf,2021-04-06 02:37:08+00,1,2021-04-06 09:59:41+00,38,0
257,91,Diagonals of a polygon,"Cristina Martins, Manuel Vara Pires, Marcela Seabra and Paula Maria Barros
",3,Exercise explaining how to calculate the number of diagonals of a polygon.,-,key_1_,Diagonals_of_a_polygon.pdf,pdf,2021-04-08 07:16:25+00,1,2021-12-27 08:09:02+00,37,1
258,91,"Geometric transformations, similarity, isometry","Cristina Martins, Manuel Vara Pires, Marcela Seabra and Paula Maria Barros",3,"Notes (definition, types, examples) about geometric transformations, similarity, and isometry.",-,key_1_,GeometricTransformations.pdf,pdf,2021-04-08 07:38:11+00,1,2021-12-27 17:29:12+00,64,0
259,91,Symmetry,"Cristina Martins, Manuel Vara Pires, Marcela Seabra and Paula Maria Barros",3,"Notes (definition, examples) about the symmetry of a figure and its four types.","",key_1_,Symmetry.pdf,pdf,2021-04-08 07:59:28+00,1,2021-12-27 15:23:23+00,37,0
260,91,Classification of quadrilaterals,"Cristina Martins, Manuel Vara Pires, Marcela Seabra and Paula Maria Barros",3,Exercise to improve knowledge about classification criteria for quadrilaterals using the 3 x 3 geoboard.,"",key_1_,Classification_Quadrilaterals_Geoboard.pdf,pdf,2021-04-08 08:23:14+00,1,2021-12-27 17:19:22+00,64,0
261,91,Sum of the amplitudes of the exterior angles of a triangle,"Cristina Martins, Manuel Vara Pires, Marcela Seabra and Paula Maria Barros",3,"Exercise explaining how to calculate the sum of the exterior angles of a triangle, first justifying how to calculate the amplitude of an exterior (or external) angle and, after, justifying the sum of the amplitudes of the exterior angles, from 3 different vertices, of a triangle.","",key_1_,Sum of the amplitudes of the exterior angles of a triangle.pdf,pdf,2021-04-08 08:54:00+00,1,2021-12-27 17:20:25+00,64,0
262,91,Sum of the amplitudes of the internal angles of a triangle,"Cristina Martins, Manuel Vara Pires, Marcela Seabra and Paula Maria Barros",3,Exercise explaining how to calculate the sum of the amplitudes of the internal angles of a triangle.,-,key_1_,Sum of the amplitudes of the internal angles of a triangle.pdf,pdf,2021-04-08 09:11:05+00,1,2021-12-27 17:21:25+00,64,0
263,91,Is it possible to construct a triangle given the measures of the sides?,"Cristina Martins, Manuel Vara Pires, Marcela Seabra and Paula Maria Barros",3,Exercise in which the possibility of constructing a triangle (and a right triangle) given the measures of the three sides is analysed. The triangle inequality and the Pythagorean theorem are recalled.,-,key_1_,PossibilityConstruct_triangle.pdf,pdf,2021-04-08 09:48:45+00,1,2021-12-27 17:22:32+00,64,1
264,91,Classifying triangles,"Cristina Martins, Manuel Vara Pires, Marcela Seabra and Paula Maria Barros",3,Classification of triangles according  to the length of the sides and the amplitude of the internal angles,-,key_1_,Classifying triangles.pdf,pdf,2021-04-08 10:08:26+00,1,2021-12-27 17:23:06+00,64,0
265,91,"Pyramids, prisms and polygons of the bases – what relation?","Cristina Martins, Manuel Vara Pires, Marcela Seabra and Paula Maria Barros",3,Deduction of the existing relations in pyramids and in prisms between the number of faces / vertices / edges and the number of sides of the base polygon.,-,key_1_,"Pyramids&Prisms_faces,vertices,edges&polygon of the bases.pdf",pdf,2021-04-08 12:11:42+00,1,2021-12-27 17:23:51+00,64,0
266,91,Classifying quadrilaterals,"Cristina Martins, Manuel Vara Pires, Marcela Seabra and Paula Maria Barros",3,Notes about quadrilaterals types (definitions and examples) and their classification.,"",key_1_,Classifying_quadrilaterals.pdf,pdf,2021-04-08 12:38:31+00,0,2021-04-22 10:55:07+00,64,0
267,91,+++,+++,3,tt,"",key_1_,"","",2021-04-15 12:07:26+00,0,,0,0
268,91,Euler’s formula,"Cristina Martins, Manuel Vara Pires, Marcela Seabra and Paula Maria Barros",3,"Based on the representations of some convex polyhedrons, we investigate the relationship that exists between their number of vertices, faces and edges, in order to recall Euler's formula.","",key_1_,"","",2021-04-24 13:06:29+00,0,2021-12-27 17:24:35+00,64,0
269,2211,sdlkfnlkdsn,;kj,3,ukftk,"",key_1_,"","",2021-04-26 08:14:25+00,0,,0,0
270,91,"Triangles: Congruence, similarity","Cristina Martins, Manuel Vara Pires, Marcela Seabra and Paula Maria Barros",3,Congruence  of triangles criteria and similarity of triangles criteria (notes and examples).,-,key_1_,Triangles_Congruence_Similarity.pdf,pdf,2021-05-01 10:37:24+00,1,2021-12-27 17:28:07+00,64,0
271,53,Limits and continuity for functions of one or several variables,Radu Strugariu,3,"In this material (written in Romanian) the main definitions and theorems within this chapter are presented. Moreover, illustrative examples are presented.","",key_5_,calcul_diferential.pdf,pdf,2021-06-24 03:34:39+00,1,2021-12-27 15:40:21+00,37,0
274,2417,How to be good at mathematics,WikiHow,3,This great article teaches you how to be good at mathematics,https://www.wikihow.com/Be-Good-at-Mathematics,key_1_,"","",2021-07-23 07:29:10+00,2,2021-12-27 15:30:10+00,37,0
278,2786,"Optimization task: definitions, basics",Andrej Košir,3,"Python Jupyter notebook providing definitions and basic terms of an optimization task. 
Simple examples of non-constrained and constrained optimization are added. ",https://github.com/andrejkk/OPvTK/blob/main/AKosir-OPvTK-Lec02_OptimTask_ANGL.ipynb,key_1_17_,AKosir-OPvTK-Lec02_OptimTask_ANGL.ipynb,ipynb,2022-08-31 06:54:06+00,0,,0,0
279,2786,Algorithms and data structure for optimization,Andrej Košir,3,Python jupyter notebook providing basic definitions of algorithms with time and space complexity in terms of complexity classes. ,https://github.com/andrejkk/OPvTK/blob/main/AKosir-OPvTK-Lec03_AlgAndDataStruct_ANGL.ipynb,key_1_,AKosir-OPvTK-Lec03_AlgAndDataStruct_ANGL.ipynb,ipynb,2022-08-31 07:03:18+00,0,,0,0
280,2943,Triple integration using cylindrical coordinates.,Sofia F. Romanenko,3,Solved exercise using cylindrical coordinates.,"",key_1_,19.pdf,pdf,2022-09-05 11:04:17+00,1,2022-09-05 11:09:00+00,38,0
281,2943,Triple integration using rectangular coordinates.,Sofia F. Romanenko,3,Partially solved exercise using rectangular coordinates to evaluate volume.,"",key_1_,1.pdf,pdf,2022-09-05 11:17:57+00,1,2022-09-05 12:20:17+00,38,1
282,2943,Triple integration using rectangular coordinates.,Sofia F. Romanenko,3,Partially solved exercise using rectangular coordinates.,"",key_1_,2.pdf,pdf,2022-09-05 11:27:36+00,1,2022-09-05 12:20:28+00,38,0
283,2943,Triple integration using cylindrical coordinates.,Sofia F. Romanenko,3,Solved exercise using cylindrical coordinates.,"",key_1_,3.pdf,pdf,2022-09-05 11:30:44+00,1,2022-09-05 12:20:40+00,38,1
284,2943,Triple integration using spherical coordinates.,Sofia F. Romanenko,3,Solved exercise using spherical coordinates.,"",key_1_,4.pdf,pdf,2022-09-05 11:33:08+00,1,2022-09-05 12:20:46+00,38,1
285,2943,Triple integration using spherical coordinates.,Sofia F. Romanenko,3,Partially solved exercise using spherical coordinates.,"",key_1_,5.pdf,pdf,2022-09-05 11:35:47+00,1,2022-09-05 12:20:51+00,38,0
286,2943,Triple integration using spherical coordinates.,Sofia F. Romanenko,3,Partially solved exercise using spherical coordinates.,"",key_1_,6.pdf,pdf,2022-09-05 11:38:46+00,1,2022-09-05 12:20:56+00,38,0
287,2943,Triple integration using spherical coordinates.,Sofia F. Romanenko,3,Solved exercise using spherical coordinates.,"",key_1_,7.pdf,pdf,2022-09-05 11:40:52+00,1,2022-09-05 12:21:01+00,38,0
288,2943,Triple integration using cylindrical coordinates.,"Sofia F. Romanenko
",3,Partially solved exercise using cylindrical coordinates.,"",key_1_,8.pdf,pdf,2022-09-05 11:43:44+00,1,2022-09-07 10:11:54+00,38,0
289,2943,Triple integration using spherical coordinates.,Sofia F. Romanenko,3,Partially solved exercise using spherical coordinates to evaluate a volume.,"",key_1_,9.pdf,pdf,2022-09-05 11:46:11+00,1,2022-09-07 07:52:19+00,38,0
290,2943,Triple integration using spherical coordinates.,Sofia F. Romanenko,3,Partially solved exercise using spherical coordinates to evaluate a volume.,"",key_1_,10.pdf,pdf,2022-09-05 11:49:37+00,1,2022-09-05 12:20:01+00,38,0
291,2943,Triple integration using cylindrical coordinates.,Sofia F. Romanenko,3,Partially solved exercise using cylindrical coordinates to evaluate a volume.,"",key_1_,11.pdf,pdf,2022-09-05 11:52:01+00,1,2022-09-05 12:21:12+00,38,0
292,2943,Triple integration using spherical coordinates.,Sofia F. Romanenko,3,Partially solved exercise using spherical coordinates to evaluate a volume.,"",key_1_,12.pdf,pdf,2022-09-05 11:55:05+00,1,2022-09-05 12:21:16+00,38,0
293,2943,Triple integration using cylindrical coordinates.,Sofia F. Romanenko,3,Partially solved exercise using cylindrical coordinates to evaluate a volume.,"",key_1_,13.pdf,pdf,2022-09-05 11:57:01+00,1,2022-09-05 12:21:21+00,38,0
294,2943,Triple integration using cylindrical coordinates.,Sofia F. Romanenko,3,Solved exercise using cylindrical coordinates to evaluate a volume.,"",key_1_,14.pdf,pdf,2022-09-05 11:59:03+00,1,2022-09-05 12:21:26+00,38,0
295,2943,Triple integration using spherical coordinates.,Sofia F. Romanenko,3,Partially solved exercise using spherical coordinates to evaluate a volume.,"",key_1_,15.pdf,pdf,2022-09-05 12:00:50+00,1,2022-09-05 12:21:31+00,38,0
296,2943,Triple integration using rectangular coordinates.,Sofia F. Romanenko,3,Solved exercise using rectangular coordinates to evaluate volume.,"",key_1_,16.pdf,pdf,2022-09-05 12:03:36+00,1,2022-09-05 12:21:34+00,38,0
297,2943,Triple integration using cylindrical coordinates.,Sofia F. Romanenko,3,Solved exercise using cylindrical coordinates to evaluate a volume.,"",key_1_,17.pdf,pdf,2022-09-05 12:05:56+00,1,2022-09-05 12:21:38+00,38,0
298,2943,Triple integration using spherical coordinates.,Sofia F. Romanenko,3,Partially solved exercise using spherical coordinates.,"",key_1_,18.pdf,pdf,2022-09-05 12:08:06+00,1,2022-09-05 12:21:41+00,38,0
301,2943,Triple integration using rectangular coordinates.,Sofia F. Romanenko,3,Partially solved exercise using rectangular coordinates., ,key_1_,24.pdf,pdf,2022-09-05 12:22:48+00,1,2022-09-07 07:53:48+00,38,0
302,2943,Triple integration using rectangular coordinates.,Sofia F. Romanenko,3,Partially solved exercise using rectangular coordinates.,"",key_1_,25.pdf,pdf,2022-09-05 12:25:00+00,1,2022-09-07 07:54:06+00,38,0
303,2943,Triple integration using rectangular and cylindrical coordinates.,Sofia F. Romanenko,3,Solved exercise using rectangular and cylindrical coordinates.,"",key_1_,26.pdf,pdf,2022-09-05 12:30:29+00,1,2022-09-07 07:54:47+00,38,0
304,2943,Triple integration using cylindrical coordinates.,Sofia F. Romanenko,3,Partially solved exercise using cylindrical coordinates.,"",key_1_,27.pdf,pdf,2022-09-06 02:18:33+00,1,2022-09-06 05:46:00+00,38,0
305,2943,Triple integration using spherical coordinates.,Sofia F. Romanenko,3,Partially solved exercise using spherical coordinates.,"",key_1_,28.pdf,pdf,2022-09-06 02:20:47+00,1,2022-09-06 05:46:46+00,38,0
306,2943,Triple integration using cylindrical coordinates.,Sofia F. Romanenko,3,Partially solved exercise using cylindrical coordinates to evaluate a volume.,"",key_1_,29.pdf,pdf,2022-09-06 02:23:11+00,1,2022-09-06 05:47:12+00,38,0
307,2943,Triple integration using rectangular coordinates.,Sofia F. Romanenko,3,Partially solved exercise using rectangular coordinates.,"",key_1_,30.pdf,pdf,2022-09-06 02:26:11+00,1,2022-09-06 05:47:38+00,38,0
308,2943,Triple integration using cylindrical coordinates.,Sofia F. Romanenko,3,Partially solved exercise using cylindrical coordinates.,"",key_1_,31.pdf,pdf,2022-09-06 03:00:38+00,1,2022-09-06 05:48:17+00,38,0
309,2943,Triple integration using rectangular coordinates.,Sofia F. Romanenko,3,Partially solved exercise using rectangular coordinates to evaluate a volume.,"",key_1_,32.pdf,pdf,2022-09-06 03:06:46+00,1,2022-09-07 07:51:26+00,38,0
310,2943,Triple integration using rectangular coordinates.,Sofia F. Romanenko,3,Partially solved exercise using rectangular coordinates.,"",key_1_,35.pdf,pdf,2022-09-06 03:09:13+00,1,2022-09-07 07:50:55+00,38,0
311,2943,Triple integration using rectangular coordinates.,Sofia F. Romanenko,3,Partially solved exercise using rectangular coordinates.,"",key_1_,36.pdf,pdf,2022-09-06 03:11:22+00,1,2022-09-07 10:12:19+00,38,0
312,2943,Triple integration using rectangular coordinates.,Sofia F. Romanenko,3,Partially solved exercise using rectangular coordinates.,"",key_1_,38.pdf,pdf,2022-09-06 03:25:44+00,1,2022-09-07 10:12:37+00,38,0
313,2943,Triple integration using rectangular coordinates.,Sofia F. Romanenko,3,Partially solved exercise using rectangular coordinates.,"",key_1_,39.pdf,pdf,2022-09-06 03:28:01+00,1,2022-09-07 10:12:44+00,38,0
314,2943,Triple integration using rectangular coordinates.,Sofia F. Romanenko,3,Partially solved exercise using rectangular coordinates.,"",key_1_,40.pdf,pdf,2022-09-06 03:30:56+00,1,2022-09-07 10:12:51+00,38,0
315,2943,Triple integration using cylindrical coordinates.,Sofia F. Romanenko,3,Partially solved exercise using cylindrical coordinates.,"",key_1_,41.pdf,pdf,2022-09-06 03:33:55+00,1,2022-09-06 05:52:00+00,38,0
316,2943,Triple integration using rectangular coordinates.,Sofia F. Romanenko,3,Partially solved exercise using rectangular coordinates to evaluate a volume.,"",key_1_,42.pdf,pdf,2022-09-06 03:36:24+00,1,2022-09-07 10:12:56+00,38,0
317,2943,Triple integration using rectangular coordinates.,Sofia F. Romanenko,3,Partially solved exercise using rectangular coordinates to evaluate a volume.,"",key_1_,43.pdf,pdf,2022-09-06 03:38:49+00,1,2022-09-07 10:12:59+00,38,0
318,2943,Triple integration using rectangular coordinates.,Sofia F. Romanenko,3,Solved similar exercise using rectangular coordinates.,"",key_1_,45.pdf,pdf,2022-09-06 03:41:50+00,1,2022-09-07 10:13:03+00,38,0
319,2943,Triple integration using rectangular coordinates.,Sofia F. Romanenko,3,Partially solved exercise using rectangular coordinates.,"",key_1_,46.pdf,pdf,2022-09-06 03:44:20+00,1,2022-09-07 10:13:07+00,38,0
320,2943,Triple integration using rectangular coordinates.,Sofia F. Romanenko,3,Partially solved exercise using rectangular coordinates.,"",key_1_,47.pdf,pdf,2022-09-06 03:46:04+00,1,2022-09-07 10:13:13+00,38,0
321,2943,Triple integration using rectangular coordinates.,Sofia F. Romanenko,3,Partially solved exercise using rectangular coordinates.,"",key_1_,49.pdf,pdf,2022-09-06 03:53:55+00,1,2022-09-07 10:13:17+00,38,0
322,2943,Triple integration using rectangular coordinates.,Sofia F. Romanenko,3,Partially solved exercise using rectangular coordinates.,"",key_1_,50.pdf,pdf,2022-09-06 03:56:10+00,1,2022-09-07 10:13:21+00,38,0
323,2943,Triple integration using rectangular coordinates.,Sofia F. Romanenko,3,Partially solved exercise using rectangular coordinates.,"",key_1_,51.pdf,pdf,2022-09-06 04:45:36+00,1,2022-09-07 10:13:25+00,38,0
324,2943,Triple integration using rectangular coordinates.,Sofia F. Romanenko,3,Solved exercise using rectangular coordinates.,"",key_1_,52.pdf,pdf,2022-09-06 04:47:45+00,1,2022-09-06 05:54:26+00,38,0
325,2943,Triple integration using rectangular coordinates.,Sofia F. Romanenko,3,Partially solved exercise using rectangular coordinates.,"",key_1_,53.pdf,pdf,2022-09-06 04:49:51+00,1,2022-09-07 10:13:35+00,38,0
326,2943,Triple integration using rectangular coordinates.,Sofia F. Romanenko,3,Partially solved exercise using rectangular coordinates.,"",key_1_,54.pdf,pdf,2022-09-06 04:51:46+00,1,2022-09-07 10:13:39+00,38,0
327,2943,Triple integration using cylindrical coordinates.,Sofia F. Romanenko,3,Partially solved exercise using cylindrical coordinates to evaluate a volume.,"",key_1_,55.pdf,pdf,2022-09-06 04:53:51+00,1,2022-09-06 05:55:18+00,38,0
328,2943,Triple integration using rectangular coordinates.,Sofia F. Romanenko,3,Partially solved exercise using rectangular coordinates to evaluate a volume,"",key_1_,56.pdf,pdf,2022-09-07 08:44:29+00,1,2022-09-07 10:13:43+00,38,0
329,2943,Triple integration using rectangular coordinates.,Sofia F. Romanenko,3,Partially solved exercise using rectangular coordinates to evaluate a volume.,"",key_1_,57.pdf,pdf,2022-09-07 08:46:57+00,1,2022-09-07 10:13:58+00,38,0
330,2943,Triple integration using cylindrical coordinates.,Sofia F. Romanenko,3,Partially solved exercise using cylindrical coordinates.,"",key_1_,58.pdf,pdf,2022-09-07 08:49:41+00,1,2022-09-07 10:14:01+00,38,0
331,2943,Triple integration using cylindrical coordinates.,Sofia F. Romanenko,3,Partially solved exercise using cylindrical coordinates.,"",key_1_,59.pdf,pdf,2022-09-07 08:51:41+00,1,2022-09-07 10:14:05+00,38,0
332,2943,Triple integration using cylindrical coordinates.,Sofia F. Romanenko,3,Partially solved exercise using cylindrical coordinates.,"",key_1_,60.pdf,pdf,2022-09-07 08:53:34+00,1,2022-09-07 10:14:09+00,38,0
333,2943,Triple integration using cylindrical coordinates.,Sofia F. Romanenko,3,Partially solved exercise using cylindrical coordinates.,"",key_1_,61.pdf,pdf,2022-09-07 08:55:11+00,1,2022-09-07 10:14:12+00,38,0
334,2943,Triple integration using cylindrical coordinates.,Sofia F. Romanenko,3,Partially solved exercise using cylindrical coordinates to evalute a volume.,"",key_1_,63.pdf,pdf,2022-09-07 08:57:25+00,1,2022-09-07 10:14:16+00,38,0
335,2943,Triple integration using cylindrical coordinates.,Sofia F. Romanenko,3,Partially solved exercise using cylindrical coordinates to evalute a volume.,"",key_1_,64.pdf,pdf,2022-09-07 08:59:21+00,1,2022-09-07 10:14:20+00,38,0
336,2943,Triple integration using cylindrical coordinates.,Sofia F. Romanenko,3,Partially solved exercise using cylindrical coordinates to evalute a volume.,"",key_1_,65.pdf,pdf,2022-09-07 09:01:56+00,1,2022-09-07 10:14:23+00,38,0
337,2943,Triple integration using cylindrical coordinates.,Sofia F. Romanenko,3,Partially solved exercise using cylindrical coordinates to evalute a volume.,"",key_1_,66.pdf,pdf,2022-09-07 09:03:26+00,1,2022-09-07 10:14:26+00,38,0
338,2943,Triple integration using cylindrical coordinates.,Sofia F. Romanenko,3,Partially solved exercise using cylindrical coordinates.,"",key_1_,67.pdf,pdf,2022-09-07 09:05:23+00,1,2022-09-07 10:14:29+00,38,0
339,2943,Triple integration using cylindrical coordinates.,Sofia F. Romanenko,3,Partially solved exercise using cylindrical coordinates.,"",key_1_,68.pdf,pdf,2022-09-07 09:07:49+00,1,2022-09-07 10:14:32+00,38,0
340,2943,Triple integration using spherical coordinates.,Sofia F. Romanenko,3,Partially solved exercise using spherical coordinates.,"",key_1_,69.pdf,pdf,2022-09-07 09:10:31+00,1,2022-09-07 10:14:36+00,38,0
341,2943,Triple integration using spherical coordinates.,Sofia F. Romanenko,3,Partially solved exercise using spherical coordinates.,"",key_1_,70.pdf,pdf,2022-09-07 09:12:26+00,1,2022-09-07 10:14:39+00,38,0
342,2943,Triple integration using spherical coordinates.,Sofia F. Romanenko,3,Partially solved exercise using spherical coordinates.,"",key_1_,71.pdf,pdf,2022-09-07 09:13:52+00,1,2022-09-07 10:14:43+00,38,0
343,2943,Triple integration using spherical coordinates.,Sofia F. Romanenko,3,Partially solved exercise using spherical coordinates.,"",key_1_,72.pdf,pdf,2022-09-07 09:15:22+00,1,2022-09-07 10:14:46+00,38,0
344,2943,Triple integration using spherical coordinates.,Sofia F. Romanenko,3,Solved exercise using spherical coordinates.,"",key_1_,73.pdf,pdf,2022-09-07 09:17:05+00,1,2022-09-07 10:14:49+00,38,0
345,2943,Triple integration using spherical coordinates.,Sofia F. Romanenko,3,Partially solved exercise using spherical coordinates to evaluate a volume.,"",key_1_,74.pdf,pdf,2022-09-07 09:18:55+00,1,2022-09-07 10:14:52+00,38,0
346,2943,Triple integration using spherical coordinates.,Sofia F. Romanenko,3,Partially solved exercise using spherical coordinates to evaluate a volume.,"",key_1_,75.pdf,pdf,2022-09-07 09:20:39+00,1,2022-09-07 10:14:58+00,38,0
347,2943,Triple integration using spherical coordinates.,Sofia F. Romanenko,3,Partially solved exercise using spherical coordinates to evaluate a volume.,"",key_1_,76.pdf,pdf,2022-09-07 09:22:12+00,1,2022-09-07 10:15:02+00,38,0
348,2943,Triple integration using spherical coordinates.,Sofia F. Romanenko,3,Partially solved exercise using spherical coordinates to evaluate a volume.,"",key_1_,77.pdf,pdf,2022-09-07 09:23:47+00,1,2022-09-07 10:15:05+00,38,0
349,2943,Triple integration using spherical coordinates.,Sofia F. Romanenko,3,Partially solved exercise using spherical coordinates.,"",key_1_,78.pdf,pdf,2022-09-07 09:25:39+00,1,2022-09-07 10:15:09+00,38,0
350,2943,Triple integration using spherical coordinates.,Sofia F. Romanenko,3,Partially solved exercise using spherical coordinates.,"",key_1_,79.pdf,pdf,2022-09-07 09:27:37+00,1,2022-09-07 10:15:12+00,38,0
351,2943,Triple integration using spherical coordinates.,Sofia F. Romanenko,3,Partially solved exercise using spherical coordinates.,"",key_1_,80.pdf,pdf,2022-09-07 09:29:00+00,1,2022-09-07 10:15:15+00,38,0
372,2956,Operations with complex numbers,MathE,3,"This document explains how to add, subtract, multiply, and divide complex numbers.",-,key_1_,Teaching Material I (Operations with complex numbers).pdf,pdf,2023-03-06 04:36:58+00,1,2023-07-27 08:38:54+00,64,1
373,2956,Algebraic and trigonometric form of complex numbers,MathE,3,"Through an example, it is explained how to convert a complex number written in trigonometric form to algebraic form and vice versa.",.,key_1_,Teaching Material II (Algebraic and trigonometric form of complex numbers).pdf,pdf,2023-03-17 08:48:14+00,1,2023-03-28 03:00:44+00,64,0
374,2956,Solved exercises about powers of i,MathE,3,"A brief explanation of the powers of the complex number i can be found in this pdf.

After this, two exercises related with the simplification of expressions that involve powers of i are solved, as an example.  ",.,key_1_,Solved exercises about powers of i.pdf,pdf,2023-03-23 02:34:09+00,1,2023-03-28 03:00:09+00,64,0
375,2956,Solved exercises about operations with complex numbers,MathE,3,"Two exercises about complex number operations are solved in this pdf.

You may find here addition, subtraction, multiplication, and division. The square of a sum and the difference of two squares are also used to complex numbers.",.,key_1_,Solved exercises about operations with complex numbers.pdf,pdf,2023-03-23 03:03:59+00,1,2023-07-27 08:38:58+00,64,0
376,2956,Solved exercises about passing from algebraic to trigonometric form and vice-versa,MathE,3,"This pdf contains three solved exercises. 
The first, concerns the conversion of a complex number in algebraic form to trigonometric form.
The second, is the opposite, this is, concerns the conversion of a complex number from trigonometric form to algebraic form.
The last one, asks to calculate a power of a complex number written in algebraic form, which can be done by firstly convert it to its trigonometric form.",.,key_1_,Solved exercises about passing from algebraic to trigonometric form and vice-versa.pdf,pdf,2023-03-24 07:57:21+00,1,2023-07-27 08:39:02+00,64,0
377,2956,Solved exercises on solving equations,MathE,3,"In this pdf, some exercises involving the resolution of equations involving complex numbers are solved.",-,key_1_,Solved exercises on solving equations.pdf,pdf,2023-04-06 07:21:29+00,1,2023-07-27 08:39:06+00,64,0
378,2943,Complete exercise solution with double integration,Sofia F. Romanenko,3,Complete exercise solution with double integration of a polynomial function., ,key_1_,di1.pdf,pdf,2023-05-09 07:52:33+00,1,2023-05-31 06:59:42+00,38,3
379,2943,Complete exercise solution with double integration with two independet variables.,Sofia F. Romanenko,3,Complete exercise solution with double integration over a second order polynomial function with two independet variables.,"",key_1_,di2.pdf,pdf,2023-05-09 07:58:27+00,1,2023-05-31 07:00:33+00,38,2
874,3390,Solve quadratic inequalities 3,3minutemaths,1,This video is all about how to solve quadratic inequalities ,jDHaMQzx2G8,,,,2024-07-24 06:39:19+00,1,,,0
380,2943,Complete exercise solution with double integration over a trignometric function.,Sofia F. Romanenko,3,"This pdf includes a complete exercise solution with double integration over a trignometric function, using also integration by substitution.", ,key_1_,di3.pdf,pdf,2023-05-09 08:15:35+00,1,2023-05-31 07:03:26+00,38,1
381,2943,"Complete exercise solution with double integration in order to evaluate an area, using polar coordinates.",Sofia F. Romanenko,3,"Includes a complete exercise solution with double integration in order to evaluate an area, using polar coordinates.", ,key_1_,di4.pdf,pdf,2023-05-09 08:26:22+00,1,2023-07-23 08:07:23+00,38,0
382,2943,Partially solved exercise with double integration.,Sofia F. Romanenko,3,A partially solved exercise with double integration over a type-II region., ,key_1_,di5.pdf,pdf,2023-05-09 08:34:24+00,1,2023-05-12 07:36:40+00,38,0
383,2943,"Complete exercise solution with double integration, using iterate integrals.",Sofia F. Romanenko,3,"This pdf covers a complete exercise solution with double integration, using iterate integrals -- includes both ways of computing the integral.","",key_1_,di6.pdf,pdf,2023-05-09 08:40:41+00,1,2023-07-23 08:07:58+00,38,0
384,2943,Complete exercise solution with double integration in order to evaluate an area.,Sofia F. Romanenko,3,"This pdf covers a complete exercise solution with double integration in order to evaluate an area, using cartesian coordinates.","",key_1_,di8.pdf,pdf,2023-05-09 08:49:06+00,1,2023-07-23 08:08:07+00,38,0
385,2943,Complete exercise solution with double integration with change of order of integration.,Sofia F. Romanenko,3,This pdf includes a complete exercise solution with double integration with change of order of integration over a type-II region.,"",key_1_,di9.pdf,pdf,2023-05-09 08:55:57+00,1,2023-07-23 08:08:15+00,38,1
387,2943,Complete exercise solution with double integration.,Sofia F. Romanenko,3,This pdf cover a complete exercise solution with double integration over a type-I region.,"",key_1_,di10.pdf,pdf,2023-05-09 08:59:47+00,1,2023-07-23 08:08:22+00,38,0
388,2943,Complete exercise solution with double integration using cartesian coordiantes.,Sofia F. Romanenko,3,"This pdf includes a complete exercise solution with double integration using cartesian coordiantes, over a type-I region.","",key_1_,di11.pdf,pdf,2023-05-09 09:05:27+00,1,2023-07-23 08:08:29+00,38,0
389,2956,Absolute value inequalities with solved exercises,MathE,3,This pdf has a brief explanation of how we can visualize the absolute value of a number on the real line.,-,key_1_,Absolute value inequalities.pdf,pdf,2023-05-09 09:53:58+00,1,2023-07-27 08:39:10+00,64,1
390,2943,"Partially solved exercise with double integration, using cartesian coordiantes.",Sofia F. Romanenko,3,"This pdf includes a partially solved exercise with double integration, using cartesian coordiantes.
Furthermore, concepts like iterated integrals and integration over the exponencial function are explored in the present document.","",key_1_,di12.pdf,pdf,2023-05-10 15:57:32+00,1,2023-07-23 08:08:41+00,38,0
391,2943,"Complete exercise solution with double integration, in order to evaluate an area.",Sofia F. Romanenko,3,"This pdf covers a complete exercise solution with double integration, in order to evaluate an area, using cartesian coordiantes.","",key_1_,di13.pdf,pdf,2023-05-10 16:01:06+00,1,2023-07-23 08:08:48+00,38,1
392,2943,Complete exercise solution with double integration using cartesian coordinates.,Sofia F. Romanenko,3,"This pdf covers a complete exercise solution with double integration using cartesian coordinates, over a type-I region.","",key_1_,di14.pdf,pdf,2023-05-10 16:05:15+00,1,2023-07-23 08:08:54+00,38,0
393,2943,Complete exercise solution with double integration using polar coordinates.,Sofia F. Romanenko,3,"This pdf covers a complete exercise solution with double integration using polar coordinates.
Furthermore, after transformation, concepts like iterated integrals are also explored.","",key_1_,di15.pdf,pdf,2023-05-10 16:18:31+00,1,2023-07-23 08:09:03+00,38,0
394,2943,Partially solved exercise with double integration using cartesian coordiantes.,Sofia F. Romanenko,3,"This pdf includes a partially solved exercise with double integration using cartesian coordiantes, over a type-I region.","",key_1_,di16.pdf,pdf,2023-05-10 16:21:30+00,1,2023-07-23 08:09:10+00,38,0
395,2943,"Complete exercise solution with double integration, using polar coordiantes.",Sofia F. Romanenko,3,"This pdf includes a complete exercise solution with double integration, using polar coordinates. Furthermore, after transformation concepts such as iterated integrals are explored.","",key_1_,di17.pdf,pdf,2023-05-10 16:24:56+00,1,2023-07-23 08:09:17+00,38,1
396,2943,"Complete exercise solution with double integration, using polar coordiantes.",Sofia F. Romanenko,3,"This pdf includes a complete exercise solution with double integration, transforming from cartesian coordiantes to polar coordiantes.","",key_1_,di18.pdf,pdf,2023-05-10 16:32:15+00,1,2023-07-23 08:09:24+00,38,0
397,2943,Complete exercise solution with double integration using polar coordinates.,Sofia F. Romanenko,3,This pdf includes a complete exercise solution with double integration using polar coordinates.,"",key_1_,di19.pdf,pdf,2023-05-10 16:36:42+00,1,2023-07-23 08:09:31+00,38,0
398,2943,Partially solved exercise with double integration using polar coordinates.,Sofia F. Romanenko,3,"This pdf includes a partially solved exercise with double integration using polar coordinates.
Furthermore, after transformation, concepts such as iterated integrals are explored.","",key_1_,di20.pdf,pdf,2023-05-10 16:40:45+00,1,2023-07-23 08:09:38+00,38,0
399,2943,Complete exercise solution with double integration using polar coordinates.,Sofia F. Romanenko,3,"This pdf covers a complete exercise solution with double integration using polar coordinates.
Furthermore, after transformation, concepts like interated integrals are explored.","",key_1_,di21.pdf,pdf,2023-05-10 17:12:27+00,1,2023-07-23 08:09:44+00,38,0
400,2943,"Partially solved exercise with double integration, in order to evaluate an area.",Sofia F. Romanenko,3,"This pdf includes a partially solved exercise with double integration, in order to evaluate an area of a type-I region.","",key_1_,di22.pdf,pdf,2023-05-10 17:16:02+00,1,2023-07-23 08:09:50+00,38,1
401,2956,Solved exercises of inequalities of degree greater than or equal to 3,MathE,3,"This pdf contains solved exercises for inequalities of degree greater than or equal to 3. 
Some of these solutions use Ruffini's rule or change of variable.",-,key_1_,Solved exercises of inequalities of degree greater than or equal to 3.pdf,pdf,2023-05-19 07:48:55+00,1,2023-07-27 08:39:13+00,64,2
403,2943,Complete exercise solution with double integration to evaluate an area.,Sofia F. Romanenko,3,"This pdf includes a complete exercise solution with double integration to evaluate an area, using a type I region.","",key_1_,di23.pdf,pdf,2023-05-26 06:41:18+00,1,2023-07-23 08:09:56+00,38,0
404,2943,Partially solved exercise with double integration to evaluate an area.,Sofia F. Romanenko,3,"Partially solved exercise with double integration to evaluate an area, using a type I region.","",key_1_,di24.pdf,pdf,2023-05-26 06:45:46+00,1,2023-07-23 08:10:02+00,38,0
406,2943,Complete exercise solution with double integration with integration order change.,Sofia F. Romanenko,3,Complete exercise solution with double integration with integration order change -- region will need to be divided in two.,"",key_1_,di25.pdf,pdf,2023-05-26 07:02:13+00,1,2023-07-23 08:10:10+00,38,1
407,2943,"Complete exercise solution with double integration, changing the order of integration.",Sofia F. Romanenko,3,"This pdf includes a complete exercise solution with double integration, changing the order of integration - region needs to be subdivided.","",key_1_,di26.pdf,pdf,2023-05-26 07:06:50+00,1,2023-07-23 08:10:16+00,38,0
408,2943,Complete exercise solution with double integration over a type II region.,Sofia F. Romanenko,3,"This pdf includes a complete exercise solution with double integration over a type II region. Furthermore, concepts such as integration by parts are explored.","",key_1_,di27.pdf,pdf,2023-05-26 07:10:31+00,1,2023-07-23 08:10:24+00,38,0
409,2943,Partially solved exercise with double integration in order to evaluate an area.,Sofia F. Romanenko,3,This pdf includes a partially solved exercise with double integration in order to evaluate an area over a type I region.,"",key_1_,di28.pdf,pdf,2023-05-26 07:13:27+00,1,2023-07-23 08:10:37+00,38,0
410,2943,Partially solved exercise with double integration using cartesian coordiantes.,Sofia F. Romanenko,3,This pdf includes a partially solved exercise with double integration using cartesian coordiantes over a type I region.,"",key_1_,di29.pdf,pdf,2023-05-26 07:16:37+00,1,2023-07-23 08:10:31+00,38,0
411,2943,Complete exercise solution with double integration in order to evaluate an area.,Sofia F. Romanenko,3,This pdf includes a complete exercise solution with double integration in order to evaluate an area over a type I region.,"",key_1_,di30.pdf,pdf,2023-05-26 07:19:50+00,1,2023-07-23 08:10:44+00,38,0
412,2943,"Complete exercise solution with double integration, changing the order of integration.",Sofia F. Romanenko,3,"This pdf includes a complete exercise solution with double integration, changing the order of integration -- region will need to be split in two.","",key_1_,di31.pdf,pdf,2023-05-26 07:30:44+00,1,2023-07-23 08:10:51+00,38,0
413,2943,Complete exercise solution with double integration.,Sofia F. Romanenko,3,This pdf includes a complete exercise solution with double integration using cartesian coordinates.,"",key_1_,di32.pdf,pdf,2023-05-26 07:34:19+00,1,2023-07-23 08:10:58+00,38,0
414,2943,Complete exercise solution with double integration using cartesian coordiantes.,Sofia F. Romanenko,3,This pdf includes a complete exercise solution with double integration using cartesian coordiantes over a type I region.,"",key_1_,di33.pdf,pdf,2023-05-26 07:37:22+00,1,2023-07-23 08:11:06+00,38,0
415,2943,Complete exercise solution with double integration using iterate integrals.,Sofia F. Romanenko,3,"This pdf includes a complete exercise solution with double integration using iterate integrals.
","",key_1_,di34.pdf,pdf,2023-05-26 07:41:40+00,1,2023-07-23 08:11:12+00,38,0
416,2943,"Complete exercise solution with double integration using cartesian coordinates.
",Sofia F. Romanenko,3,This pdf includes a complete exercise solution with double integration using cartesian coordinates over a type II region.,"",key_1_,di35.pdf,pdf,2023-05-26 07:44:29+00,1,2023-07-23 08:11:19+00,38,0
417,2943,"Complete exercise solution with double integration, changing the order of integration.",Sofia F. Romanenko,3,"This pdf includes a complete exercise solution with double integration, changing the order of integration.","",key_1_,di36.pdf,pdf,2023-05-26 07:48:56+00,1,2023-07-23 08:11:25+00,38,0
418,2943,Complete exercise solution with double integration using iterate integrals.,Sofia F. Romanenko,3,This pdf includes a complete exercise solution with double integration using iterate integrals.,"",key_1_,di37.pdf,pdf,2023-05-26 07:52:58+00,1,2023-07-23 08:11:32+00,38,0
419,2943,Complete exercise solution with double integration in order to evaluate an area.,Sofia F. Romanenko,3,This pdf includes a complete exercise solution with double integration in order to evaluate an area over a type I region.,"",key_1_,di38.pdf,pdf,2023-05-26 07:55:38+00,1,2023-07-23 08:11:39+00,38,0
420,2943,Complete exercise solution with double integration using iterate integrals.,Sofia F. Romanenko,3,This pdf includes a complete exercise solution with double integration using iterate integrals.,"",key_1_,di39.pdf,pdf,2023-05-26 07:57:58+00,1,2023-07-23 08:11:51+00,38,0
421,2943,Complete exercise solution with double integration using cartesian coordinates.,Sofia F. Romanenko,3,This pf includes a complete exercise solution with double integration using cartesian coordinates over a type II region.,"",key_1_,di40.pdf,pdf,2023-05-26 08:00:36+00,1,2023-07-23 08:11:58+00,38,0
422,2943,Complete exercise solution with double integration in order to evaluate an area.,Sofia F. Romanenko,3,This pdf includes a complete exercise solution with double integration in order to evaluate an area over a type II region.,"",key_1_,di41.pdf,pdf,2023-05-26 08:03:06+00,1,2023-07-23 08:12:07+00,38,0
423,2943,"Complete exercise solution with double integration, changing the order of integration.",Sofia F. Romanenko,3,"This pdf includes a complete exercise solution with double integration, changing the order of integration -- region will need to be split in two.","",key_1_,di42.pdf,pdf,2023-05-26 08:06:09+00,1,2023-07-23 08:12:13+00,38,0
424,2943,Complete exercise solution with double integration in order to evaluate a volume.,Sofia F. Romanenko,3,"This pdf includes a complete exercise solution with double integration in order to evaluate a volume, using polar coordinates.","",key_1_,di7.pdf,pdf,2023-05-26 08:12:58+00,1,2023-07-23 08:12:23+00,38,0
425,2943,"Partially solved exercise with surface integration, particularly over a spherical surface.",Sofia F. Romanenko,3,"Partially solved exercise with surface integration, particularly over a spherical surface. Furthermore, concepts such as the definition of surface integration are included in this pdf.", ,key_1_,si1.pdf,pdf,2023-06-27 14:21:46+00,1,2023-07-23 08:12:28+00,38,0
426,2943,"Complete exercise solution with surface integration, over a scalar funtion.",Sofia F. Romanenko,3,"This pdf includes a complete exercise solution with surface integration, over a scalar funtion. Furthermore, it is included a short theoretical revision before.", ,key_1_,si2.pdf,pdf,2023-06-27 15:21:06+00,1,2023-07-23 08:14:18+00,38,1
427,2943,"Partially solved exercise with surface integration, over a scalar function.",Sofia F. Romanenko,3,"This pdf includes a partially solved exercise with surface integration, over a scalar function, where there is need to divide the main surface in smaller surfaces in order to solve the exercise.", ,key_1_,si3.pdf,pdf,2023-06-27 15:28:26+00,1,2023-07-23 08:14:59+00,38,0
428,2943,"Complete exercise solution with surface integration, over a scalar function.",Sofia F. Romanenko,3,"This pdf includes a complete exercise solution with surface integration, over a scalar function and where the surface is a parallelogram.","",key_1_,si4.pdf,pdf,2023-06-27 15:51:08+00,1,2023-07-23 08:15:27+00,38,0
429,2943,"Partially solved exercise with surface integration, over a scalar function.",Sofia F. Romanenko,3,"This pdf includes a partially solved exercise with surface integration, over a scalar function, where the surface is a cone. Concepts such as integration of trignometric functions are explored.","",key_1_,si5.pdf,pdf,2023-06-27 15:57:58+00,1,2023-07-23 08:15:38+00,38,0
430,2943,"Partially solved exercise with surface integration, over a scalar function.",Sofia F. Romanenko,3,"This pdf explores a partially solved exercise with surface integration, over a scalar function and where the surface is a helicoid. Furthermore, concepts such as integration of trignometric functions is included.","",key_1_,si6.pdf,pdf,2023-06-27 16:06:34+00,1,2023-07-23 08:15:44+00,38,0
431,2943,"Partially solved exercise with surface integration, over a scalar funtion.
",Sofia F. Romanenko,3,"This pdf includes a partially solved exercise with surface integration, over a scalar funtion. Concepts such as transformation to cylindrical coordinates to evaluate an integral are going to be explored.","",key_1_,si7.pdf,pdf,2023-06-27 16:18:48+00,1,2023-07-23 08:15:50+00,38,0
432,2943,"Complete exercise with surface integration, over a scalar function.",Sofia F. Romanenko,3,"This pdf includes acomplete exercise with surface integration, over a scalar function. Definitions related to surface integration are also explored.","",key_1_,si8.pdf,pdf,2023-06-27 16:34:10+00,1,2023-07-23 08:15:57+00,38,0
433,2943,"Partially solved exercise with surface integration, over a scalar function, where S is a plane.",Sofia F. Romanenko,3,"This pdf includes partially solved exercise with surface integration, over a scalar function, where S is a plane. A short theoretical background is given before solving the exercise.","",key_1_,si9.pdf,pdf,2023-06-27 16:40:28+00,1,2023-07-23 08:16:04+00,38,0
434,2943,"Partially solved exercise with surface integration, over a scalar function, where S is a plane.",Sofia F. Romanenko,3,"This pdf inlcudes a partially solved exercise with surface integration, over a scalar function, where S is a plane. Furthermore, concepts such as the equation of a plane (own evaluation) are required to solve this exercise. ","",key_1_,si10.pdf,pdf,2023-06-27 16:52:44+00,1,2023-07-23 08:16:12+00,38,0
435,2943,Partially solved exercise with surface integration over a scalar function.,Sofia F. Romanenko,3,"This pdf includes a partially solved exercise with surface integration over a scalar function. Furthermore, concepts like the power rule in integration are required to solve this exercise,","",key_1_,si11.pdf,pdf,2023-06-29 04:51:30+00,1,2023-07-23 08:16:19+00,38,0
436,2943,"Partially solved exercise with surface integration over a scalar function, with part of a conical surface.",Sofia F. Romanenko,3,"This pdf includes a partially solved exercise with surface integration over a scalar function, with part of a conical surface. Concepts such as transformation to cylindrical coordinates to evaluate an integral are going to be explored.","",key_1_,si12.pdf,pdf,2023-06-29 05:02:56+00,1,2023-07-23 08:16:26+00,38,0
437,2943,"Complete exercise solution with surface integration, over a scalar function.",Sofia F. Romanenko,3,"This pdf includes a complete exercise solution with surface integration, over a scalar function. Furthermore, concepts like the power rule in integration are required to solve this exercise.","",key_1_,si13.pdf,pdf,2023-06-29 05:19:58+00,1,2023-07-23 08:16:32+00,38,0
438,2943,"Partially solved exercise with surface integration over a scalar function, where the surface is part of a paraboloid.",Sofia F. Romanenko,3,"This pdf includes a partially solved exercise with surface integration over a scalar function, where the surface is part of a paraboloid. Furthermore, concepts such as transformation to cylindrical coordinates to evaluate an integral are going to be explored.","",key_1_,si14.pdf,pdf,2023-06-29 05:26:41+00,1,2023-07-23 08:16:38+00,38,0
439,2943,"Partially solved exercise with surface integration over a scalar function, with a spherical surface.",Sofia F. Romanenko,3,"This pdf includes a partially solved exercise with surface integration over a scalar function, with a spherical surface. Concepts such as transformation to spherical coordinates are explored.","",key_1_,si15.pdf,pdf,2023-06-29 05:33:49+00,1,2023-07-23 08:16:44+00,38,0
440,2943,Partially solved exercise with surface integration over a scalar function with a sperical surface.,Sofia F. Romanenko,3,"This pdf includes a partially solved exercise with surface integration over a scalar function, with a spherical surface. Furthermore, concepts such as transformation to spherical coordinates are required to solve the exercise.","",key_1_,si16.pdf,pdf,2023-06-29 05:51:54+00,1,2023-07-23 08:16:50+00,38,0
441,2943,Partially solved exercise with surface integration over a scalar function with part of a cylindrical surface.,Sofia F. Romanenko,3,"This pdf includes a partially solved exercise with surface integration over a scalar function with part of a cylindrical surface, and where there is need to divide the main surface in smaller surfaces. Concepts such as transformation in cylindrical coordinates are required to solve the exercise.","",key_1_,si17.pdf,pdf,2023-06-29 05:58:47+00,1,2023-07-23 08:16:57+00,38,0
442,2943,"Complete exercise solution with surface integration over a scalar function, with part of a cylindrical surface.
",Sofia F. Romanenko,3,"This pdf inlcudes a complete exercise solution with surface integration over a scalar function, with part of a cylindrical surface. Concepts such as integration of trignometric functions are explored.","",key_1_,si18.pdf,pdf,2023-06-29 06:10:55+00,1,2023-07-23 08:17:12+00,38,0
443,2943,"Partially solved exercise with surface integration over a scalar function, with the cylindrical surface.",Sofia F. Romanenko,3,"This pdf includes a partially solved exercise with surface integration over a scalar function with part of a cylindrical surface, and where there is need to divide the main surface in smaller surfaces. Concepts such as transformation in cylindrical coordinates are required to solve this exercise.","",key_1_,si19.pdf,pdf,2023-06-29 07:17:40+00,1,2023-07-23 08:17:57+00,38,0
444,2943,"Partially solved exercise with surface integration over a flux, with a spherical surface.",Sofia F. Romanenko,3,"This pdf includes a partially solved exercise with surface integration over a flux, with a spherical surface. Concepts such as integration of trignometric functions are required.", ,key_1_,si20.pdf,pdf,2023-06-29 07:29:20+00,1,2023-07-23 08:18:03+00,38,0
445,2943,"Partially solved exercise with surface integration over a flux, with part of a parabolid and closing disk.",Sofia F. Romanenko,3,"THis pdf includes a partially solved exercise with surface integration over a flux, with part of a parabolid and closing disk. Concepts such as transformation in cylindrical coordinates are required to solve this exercise.","",key_1_,si21.pdf,pdf,2023-06-29 07:38:07+00,1,2023-07-23 08:18:08+00,38,0
446,2943,"Complete exercise solution with surface integration over a flux, where S is a parallelogram.",Sofia F. Romanenko,3,"This pdf includes a complete exercise solution with surface integration over a flux, where S is a parallelogram. Aspects such as orientation of the vector field are especially important in this exercise (not the default orientation at  some point).", ,key_1_,si22.pdf,pdf,2023-06-29 07:56:55+00,1,2023-07-23 08:18:15+00,38,0
447,2943,"Complete exercise solution with surface integration over a flux, with a helicoid.",Sofia F. Romanenko,3,"This pdf includes a complete exercise solution with surface integration over a flux, with a helicoid. Furthermore, concepts such as integration by parts is required to solve this exercise.","",key_1_,si23.pdf,pdf,2023-06-30 02:41:27+00,1,2023-07-23 08:18:22+00,38,0
448,2943,Complete exercise solution with surface integration over a flux.,Sofia F. Romanenko,3,"This pdf includes a complete exercise solution with surface integration over a flux, with part of a paraboloid. ","",key_1_,si24.pdf,pdf,2023-06-30 03:13:56+00,1,2023-07-23 08:18:31+00,38,0
449,2943,"Partially solved exercise with surface integration over a flux, with part of a conical surface.",Sofia F. Romanenko,3,"THis pdf includes a partially solved exercise with surface integration over a flux, with part of a conical surface. Furthermore, concepts such as transformation in cylindrical coordinates is required to solve this exercise.","",key_1_,si25.pdf,pdf,2023-06-30 03:20:47+00,1,2023-07-23 08:18:36+00,38,0
450,2943,"Partially solved exercise with surface integration over a flux, with part of a hemisphere.",Sofia F. Romanenko,3,"This pdf includes a partially solved exercise with surface integration over a flux, with part of a hemisphere. Concepts such as transformation into cylindrical coordinates is required to solve this exercise.","",key_1_,si26.pdf,pdf,2023-06-30 03:24:41+00,1,2023-07-23 08:18:41+00,38,0
451,2943,"Partially solved exercise with surface integration over a flux, with a hemisphere.",Sofia F. Romanenko,3,"Partially solved exercise with surface integration over a flux, with a hemisphere. Furthermore, concepst such as spherical coordinates are required to solve this exercise.", ,key_1_,si27.pdf,pdf,2023-06-30 03:29:25+00,1,2023-07-23 08:18:46+00,38,0
452,2943,"Partially solved exercise with surface integration over a flux, with a closed paraboloid.",Sofia F. Romanenko,3,"This pdf includes a partially solved exercise with surface integration over a flux, with a closed paraboloid, and where there is need to divide the main surface in smaller surfaces. Concepts such as transformation in cylindrical coordinates is required to solve this exercise.","",key_1_,si28.pdf,pdf,2023-06-30 03:35:04+00,1,2023-07-23 08:18:52+00,38,0
453,2943,Partially solved exercise with surface integration over a flux.,Sofia F. Romanenko,3,"This pdf includes a partially solved exercise with surface integration over a flux. Furthermore, knowledge in integration of the exponencial function is required to solve this exercise.","",key_1_,si29.pdf,pdf,2023-06-30 03:43:03+00,1,2023-07-23 08:19:03+00,38,0
454,2943,"Partially solved exercise with surface integration over a flux, with a surface of a cube.",Sofia F. Romanenko,3,"Partially solved exercise with surface integration over a flux, with a surface of a cube, and where there is need to divide the main surface in smaller surfaces. ","",key_1_,si30.pdf,pdf,2023-06-30 03:46:24+00,1,2023-07-23 08:19:12+00,38,0
455,2943,"Partially solved exercise with surface integration over a flux, with the boundary of a solid region.",Sofia F. Romanenko,3,"This pdf includes a partially solved exercise with surface integration over a flux, with the boundary of a solid region, and where there is need to divide the main surface in smaller surfaces.","",key_1_,si31.pdf,pdf,2023-06-30 03:49:29+00,1,2023-07-23 08:19:19+00,38,0
456,2943,"Partially solved exercise with surface integration over a flux, with the boundary of a half-cylinder.",Sofia F. Romanenko,3,"This pdf includes a partially solved exercise with surface integration over a flux, with the boundary of a half-cylinder, and where there is need to divide the main surface in smaller surfaces. ","",key_1_,si32.pdf,pdf,2023-06-30 03:55:37+00,1,2023-07-23 08:19:24+00,38,0
457,2943,"Partially solved exercise with surface integration over a flux, with the boundary of a tetrahedron.",Sofia F. Romanenko,3,"This pdf includes a partially solved exercise with surface integration over a flux, with the boundary of a tetrahedron, and where there is need to divide the main surface in smaller surfaces.","",key_1_,si33.pdf,pdf,2023-06-30 03:58:21+00,1,2023-07-23 08:19:30+00,38,0
458,2943,Complete exercise solution with surface integration over a scalar function.,Sofia F. Romanenko,3,"This pdf includes a complete exercise solution with surface integration over a scalar function, with part of a plane.","",key_1_,si34.pdf,pdf,2023-06-30 04:08:15+00,1,2023-07-23 08:19:36+00,38,0
459,2943,Partially solved exercise with surface integration over a scalar function.,Sofia F. Romanenko,3,This pdf includes a partially solved exercise with surface integration over a scalar function. Knowledge in integration by substitution is suggested to solve this exercise.,"",key_1_,si35.pdf,pdf,2023-06-30 04:12:51+00,1,2023-07-23 08:19:43+00,38,0
460,2943,Partially solved exercise with surface integration over a scalar function.,Sofia F. Romanenko,3,"This pdf includes a partially solved exercise with surface integration over a scalar function, where the surface is a parabolic cylinder.","",key_1_,si37.pdf,pdf,2023-06-30 04:28:44+00,1,2023-07-23 08:19:49+00,38,0
461,2943,Partially solved exercise with surface integration over a scalar function.,Sofia F. Romanenko,3,"This pdf includes a partially solved exercise with surface integration over a scalar function, with a cylindrical surface.","",key_1_,si38.pdf,pdf,2023-06-30 04:31:41+00,1,2023-07-23 08:19:56+00,38,0
462,2943,Partially solved exercise with surface integration over a scalar function.,Sofia F. Romanenko,3,"This pdf includes a partially solved exercise with surface integration over a scalar function, where the surface is a hemisphere.","",key_1_,si39.pdf,pdf,2023-06-30 04:33:41+00,1,2023-07-23 08:20:02+00,38,0
463,2943,Partially solved exercise with surface integration over a scalar function.,Sofia F. Romanenko,3,"This pdf includes a partially solved exercise with surface integration over a scalar function, with a portion of a plane.","",key_1_,si40.pdf,pdf,2023-06-30 04:36:00+00,1,2023-07-23 08:20:08+00,38,0
464,2943,"Partially solved exercise with surface integration over a scalar function, with a conical surface.",Sofia F. Romanenko,3,"This pdf includes a partially solved exercise with surface integration over a scalar function, with a conical surface. Furthermore, knowledge in cylindrical coordinates is required to solve the exercise.","",key_1_,si41.pdf,pdf,2023-06-30 04:38:29+00,1,2023-07-23 08:20:15+00,38,0
465,2943,"Partially solved exercise with surface integration over a scalar function, with a parabolic dome.",Sofia F. Romanenko,3,"This pdf includes a partially solved exercise with surface integration over a scalar function, with a parabolic dome. Knowledge in concepts such as cylindrical coordinates is required.","",key_1_,si42.pdf,pdf,2023-06-30 04:42:06+00,1,2023-07-23 08:20:22+00,38,0
466,2943,"Partially solved exercise with surface integration over a scalar function, where the surface is a spherical cap.",Sofia F. Romanenko,3,"This pdf includes a partially solved exercise with surface integration over a scalar function, where the surface is a spherical cap. Furthermore, concepts such as spherical coordinates are required to solve this exercise.","",key_1_,si43.pdf,pdf,2023-06-30 04:59:17+00,1,2023-07-23 08:20:28+00,38,0
467,2943,Partially solved exercise with surface integration over a flux.,Sofia F. Romanenko,3,"This pdf includes a artially solved exercise with surface integration over a flux, with a parabolic cylinder.","",key_1_,si44.pdf,pdf,2023-06-30 05:02:29+00,1,2023-07-23 08:20:38+00,38,0
468,2943,Partially solved exercise with surface integration over a flux.,Sofia F. Romanenko,3,"This pdf includes a artially solved exercise with surface integration over a flux, with a parabolic cylinder.","",key_1_,si45.pdf,pdf,2023-06-30 05:05:02+00,1,2023-07-23 08:20:45+00,38,0
469,2943,"Partially solved exercise with surface integration over a flux, with a portion of hemisphere.",Sofia F. Romanenko,3,"This pdf includes a partially solved exercise with surface integration over a flux, with a portion of hemisphere. Concepts such as spherical coordinates are required to solve this exercise.","",key_1_,si46.pdf,pdf,2023-06-30 05:07:34+00,1,2023-07-23 08:20:51+00,38,0
470,2943,"Partially solved exercise with surface integration over a flux, with a hemisphere.",Sofia F. Romanenko,3,"This pdf includes a partially solved exercise with surface integration over a flux, with a hemisphere. Concepts such as spherical coordinates are required to solve this exercise.","",key_1_,si47.pdf,pdf,2023-06-30 05:13:32+00,1,2023-07-23 08:21:00+00,38,0
471,2943,Partially solved exercise with surface integration over a flux.,Sofia F. Romanenko,3,"This pdf includes a partially solved exercise with surface integration over a flux, with a portion of a plane.","",key_1_,si48.pdf,pdf,2023-06-30 05:16:40+00,1,2023-07-23 08:21:07+00,38,0
472,2943,"Partially solved exercise with surface integration over a flux, with a portion of a cylindrical surface.",Sofia F. Romanenko,3,"This pdf inlcudes a partially solved exercise with surface integration over a flux, with a portion of a cylindrical surface. Note that at the end, the surface integral will allow to assess the area of the cylindrical surface.","",key_1_,si49.pdf,pdf,2023-06-30 05:20:29+00,1,2023-07-23 08:21:14+00,38,1
473,2943,"Partially solved exercise with surface integration over a flux, with a portion of a conical surface.",Sofia F. Romanenko,3,"This pdf includes a partially solved exercise with surface integration over a flux, with a portion of a conical surface. Knowledge in concepts such as cylindrical coordinates is required to solve this exercise.","",key_1_,si50.pdf,pdf,2023-06-30 05:23:20+00,1,2023-07-23 08:21:22+00,38,0
474,2943,"Complete exercise solution with surface integration over a flux, using the Divergence Theorem.","Sofia F. Romanenko
",3,"This pdf includes a complete exercise solution with surface integration over a flux, using the Divergence Theorem, over a unit sphere.","",key_1_,si51.pdf,pdf,2023-07-20 09:32:45+00,1,2023-07-23 08:21:30+00,38,1
475,2943,"Partially solved exercise with surface integration over a flux, using the Divergence Theorem.",Sofia F. Romanenko,3,"This pdf includes a partially solved exercise with surface integration over a flux, using the Divergence Theorem.", ,key_1_,si52(r).pdf,pdf,2023-07-21 02:58:45+00,1,2023-07-27 05:40:44+00,38,0
476,2943,"Partially solved exercise with surface integration over a flux, using the Divergence Theorem.",Sofia F. Romanenko,3,"THis pdf includes a partially solved exercise with surface integration over a flux, using the Divergence Theorem, over a square prism surface.","",key_1_,si53.pdf,pdf,2023-07-21 03:32:04+00,1,2023-07-23 08:21:36+00,38,0
477,2943,"Partially solved exercise with surface integration over a flux, using the Divergence Theorem, over a cylindrical surface.",Sofia F. Romanenko,3,"This pdf includes a partially solved exercise with surface integration over a flux, using the Divergence Theorem, over a cylindrical surface. Concepts such as transformation to cylindrical coordinates are required to solve this exercise.", ,key_1_,si55.pdf,pdf,2023-07-21 03:56:00+00,1,2023-07-23 08:21:42+00,38,0
478,2943,"Partially solved exercise with surface integration over a flux, using the Divergence Theorem, over a spherical surface.",Sofia F. Romanenko,3,"This pdf includes a partially solved exercise with surface integration over a flux, using the Divergence Theorem, over a spherical surface. Furthermore, concepts such as tranformation into spherical coordinates are required to solve this exercise.","",key_1_,si56.pdf,pdf,2023-07-21 04:14:48+00,1,2023-07-23 08:21:47+00,38,0
479,2943,"Complete exercise solution with surface integration over a flux, using the Divergence Theorem.",Sofia F. Romanenko,3,"THis pdf inlcudes a complete exercise solution with surface integration over a flux, using the Divergence Theorem. Furthermore, concepts such as derivation of trignometric functions are required to solve this exercise.","",key_1_,si57.pdf,pdf,2023-07-21 09:13:11+00,1,2023-07-23 08:21:54+00,38,0
480,2943,"Partially solved exercise with surface integration over a flux, using the Divergence Theorem.",Sofia F. Romanenko,3,"This pdf includes a partially solved exercise with surface integration over a flux, using the Divergence Theorem. Furthermore, concepts such as tranformation into cylindrical coordinates are going to be required to solve this exrecise.","",key_1_,si59.pdf,pdf,2023-07-21 09:44:31+00,1,2023-07-23 08:22:00+00,38,0
481,2943,"Partially solved exercise with surface integration over a flux, using the Divergence Theorem.",Sofia F. Romanenko,3,"This pdf includes a partially solved exercise with surface integration over a flux, using the Divergence Theorem. Furthermore, concepts such as tranfromation into cylindrical coordinates are required to solve this exercise.","",key_1_,si60.pdf,pdf,2023-07-21 09:55:45+00,1,2023-07-23 08:22:05+00,38,1
482,2943,"Partially solved exercise with surface integration over a flux, using the Divergence Theorem.",Sofia F. Romanenko,3,"This pdf includes a partially solved exercise with surface integration over a flux, using the Divergence Theorem. Furthermore, concepts such as the derivation of trignometric functions are required to solve this exercise.","",key_1_,si61.pdf,pdf,2023-07-21 10:11:37+00,1,2023-07-23 08:23:51+00,38,0
483,2943,bihvi,bibi,3,h ivh,"",key_1_,"","",2023-07-26 10:24:54+00,0,,0,0
484,26,Title of the Lesson2,Author of the Lesson2,1,Description2,6o7b9yyhH7k,key_1_3_,,,2019-10-26 02:17:58+00,2,2019-10-26 02:49:44+00,26,0
485,38,Integration by parts || Integração por partes,MathE (IPB),1,"Explanation of the integration by parts technique and an example.
Explicação da técnica de integração por partes e um exemplo de aplicação.",TyPRUjJ-Png,key_1_4_,,,2019-12-10 08:39:12+00,1,2020-02-02 18:05:41+00,38,0
486,26,Math Classes - MathHelp.com - 1000+ Online Math Lessons,MathHelp.com,1,MathHelp.com - http://www.MathHelp.com - offers comprehensive online math classes featuring 1000+ online math lessons with a personal math teacher inside every lesson!,YFWiE8faifU,key_1_,,,2020-02-11 02:35:50+00,0,,,0
487,28,Test,Test,1,Test,Test,key_2_,,,2020-02-12 01:09:49+00,2,2020-02-13 08:55:54+00,28,0
539,38,"How to integrate sums, constants and simple divisions?",IPB,1,An exercise is solved about the integral of a function constituted by sums of functions.,yp5OGSMNmqI,key_1_,,,2020-11-24 08:57:36+00,1,2020-12-01 15:26:57+00,37,0
488,67,Product Rule: Trigonometric Functions,Dr Rita Scully ,1,In this video we see how the Product Rule is applied when differentiating two or more functions that are multiplied together. Two worked examples are shown and explained.,k9SWL9GYyHk,key_1_,,,2020-02-12 03:52:09+00,1,2021-02-06 12:43:20+00,64,0
489,52,Solving matrix equations,Kristina Sutiene,1,Step-by-step demonstration how to solve matrix equation,ye9xXrN2li8,key_1_,,,2020-02-27 08:07:41+00,1,2020-06-18 18:32:39+00,38,1
490,407,Basic statistics,KTU,1,"A demonstration showing how to compute the main basic statistical characteristics of a sample: sample range, mean, variance, standard deviation, mode, median and quantiles.",lzbARVJhzk4,key_1_,,,2020-03-04 09:25:09+00,1,2020-06-18 18:35:43+00,38,0
491,43,Resolution of a linear system with parameters,UniGe,1,In this video we show how to use the Gauss method to solve a linear system with one or more parameters,ysSBLLYM5DA,key_1_,,,2020-05-09 09:41:08+00,1,2020-06-18 18:37:50+00,38,0
492,43,Resolution of a linear system: the Gauss algorithm ,UniGe,1,In  this video we describe how to solve a linear system without parameters using Gauss' algorithm by transforming it into an upper triangular linear system.,ncH3f6vYjCU,key_1_,,,2020-05-11 03:10:57+00,1,2020-12-01 15:29:04+00,37,0
493,43,Resolution of a linear system: the Gauss algorithm 2,UniGe,1,"In this video we describe how to solve a linear system (without parameters) using the Gauss algorithm, by transforming it into a diagonal linear system",VlBYbc_axqU,key_1_,,,2020-05-11 03:17:22+00,1,2020-12-03 14:49:25+00,64,0
494,43,Resolution of a linear system: Gauss algorithm 3,UniGe,1,"In this video we describe particular cases that may appear when resolving a linear system by using the Gauss algorithm, in particular the case of infinitely many solutions, and the case of no solutions.",YAQSGJpfFaU,key_1_,,,2020-05-11 03:23:40+00,1,2020-12-03 14:50:46+00,64,0
495,43,Discussion of a linear system: the Rouché-Capelli theorem,UniGe,1,In this video we show how to use the Rouché-Capelli theorem to discuss how many solutions a linear system has,djBiKpxgMWw,key_1_,,,2020-05-11 03:28:28+00,1,2020-12-13 08:43:19+00,38,1
496,43,The Extreme Value Theorem,UniGe,1,"In this video we state and discuss the extreme value theorem for continuous functions, as well as simple counterexamples illustrating the role of the various hypotheses of the result.",JlYNt0l18zY,key_1_,,,2020-05-18 03:39:39+00,1,2020-06-18 18:45:18+00,38,0
497,43,The definition of limit,UniGe,1,In this video we solve a simple limit by using the very definition of limit. This allows us to see the complicated condition with epsilon and delta in action.,P1aWZECvxe0,key_1_,,,2020-05-18 03:47:57+00,1,2020-06-22 05:20:06+00,38,0
498,43,A piecewise continuous function,UniGe,1,"In this video we deal with a piecewise continuous function depending on a real parameter, and look for the values of this parameter for which the function is continuous over the whole real line.",16GeP9AjKsQ,key_1_,,,2020-05-18 03:53:45+00,1,2020-06-22 05:36:01+00,38,0
499,43,The graph of a function,UniGe,1,"In this video we draw a qualitative graph of a real-valued function by considering its domain, sign, zeros and limits at the boundary points of the domain.",5D-7QEsLMaY,key_1_,,,2020-05-18 04:00:14+00,1,2020-06-22 05:30:05+00,38,0
500,43,Calculation of a limit,UniGe,1,In this video we compute the limit of a function of type 0/0 by making use of several known limits of trigonometric and exponential functions.,fQuKDXpqCcg,key_1_,,,2020-05-18 04:10:42+00,1,2020-06-24 12:38:30+00,38,0
501,67,Product Rule Part 2,Dr Rita Scully,1,"The product rule is a formal rule for differentiating problems where one function is multiplied by another. Remember the rule in the following way. Each time, differentiate a different function in the product and add the two terms together.",7-nq5i_A5u0,key_1_,,,2020-06-17 13:25:57+00,1,2020-10-29 10:00:51+00,38,0
502,67,Quotient Rule,Aisling Lynch,1,"In calculus, the quotient rule is a method of finding the derivative of a function that is the ratio of two differentiable functions.",uKfcS7-O6UE,key_1_,,,2020-06-17 13:28:19+00,1,2020-10-29 10:06:55+00,38,0
503,67,Partial Differentiation,Dr Patrick Walsh,1,"In mathematics, the rules of partial differentiation follow exactly the same logic as univariate differentiation.  The only difference is that we have to decide how to treat the other variable.",ksEv1inQPJU,key_1_,,,2020-06-17 13:31:22+00,1,2020-12-21 08:25:50+00,38,0
504,67,Derivative of the product (with trigonometric functions),Dr Rita Scully,1,"This video is on the topic Differentiation, specifically the Product Rule. It envolves trigonometric functions in differentiation and includes two worked examples.",k9SWL9GYyHk,key_1_,,,2020-06-18 03:12:26+00,1,2020-11-15 16:50:56+00,64,0
505,67,Manipulation of Algebraic Expressions 1,Roz Whelan,1,This video looks at manipulation of algebraic expressions and equations. These contain indices and are to be multiplied. A worked example is shown.,elGqWMGeNa0,key_1_,,,2020-06-18 03:27:55+00,1,2020-06-22 05:54:32+00,38,0
506,67,Manipulation of algebraic expressions:  solving equations envolving exponentials,Siobhan Curtin,1,"In this video for the topic Manipulation of Algebraic Expressions, we look at solving exponential equations and consider some worked examples.",6eVhRWmGoNc,key_1_,,,2020-06-18 07:22:03+00,2,2021-12-27 08:00:25+00,37,0
507,67,Manipulation of Algebraic Expressions 3: Simplifying Algebraic Expressions,Dr Siobhan Curtin,1,"This video looks at simplifying algebraic expressions, working from basic rules through worked examples.",W32z6ScN-zU,key_1_,,,2020-06-18 08:03:53+00,1,2020-10-11 12:42:58+00,38,0
508,67,Manipulation of Algebraic Expressions: Logarithmic Equations,Dr Siobhan Curtin,1,"In this video we look at Manipulation of Algebraic Expressions, in particular logarithmic equations, with some basic rules and some worked examples.",nH-Ax0rIpc8,key_1_,,,2020-06-18 09:02:43+00,1,2020-11-15 17:01:16+00,64,0
509,127,Example solving for the eigenvalues of a 2x2 matrix,Sal Khan,1,This video teaches how to calculate the eigenvalues of a 2x2 matrix using the determinant and the characteristic polynomial. This method can be applied to matrices with other dimensions.,pZ6mMVEE89g,key_1_,,,2020-06-18 16:09:44+00,2,2020-06-30 12:11:23+00,38,0
510,127,Eigenvalues of a 3x3 matrix,Sal Khan,1,This video teaches how to calculate the eigenvalues ​​of a 3x3 matrix using the determinant and the characteristic polynomial. This method can be applied to matrices with other dimensions. It also teaches you how to calculate the roots of a third-degree polynomial.,11dNghWC4HI,key_1_,,,2020-06-18 16:25:28+00,2,2020-06-30 12:11:43+00,38,0
540,38,Integration by substitution,IPB,1,An example about the substitution technique to solve an integral is presented.,BMUYs5sIrZU,key_1_,,,2020-11-24 09:07:29+00,1,2020-12-01 15:27:06+00,37,0
511,127,Finding eigenvectors and eigenspaces example,Sal Khan,1,The video teaches how to calculate the eigenvectors associated with eigenvalues of a 2x2 matrix. The eigenvectors are not unique. The set of all eigenvectors associated with an eigenvalue form the so-called eigenspace. ,3-xfmbdzkqc,key_1_,,,2020-06-18 17:05:52+00,2,2020-06-30 12:12:22+00,38,0
512,127,Find Eigenvalues of 3x3 Matrix,Jay,1,The video teaches how to calculate the eigenvalues of a 3x3 matrix using the determinant and the characteristic polynomial. The characteristic determinant is calculated through the development of Laplace.,j2B_vcp3tUQ,key_1_,,,2020-06-18 17:16:21+00,2,2020-06-30 12:12:44+00,38,0
513,127,Eigenvectors and Eigenvalues,TheTrevTutor,1,The video teaches how to calculate the eigenvalues and eigenvectors of a matrix. And it shows that the eigenvalues of a diagonal matrix are equal to the diagonal itself.,ihscX_B1BoA,key_1_,,,2020-06-18 17:29:35+00,2,2020-06-30 12:12:59+00,38,0
514,78,Complex Numbers,Khan Academy,1,Basics of complex numbers,kpywdu1afas,key_1_,,,2020-06-21 18:18:06+00,2,2020-06-30 12:13:30+00,38,0
515,78,Complex Numbers,"
The Organic Chemistry Tutor",1,"Complex Numbers In Polar Form De Moivre's Theorem, Products, Quotients, Powers, and nth Roots",1Eu66E_MoQ8,key_1_,,,2020-06-21 18:22:44+00,2,2020-06-30 12:13:46+00,38,0
516,78,Complex numbers: Solving equations,The Bright Side Of Mathematics,1,Solving equations with complex numbers,7w0mdxbisbo,key_1_,,,2020-06-21 18:26:21+00,2,2020-06-30 12:14:02+00,38,0
517,78,"Complex conjugates, Imaginary and complex numbers",Khan Academy,1,"Complex numbers, complex conjugates, Imaginary and real parts of complex numbers",BZxZ_eEuJBM,key_1_,,,2020-06-21 18:29:54+00,2,2020-06-30 12:14:15+00,38,0
518,78,Introduction to Locus of Complex Numbers,"
MasterWuMathematics",1,"The video introduces the concept of the locus of complex numbers and sketch the loci for the following examples:
- Re(z) is greater than -2
- Im(z) is greater than or equal to -1
- Im(z) is between -1 and +2
- Re(z) + Im(z) is less than or equal to 4
- Re(z) + Im(z) is equal to 4",KeYfQ8Em9BU,key_1_,,,2020-06-21 18:37:48+00,2,2020-06-30 12:14:29+00,38,0
519,78,Sketching the locus of a complex number in Argand plane,Mathew Mathew,1,Examples of loci of complex numbers in Argand plane,AqtgBbEI4wM,key_1_,,,2020-06-21 18:41:08+00,2,2020-06-30 12:14:42+00,38,0
520,61,The local extrema of a real function of several variables,“Gheorghe Asachi” Technical University Iasi,1,Finding local extrema of a real function depending by three variables.,TRJtYmgvWic,key_1_,,,2020-06-25 01:24:43+00,1,2020-11-14 15:14:23+00,37,0
521,61,The local extrema of a real function of several variables,“Gheorghe Asachi” Technical University Iasi,1,The determination of local extrema of a real function depending by two variables.,0PuMSNfFoKU,key_1_,,,2020-06-25 02:33:53+00,1,2020-11-15 13:50:17+00,37,0
522,61,Continuity of a real function of several variables,“Gheorghe Asachi” Technical University Iasi,1,Study of continuity of a real function depending by two variables.,G4P1Lb3Lzts,key_1_,,,2020-06-25 02:39:03+00,1,2020-10-26 10:15:11+00,38,0
523,61,Separate variables differential equation,“Gheorghe Asachi” Technical University Iasi,1,Solving of a separate variables differential equation.,yz6rrl6pIC0,key_1_,,,2020-06-25 02:42:01+00,1,2020-10-24 04:47:13+00,38,0
524,61,Linear Differential equation,“Gheorghe Asachi” Technical University Iasi,1,A linear differential equation is solved.,xjII4Vuy9es,key_1_,,,2020-06-25 02:45:25+00,1,2020-10-24 05:09:21+00,38,0
525,61,Limits of real functions depending by several variables,“Gheorghe Asachi” Technical University Iasi,1,The limit of a real function depending by two variables is determined. ,KA21xLe5jjY,key_1_,,,2020-06-25 02:46:38+00,1,2021-04-06 10:35:49+00,38,0
526,61,Limits of functions of several variables,“Gheorghe Asachi” Technical University Iasi,1,It is presented the evaluation of a limit of a function depending by two variables.,cAFpQJ647uI,key_1_,,,2020-06-25 02:47:46+00,1,2021-04-06 10:55:31+00,38,0
527,61,Homogeneous Differential equation,“Gheorghe Asachi” Technical University Iasi,1,Homogeneous Differential equation,Zm68iSAd4eQ,key_1_,,,2020-06-25 02:48:40+00,1,2021-03-31 03:38:40+00,38,0
528,61,Differential equation,“Gheorghe Asachi” Technical University Iasi,1,Differential equation,Vy_aq8CRqT8,key_1_,,,2020-06-25 02:49:36+00,1,2020-10-24 04:53:16+00,38,0
529,61,Differential equation with separate variables,“Gheorghe Asachi” Technical University Iasi,1,Solving a differential equation with separate variables,xwkR1oRVWRI,key_1_,,,2020-06-25 02:51:01+00,1,2020-10-24 04:58:20+00,38,0
530,75,Dijkstra's Algorithm,Patrick JTM,1,"How to find the shortest path between to vertices with the Dijstra's Algorithm,",eFZCPlZCyIM,key_1_,,,2020-07-17 03:57:13+00,2,2020-10-24 05:15:09+00,38,0
531,52,"Determinant, its Properties and Elementary Row Operations",Kristina Sutiene,1,This video demonstrates how the value of the determinant is affected by the elementary row operations,FdyLYhAkCMI,key_1_,,,2020-08-31 10:07:41+00,1,2020-10-26 09:59:39+00,38,0
532,52,Linear Independence of Matrix Rows,Kristina Sutiene,1,"This video demonstrates how to determine whether matrix rows are linearly dependent or not
",tVQQ7YBkzQ4,key_1_,,,2020-08-31 10:12:33+00,1,2020-10-24 04:38:17+00,38,0
533,52,Matrix polynomial,Kristina Sutiene,1,"This video demonstrates how to determine the value of matrix polynomial
",wSxKJUJloJw,key_1_,,,2020-08-31 10:16:09+00,1,2020-10-24 04:40:38+00,38,1
534,52,Some useful properties of determinant,Kristina Sutiene,1,"This video summarizes the most interesting and useful determinant's properties
",Lv-dteLPNDc,key_1_,,,2020-08-31 10:19:09+00,1,2020-10-27 10:29:19+00,38,0
535,407,Statistics - outlier detection,Kaunas University of Technology,1,The video explains how to identify outliers in a data sample using the interquartile range (IQR),nxK68ABjAJc,key_1_,,,2020-10-30 05:26:39+00,1,2020-11-15 15:22:30+00,37,0
536,407,Statistics - Stem and leaf diagram vs histogram,KTU,1,"The video explains how to visualise the data distribution, using the stem and leaf diagram or the histogram",9P27VrdiyIM,key_1_,,,2020-10-30 05:41:17+00,1,2020-12-20 15:40:14+00,37,0
537,407,Statistics - Hypothesis testing,Kaunas University of Technology,1,An explanation of the general idea of the statistical hypothesis testing (the test of significance),33BSMSP_14w,key_1_,,,2020-10-30 05:53:11+00,1,2020-12-20 15:43:27+00,37,0
538,407,Chi-square test for independence of two factors,Kaunas University of Technology,1,An explanation how to use the chi-square test for independence of two factors (for categorical data),OwZ19je8Gpg,key_1_,,,2020-10-30 06:01:37+00,1,2020-12-20 15:45:55+00,37,0
541,38,Integration of simple functions - 4 exercises solved,IPB,1,4 exercises are solved using direct integration rules,4x8t8ze-0O8,key_1_,,,2020-11-24 09:47:13+00,1,2020-12-01 15:27:15+00,37,1
542,38,Integration of constant functions and power functions - exercises,IPB,1,Some exercises are performed about the integration of constant and power functions,gyfDSkGrYuo,key_1_,,,2020-11-24 10:51:28+00,1,2020-12-01 15:27:27+00,37,0
543,38,How to integrate definite integrals?,IPB,1,"Definite integrals; the fundamental theorem of calculus and two examples envolving a log function and a polynomial function.
",HOHhvt2ovfM,key_1_,,,2020-12-09 16:57:27+00,1,2020-12-20 15:10:57+00,64,0
544,38,Definite integrals and trig functions,IPB,1,An exercise about the definite integral of a trigonometric function (tan) is solved.,OBZnEvoRuW0,key_1_,,,2020-12-10 11:54:16+00,1,2020-12-20 15:13:16+00,64,0
545,38,Definite integral of a rational function (part I),IPB,1,"In this video lesson the integration of a rational function is deepened.
Long division is explained and partial fractions with linear factors and quadratic factors are shown.",BEivNvR6_EU,key_1_,,,2020-12-13 09:54:42+00,1,2020-12-20 15:16:05+00,64,1
546,38,Definite integral of a rational function - example (Part II),IPB,1,In this video an example of a definite integral of a rational function is solved.,JB961uV015E,key_1_,,,2020-12-13 10:18:11+00,1,2020-12-20 15:19:39+00,64,1
547,38,Definite integrals envolving trigonometric functions,IPB,1,"In this video lesson, an exercise about definite integrals with trigonometric functions (tangent and secant) is solved.",_EFIgUfKwLo,key_1_,,,2020-12-16 15:34:24+00,1,2020-12-20 15:21:44+00,64,0
548,61,The local extrema of a real function  of several variables,Prof. Marcel Roman from ”Gheorghe Asachi” Technical University of Iasi,1,The local extrema of a real function  of several variables,LVLuqNH5iWw,key_1_,,,2020-12-17 06:21:35+00,1,2020-12-21 13:28:48+00,37,0
549,61,Local extrema of a function of several variables,”Gheorghe Asachi” Technical University of Iasi,1,Local extrema of a function of several variables,b_lOlENC6b0,key_1_,,,2020-12-17 06:27:31+00,1,2021-04-01 09:31:50+00,38,0
550,67,Manipulation of Algebraic Expressions 2,Roz Whelan,1,"In this video, Roz looks at two further worked examples of manipulating algebraic expressions. The examples reinforce the basic rules:  the equality in an equation must be maintained and whatever is done on the left hand side must be done also on the right hand side of the equation.
",3JlG7byky6I,key_1_,,,2020-12-20 05:22:56+00,1,2020-12-20 15:09:32+00,64,0
551,67,Differentiation: The Chain Rule,Dr Rita Scully,1,In this video Dr Rita Scully discusses the Chain Rule in Differentiation and when it is used. She gives some worked examples.,0CakTVEl7sc,key_1_,,,2021-02-18 04:05:50+00,2,2021-12-27 08:00:32+00,37,0
552,74,Solving an Assignment Problem in Solver: Linear Programming,Clara Vaz,1,"It shows how to solve an assignment linear programming model in Solver Add-in in Excel. It finds the optimum assignment of multiple tasks to multiple workers, minimizing the total time spent.",AUPSiwosY7s,key_1_,,,2021-04-19 02:00:44+00,1,2021-04-19 03:44:16+00,38,0
553,74,Solving a Linear Programming Model using Graphical Method in GeoGebra,Clara Vaz,1,It shows how to solve a linear programming model using the graphical method in GeoGebra.,eLS5tjcl8S4,key_1_,,,2021-04-19 02:05:21+00,1,2021-04-19 03:45:14+00,38,0
554,74,Solving a transportation problem in Solver: Linear Programming,Clara Vaz,1,It shows how to solve a transportation linear programming model in Solver Add-in in Excel. It finds the optimum distribution from multiple suppliers to multiples plants for a single product.,0xkNbIg1s6o,key_1_,,,2021-04-19 02:09:13+00,1,2021-04-19 03:48:09+00,38,0
556,79,The Bayes Theorem,"Carla Cruz, Carla Soares Geraldes",1,In this video you will have a brief explanation of the Bayes’s Theorem.,6msTQQiUEG4,key_1_,,,2021-05-10 02:31:27+00,1,2021-05-11 18:48:45+00,38,1
557,79,Calculating a Conditional Probability,"Carla Cruz, Carla Soares Geraldes",1,In this video you will see an example of how to calculate a conditional probability applying the Bayes Theorem.,14rMRkUt9lI,key_1_,,,2021-05-10 02:35:11+00,1,2021-05-11 18:49:39+00,38,0
558,79,Mutually Exclusive and Independent Events,"Carla Cruz, Carla Soares Geraldes",1,In this video you will find an example about mutually exclusive and independent events.,Xet8CghVMVk,key_1_,,,2021-05-10 02:39:09+00,1,2021-05-11 18:50:08+00,38,0
559,79,Independence of Events,"Carla Cruz, Carla Soares Geraldes",1,In this video you will find how to verify the independence of events using a simple example.,_8erMCutasU,key_1_,,,2021-05-10 02:44:08+00,1,2021-05-11 18:50:43+00,38,0
560,79,Sample Space of a Random Experiment,"Carla Cruz, Carla Soares Geraldes",1,In this video you will learn how to define the sample space of a random experiment using a tree diagram. We will use the random experiment of tossing a coin three times to illustrate it.,2fqO4z34Qdg,key_1_,,,2021-05-10 02:53:42+00,1,2021-05-11 18:51:33+00,38,0
561,2417,Perfect shapes in higher dimensions,Me,1,I am presenting higher shapes seen in higher dimensions,2s4TqVAbfz4,key_1_,,,2021-07-23 07:04:27+00,2,2021-10-21 05:28:11+00,38,0
562,91,Centroid and other notable points of the triangle.,"Cristina Martins, Manuel Vara Pires, Marcela Seabra and Paula Maria Barros",1,"This video focuses on the concept of centroid or barycentre and other notable points of the triangle (circumcenter, orthocentre and incenter).",yrEPKZEGTaE,key_1_,,,2021-10-14 08:56:11+00,1,2021-10-21 05:32:16+00,38,0
563,91,How to find the surface area of a cylinder?,"Cristina Martins, Manuel Vara Pires, Marcela Seabra and Paula Maria Barros",1,This video focuses on the process of calculating the surface area of a cylinder. Integrates the formula for calculate the area and perimeter of a circle and the formula for calculate the rectangle area.,0ORG3p7ZEHo,key_1_,,,2021-10-14 09:15:42+00,1,2021-10-21 05:33:00+00,38,0
564,91,Sum of the amplitudes of the external angles of a polygon.,"Cristina Martins, Manuel Vara Pires, Marcela Seabra and Paula Maria Barros",1,This video describes how to calculate the sum of the external angles of a polygon and its calculation formula.,FlIeScXY15E,key_1_,,,2021-10-14 09:20:01+00,1,2021-10-21 05:33:26+00,38,0
565,91,Sum of the amplitudes of the internal angles of a regular polygon.,"Cristina Martins, Manuel Vara Pires, Marcela Seabra and Paula Maria Barros",1,This video describes the process of calculating the sum of the interior angles of a regular polygon and its calculation formula.,7NO_BBfxcBg,key_1_,,,2021-10-15 08:01:25+00,1,2021-10-21 05:31:44+00,38,0
589,2635,Linear Programming - word problem,HCCMathHelp,1,Learn how to transform word linear programming problem into numerical one.,YPn4yHM1YsU,key_1_,,,2022-01-29 09:17:39+00,1,,,0
566,91,Quadrilaterals – trapezoids: Diagonals,"Cristina Martins, Manuel Vara Pires, Marcela Seabra and Paula Maria Barros",1,This video characterizes the diagonals of Quadrilaterals – trapezoids specifically of the non-parallelogram trapezoids and the parallelogram trapezoids.,rEw-TC1Qo1A,key_1_,,,2021-10-15 08:58:15+00,1,2021-10-21 05:33:48+00,38,0
567,81,Intersection of two planes,Edite Martins Cordeiro,1,Let's talk about intersection of two planes in the three-dimensional space. For this we need to solve and interpret systems of linear equations.,GjbEtdT22WY,key_1_,,,2021-10-16 07:56:05+00,1,2021-10-21 05:35:39+00,38,0
568,81,Angle of two vectors,Edite Martins Cordeiro,1,With this video lesson you will remember the definition of the angle of two vectors and the process for their calculation. ,9jzAWFt_4v0,key_1_,,,2021-10-16 08:33:16+00,1,2021-10-21 05:37:43+00,38,0
569,81,Orthogonal projection and distance between points and lines,Edite Martins Cordeiro,1,With this video lesson you will recall the definition of the orthogonal projection of a point on a line and its importance in calculating the distance from that point to the line. ,ZbWhljVcXh0,key_4_,,,2021-10-16 08:40:23+00,1,2021-10-21 05:38:12+00,38,0
570,81,Mediatrix or perpendicular bisector,Edite Martins Cordeiro,1,"Let's define analytically, in the plane and in the three-dimensional space, the locus that is equidistant from two fixed points. ",bACSbfIHmfI,key_4_,,,2021-10-16 08:49:36+00,1,2021-10-21 05:38:39+00,38,0
571,81,Circumference and spherical surface ,Edite Martins Cordeiro,1,Let's talk about two special locus: Circumference and spherical surface,7E0IwnmE-L8,key_4_,,,2021-10-16 08:59:23+00,1,2021-10-21 05:49:40+00,38,0
572,81,Representations of linear transformations,"Edite Martins Cordeiro, Flora Silva, Paula Maria Barros",1,"With some examples, you will be able to understand that linear transformations are represented by matrices, which depend on certain basis. ",_ODZRv-EKuE,key_1_,,,2021-11-01 02:02:25+00,1,2021-12-26 15:42:31+00,37,0
573,81,Composition of linear applications and matrix product,"Edite Martins Cordeiro, Flora Silva, Paula Maria Barros",1,"In this video lesson, we remember the definition of the composition of two linear applications and its representation through the product of two matrices. ",GLQofrCHcOg,key_1_,,,2021-11-01 02:14:05+00,1,2021-12-26 15:50:06+00,37,0
574,81,Inverse of a linear operator and associated matrix,"Edite Martins Cordeiro, Flora Silva, Paula Maria Barros",1,"In this video lesson, we define the inverse of a linear operator T, where it exists. We evaluate its existence through the determinant of any matrix that represents T. ",3cfwQnucaDM,key_1_,,,2021-11-01 02:22:32+00,1,2021-12-26 16:13:32+00,37,0
575,81,Linearity of transformations,"Edite Martins Cordeiro, Flora Silva, Paula Maria Barros",1,"With some examples, you will be able to understand the properties of linearity of applications.",0u_EIsXI1Ss,key_1_,,,2021-11-01 02:30:40+00,1,2021-12-26 16:17:02+00,37,0
576,91,Do equal dimensions imply equal subspaces?,"Edite Martins Cordeiro, Flora Silva e Paula Maria Barros",1,Resolution of an exercise to check if subspaces (of the same vector space) with the same dimension are necessarily equals.,CF_4ZxJm71I,key_1_,,,2021-11-01 15:05:19+00,1,2021-12-27 03:48:12+00,37,0
577,91,Intersection of subspaces,"Edite Martins Cordeiro, Flora Silva e Paula Maria Barros",1,In this video it is shown how to calculate the intersection of two subspaces of IR^2.,CVpA8wzyl7Y,key_1_,,,2021-11-01 15:20:46+00,1,2021-12-27 03:50:35+00,37,0
578,91,Find λ: Span/not span and dependence/independence,"Edite Martins Cordeiro, Flora Silva e Paula Maria Barros",1,"Given a set of vectors with one parameter, it is analyzed for which values of that parameter the set generates IR ^ 3 and for which values it is linearly dependent.",jBG5b9jSJnE,key_1_,,,2021-11-01 15:28:18+00,1,2021-12-27 03:49:30+00,37,0
579,91,Linear dependence or linear independence,"Edite Martins Cordeiro, Flora Silva e Paula Maria Barros",1,"Given any linearly independent vectors, it is analyzed whether when certain operations are carried out involving these vectors (addition or multiplication by scalars) the resulting set of vectors is linearly dependent or independent.", https://youtu.be/gV0JKw5-Fcc,key_1_,,,2021-11-01 15:37:01+00,1,2021-12-26 16:53:05+00,37,0
580,81,Kernel and Range of a Linear Application,"Edite Cordeiro, Flora Silva, Paula maria Barros",1,In this video lesson we will specify the kernel and the range of a linear application and we present some examples.,qtG_YYJzDJw,key_1_,,,2021-12-03 11:19:11+00,1,2021-12-29 14:48:57+00,37,0
581,91,Subspace of diagonal matrices with trace null: what is its dimension?,"Edite Martins Cordeiro, Flora Silva e Paula Maria Barros",1,In this video it is shown how to determine the dimension of the subspace of diagonal matrices of order three whose trace is null., https://youtu.be/7dlKqCyvVQ4,key_1_,,,2021-12-05 14:38:37+00,1,2021-12-29 14:50:02+00,37,0
582,2635,Local extrema and saddle points,Krista King,1,"The following video lesson with 
Krista King gives you an examplo on how to solve a multi-variable equation in order to find local extrema or saddle points",odkaPgWPQGo,key_1_,,,2022-01-29 07:49:18+00,2,2023-02-17 08:40:16+00,64,0
583,2635,The 2nd partial derivative test,Khan Academy,1,"The 2nd partial derivative test is one way of finding out whether the critical points are a local minimum, local maximum or a saddle point, and in some some case inconclusive.",sJo7D74PAak,key_1_,,,2022-01-29 08:07:29+00,2,2023-02-17 08:40:02+00,64,0
584,2635,Problemas de Maximização/Minimização,Professor Metralha,1,"Segue-se o exemplo dum caso da vida real relacionado com os problemas de otimização. Neste exemplo, poderá ver como é feita a interpretação dos cálculos e e respetivos resultados para o contexto de vida real.",hEW-9y91gpY,key_4_,,,2022-01-29 08:34:34+00,2,2023-02-17 08:39:56+00,64,0
585,2635,Overview of Maxima & Minima," Er. Ridhi Arora, Tutorials Point India Private Limited",1,This in an overview of the concepts of maximum and minimum values of a given function.,HWTxK19GG5I,key_1_,,,2022-01-29 08:43:00+00,2,2023-02-17 08:39:50+00,64,0
586,2635,Overview of Maxima & Minima,"Er. Ridhi Arora, Tutorials Point India Private Limited",1,Optimisation - How the 1rst derivative test works?,CPq9ZJz00J4,key_1_,,,2022-01-29 08:48:37+00,2,2023-02-17 08:39:43+00,64,0
587,2635,Second Order Derivative Test,"Er. Ridhi Arora, Tutorials Point India Private Limited",1,Another numerical problem based on 2nd order derivative test. Note that is always better to follow  this test in order to solve questions of Minima and Maxima.,i7pkwT0YDFc,key_1_,,,2022-01-29 08:56:41+00,2,2023-02-17 08:39:36+00,64,0
588,2635,Linear Programming - Formulation ,"
Don't Memorise",1,This is an introduction in order to understand how to formulate problems related with constrained optimisation,uJFiR0DG2Bw,key_1_,,,2022-01-29 09:09:02+00,1,,,0
590,2635,Linear Programming - problem formulation,U of Manitoba Level Up Math,1,"Another example on how to turn a word problem  into numerical optimisation problem, so that it will be possible to find the optimal solution to it.",C7o4hnZvEUE,key_1_,,,2022-01-29 09:29:35+00,1,,,0
591,2635,The Simplex Method and the Dual,patrickJMT,1,Watch this video lesson to learn how to use the simplex and dual methods on a minimisation problem example. ,8_D3gkrgeK8,key_1_,,,2022-01-29 09:39:43+00,1,,,0
592,2943,Triple integral over a box,CeDRI/IPB,1,Details about triple integration over o box and solving an exercise,Imuuvto9ejI,key_1_,,,2022-09-07 10:04:01+00,1,2023-02-17 08:39:22+00,64,0
593,2956,Geometric Sequences,Nerdstudy,1,"This video starts by saying what is the difference between an arithmetic sequence and a geometric sequence. 
It then presents the general term for geometric sequences which includes talking about the common ratio. 
At the end, there are 2 examples.",WSrQkot_pJ4,key_1_,,,2022-10-10 06:27:47+00,1,,,0
594,2956,How to Prove the Sum of an Arithmetic Progression,ExamSolutions,1,The formula for the sum of n successive terms in an arithmetic progression is explained in this video as one possible approach.,FLD5xrq0rvU,key_1_,,,2022-10-11 02:19:25+00,1,,,0
595,38,Triple integration over a generic region,Sofia Romanenko,1,Brief explanation about triple integration over a generic region and presentation of an exercise.,NR5w4NuVdmU,key_1_,,,2023-07-27 03:47:43+00,1,2023-07-27 03:55:45+00,38,0
596,38,Surface integral and parametrization,Sofia Romanenko,1,Brief description of how to solve a surface integral and one exercise solution.,W9g7orB47sY,key_1_,,,2023-07-27 05:53:50+00,1,2023-07-27 05:57:49+00,38,0
597,38,Divergence theorem,Sofia Romanenko,1,Assessing the flux over o closed surface using the divergence theorem,VR_SFQGiDmo,key_1_,,,2023-07-27 06:15:06+00,1,2023-07-27 06:25:20+00,38,0
598,37,What is Symmetry?,Don't Memorise,2,"In this video, the author presents a way to check geometrically if a figure presents reflection symmetry and analyses the number of symmetry axes of various geometric figures.",MtqtIiJsfiE,key_1_,,,2019-10-13 17:05:15+00,0,,,0
599,41,Relative and Cumulative Frequency Distributions,The Organic Chemistry Tutor,2,Explanation of finding the frequency and relative frequency of the sample values.,gq3FPpm2yvA,key_1_,,,2019-10-26 06:51:39+00,1,2019-11-23 16:46:21+00,37,0
600,43,Elimination method,NancyPi,2,Solve a system of linear equations by using the elimination method: in this lesson a system of 2 linear equations in 2 variables is treated,XOJgzW4P7T8,key_1_,,,2019-10-31 05:00:28+00,1,2019-11-23 03:43:04+00,61,0
601,43,Substitution method,NancyPi,2,This lesson is devoted to the solution of linear systems via the substitution method: in this video the case of linear systems of 2 equations in 2 variables is treated,YriMMWbndn0,key_1_,,,2019-10-31 06:08:06+00,1,2019-11-23 03:42:51+00,61,0
602,43,Gauss method,Jeffrey Chesnov,2,This lesson shows how to use the Gauss method (or pivot method) to solve a linear system of equations: the case of a linear system of 3 equations in 3 variables is considered.,RgnWMBpQPXk,key_1_,,,2019-10-31 06:21:45+00,1,2019-11-23 03:43:17+00,61,0
604,43,Linear system with parameters,MathsStatsUNSW,2,This video lesson is about how to discuss the existence and the number of solutions of a linear system depending on one parameter.,_fOZRD2i2Jc,key_1_,,,2019-10-31 06:36:48+00,1,2019-11-23 03:43:36+00,61,0
605,43,Solutions of a linear system using Rouché-Capelli,Elia Bombardelli,2,"This video shows how to solve a linear system, and how to discuss the existence and the number of solutions of a linear system, by using the Rouché-Capelli Theorem",oF5c7kTJed8,key_2_,,,2019-10-31 06:40:20+00,1,2019-11-23 03:43:29+00,61,0
607,26,s,s,2,s,mH-KS-f595Q,key_1_,,,2019-10-31 07:39:26+00,2,2019-11-23 16:49:35+00,37,0
608,81,Vector cross products,Mathispower4u,2,"This video explains how to determine the cross product to two vectors, how to verify two vectors are orthogonal, and how to determine the angle between two vectors.",A8SFkakUA_g,key_1_,,,2019-11-04 02:55:46+00,1,2019-12-10 07:48:56+00,38,0
609,81,"Inner product, euclidean norm",ANS ACADEMY,2,This video specifies the relationship between  inner product and the Euclidean distance. ,kYvNq-W4DZ4,key_1_,,,2019-11-04 03:04:52+00,2,2020-11-15 10:58:18+00,37,0
610,81,Equations of a straight line in space,Neha Agrawal,2,This video presents graphical and analytical representations for calculating the distance between skew lines. ,YWiapEzQ56g,key_1_,,,2019-11-04 03:40:42+00,1,2019-12-10 08:28:27+00,38,0
611,81,Determining the Distance Between a Line and a Point,Mathispower4u,2,This video presents a geometric meaning of the formula for calculating the distance between a Line and a point. ,TByHieZN4vw,key_1_,,,2019-11-04 04:04:31+00,1,2019-12-11 06:50:40+00,38,0
614,38,Notation for iterated integrals,Lorenzo Sadun,2,The notation for an iterated integral tells you how to do the integral.  Integrating $dx dy$ means first integrating over $x$ and then over $y$.,4o_ndRN1pBw,key_1_,,,2019-11-08 08:40:49+00,1,2019-11-23 16:51:02+00,37,0
615,38,Converting iterated integrals to polar coordinates,Krista King,2,Learn how to convert iterated integrals from cartesian coordinates to polar coordinates.,DK_sRINAXMs,key_1_,,,2019-11-08 10:08:43+00,1,2019-11-23 16:51:28+00,37,1
616,38,Double Integral to calculate Volume,Maths with Jay,2,"Example using cartesian coordinates (x, y) to calculate a volume from a double integral.",mBybsO9lnWU,key_1_,,,2019-11-08 10:17:09+00,1,2019-11-23 16:51:43+00,37,0
617,38,Double Integrals - Changing Order of Integration,patrickJMT,2,Example about Double Integrals and Changing Order of Integration.,NETmfwOAKpQ,key_1_,,,2019-11-08 10:30:02+00,1,2019-11-23 16:51:56+00,37,0
618,38,Finding area of a plane region as a double integral,Dr V's Mathematics Videos,2,Example of how to find the area of a plane region as a double integral,UBMrSYa8b4c,key_1_,,,2019-11-08 10:47:49+00,1,2019-11-23 16:52:13+00,37,0
619,38,Trig Substitution,blackpenredpen,2,How to solve an integral using trigonometria substitution.,N1fYhOKV0kA,key_1_,,,2019-11-08 11:37:15+00,1,2019-11-23 16:52:32+00,37,0
620,38,The cover-up method & why it works!,blackpenredpen,2,The cover-up method to simplify a rational function.,fgPviiv_oZs,key_1_,,,2019-11-08 11:49:01+00,1,2019-11-23 16:52:49+00,37,0
621,38,Integration of a rational function ,Krista King,2,Integration of a rational function with partial fractions withllinear and quadratic factors,qMX4vRhXBOE,key_1_,,,2019-11-08 12:01:11+00,1,2019-11-23 16:53:08+00,37,0
919,3390,Gauss-Seidel Method Example,StudySession,1,Learn how to solve Gauss-Seidel method problems.,qd4jXumIy9E,,,,2024-09-03 01:00:16+00,1,,,0
622,67,Product Rule ,Khan Academy,2,"The development of the product rule is demonstrated and explained. There are a number of worked examples demonstrated. The complexity of the examples increase as the video progresses.
The video is 8.48 minutes long.
",h78GdGiRmpM,key_1_,,jpg,2019-11-12 14:58:20+00,1,2019-12-11 06:45:59+00,38,0
623,67,Trigonometric Derivatives,The Organic Chemistry Tutor,2,"The Trigonometric rules are demonstrated and explained. There are a number of worked examples demonstrated. The complexity of the examples increase as the video progresses.

",PEqCa0U77mc,key_1_,,,2019-11-12 15:01:59+00,1,2019-11-23 17:06:29+00,37,0
624,67,"Derivatives of sin(x), cos(x), tan(x), e^(x) and ln(x)",Khan Academy,2,"The Trigonometric rules of sin(x), cos(x), tan(x), e^(x) and ln(x) are each demonstrated and explained. A number of graphs are included as way of explanation. 

",TDHI-aieyfk,key_1_,,,2019-11-12 15:08:18+00,1,2023-08-06 10:10:13+00,64,0
625,67,Making Maths Easy,www.examsolutions.co.uk,2,"A number of worked examples of the product rule are demonstrated and explained.
These Include some of the Trigonometric Rules and the Logarithmic Rule.

",B28EXpofKy4,key_1_,,,2019-11-12 15:11:52+00,1,2019-11-24 10:46:23+00,37,0
626,67,Indices Summary,www.examsolutions.co.uk,2,A summary of the rules of Indices and their application.  ,UQqJo5XchKA,key_1_,,,2019-11-12 15:15:49+00,1,2019-11-24 10:51:09+00,37,0
627,67,Transposing Formulae,Sherie Elliot,2,A number of formulae are transposed or manipulated to make one element the focus of the formula.  ,LeWdpi3kCbs,key_1_,,,2019-11-13 13:39:00+00,1,2019-11-23 17:08:19+00,37,0
628,67,Logarithms: simplifying and expanding,www.examsolutions.co.uk,2,Explains the addition and subtraction of Logarithms and also the simplification of more complex logarithm expressions.  ,Wt7h498Bc0U,key_1_,,,2019-11-13 13:42:39+00,1,2019-11-23 17:18:18+00,37,0
629,67,How to solve equations where x is in the power,www.examsolutions.co.uk,2,Explains how to solve equations where x is in the power by using the rules of Logarithms. ,Z4jtwG-Esko,key_1_,,,2019-11-13 13:46:36+00,1,2019-11-24 10:52:57+00,37,0
630,38,Basic Integration... How?,NancyPi,2,"How to find antiderivatives, or indefinite integrals, using basic integration rules.",e1nxhJQyLYI,key_1_,,,2019-11-14 10:42:51+00,1,2019-11-23 17:18:55+00,37,0
631,41,"Mean, median and mode",Khan Academy,2,"Description how to  find the mean, median, and mode. ",k3aKKasOmIw,key_1_,,,2019-11-15 00:48:52+00,1,2019-11-23 17:19:28+00,37,0
632,41,"Range, variance and standard deviation ",Khan Academy,2,"Explanation how to find the range, variance and standard deviation of the sample.",E4HAYd0QnRc,key_1_,,,2019-11-15 00:52:22+00,1,2019-11-23 17:20:01+00,37,0
633,41,Central tendency,Khan Academy,2,"Explanation of the central tendency usin distribution, relation between sample mean, median and mode.",JFesFhraX2M,key_1_,,,2019-11-15 00:56:53+00,1,2019-11-24 10:57:38+00,37,0
634,41,Quantile calculation.,Brian McLogan,2,Quantile calculation.,MSQpvuPL2cw,key_1_,,,2019-11-15 01:01:28+00,1,2019-11-24 11:24:05+00,37,0
635,43,Introduction to limits,Khan Academy,2,"This video gives an easy introduction to the notion of limit of real functions in one variable, which is adapted to all students levels.",riXcZT2ICjA,key_1_,,,2019-11-15 03:20:23+00,1,2019-11-24 11:28:04+00,37,0
636,43,Definition of limit,My Secret Math Tutor,2,This video provides a very easy and intuitive explanation of the definition of limit of a real function in one variable,-gWLs5pk7FI,key_1_,,,2019-11-15 03:29:45+00,1,2019-11-30 16:45:25+00,38,0
637,43,Limits of composite functions,Khan Academy,2,"This video provides a discussion about how to calculate the limit of a composition of real functions in one variable, knowing the limits of the two functions.",RgfKNIkpFWc,key_1_,,,2019-11-15 03:38:10+00,1,2021-02-05 14:34:29+00,37,0
638,52,Is matrix multiplication commutative?,Khan Academy,2,"The lecturer explains the commutative property of matrix multiplication. Then, the example is demonstrated.",z-SU7P-gIoQ,key_1_,,"",2019-11-17 09:17:31+00,1,2019-11-24 10:48:54+00,37,0
639,52,Inverting 3x3 matrix: step-by-step,Khan Academy,2,"The lecturer demonstrates how to calculate the matrix of minors and the cofactor matrix. Then, in part 2, the determinant and adjugate of a matrix are computed.",xZBbfLLfVV4,key_1_,,,2019-11-17 09:26:09+00,1,2019-11-27 13:15:08+00,38,0
640,52,Finding the determinant of a 3 x 3 matrix,patrickJMT,2,The author demonstrates how to find the determinant of a 3x3 matrix by reducing the order of it.,21LWuY8i6Hw,key_1_,,,2019-11-17 09:32:00+00,1,2019-11-27 13:35:16+00,38,0
641,52,Properties of Determinants,TheTrevTutor,2,The author demonstrates the properties of determinants that allow us to keep track of determinants as we perform elementary row operations.,IjMxFP8AtpA,key_1_,,,2019-11-17 09:38:32+00,1,2019-11-27 13:09:37+00,38,0
642,52,Find the rank of a matrix quick and easy,JJtheTutor,2,The rank is determined by finding independent rows,HZy-sFsCCxI,key_1_,,,2019-11-17 09:50:05+00,1,2019-11-30 16:47:23+00,38,0
643,52,Simpler 4x4 determinant ,Khan Academy,2,Calculating a 4x4 determinant by putting in in upper triangular form first.,QV0jsTiobU4,key_1_,,,2019-11-17 10:28:20+00,1,2019-11-30 15:58:55+00,38,0
644,155,Finding Partial Derviatives,patrickJMT,2,Finding Partial Derviatives - 3 examples are shown of finding partial derivative s of a multivariable function.,SbfRDBmyAMI,key_1_,,,2019-11-17 14:04:47+00,1,2019-11-27 13:26:35+00,38,0
645,155,Introduction to Partial differentiation,Mathematics with Plymouth University,2,This video introduces the concept of partial differentiation. It contains various worked examples.,JTDa2uZS2gI,key_1_,,,2019-11-17 14:41:24+00,1,2023-08-08 02:57:07+00,64,0
646,81,"Linear combinations, generated subspaces, and basis","3blue1brown, by Grant Sanderson",2,"In this video we can visualize the concepts of linear combination, span of a set and basis of a vector space.",k7RM-ot2NWY,key_1_,,,2019-11-19 05:28:18+00,1,2019-11-23 03:45:16+00,61,0
648,81,An introduction to Subspaces in Linear Algebra,NightingaleMath,2,This video explains the definition of subspace of a space and presents examples of subsets of vector spaces that are subspaces and others that are not.,"Og9zGParQ
",key_1_,,,2019-11-22 03:10:55+00,2,2020-11-15 11:33:36+00,37,0
649,81,What is a Vector Space? ,Socratica,2,"In this video the author talks about the definition of vector space, whose properties facilitate the understanding of linear combination. Presents examples of vector spaces in matrix universes, polynomials, or real functions.",ozwodzD5bJM,key_1_,,,2019-11-26 07:45:57+00,1,2019-11-26 08:08:41+00,38,0
720,78,Complex Numbers,Khan Academy,2,"Basics of complex numbers. Addition, subtraction, product and division of complex numbers.",kpywdu1afas,key_1_,,,2020-07-01 04:23:57+00,1,2020-11-15 08:56:27+00,64,0
650,81,Change of basis,"3blue1brown, by Grant Sanderson",2,With this video you can understand the representation of vectors in different bases and the change of coordinates matrix from the basis to another. ,P2LTAUO1TdA,key_1_,,,2019-11-26 07:53:01+00,1,2019-11-29 10:06:44+00,38,0
651,155,Method of Undetermined Coefficients,Prof. Gilbert Strang,2,"There are studied differential equation with constant coefficients and with special forcing terms (powers of t, cosines / sines, exponentials). Particular solution has this same form.",0&p3e:27170,key_1_,,jpg,2019-11-26 08:06:54+00,1,2023-08-08 02:42:33+00,64,0
652,155,An Example of Undetermined Coefficients,Prof. Gilbert Strang,2,Method of Undetermined Coefficients is presented for different equation,efficients/,key_1_,,jpg,2019-11-26 08:15:04+00,1,2023-08-08 02:46:28+00,64,0
653,72,Linear transformations,"Khan Academy, by Sal Khan",2,In this video the author presents the definition of linear transformation from a real vector space to a real one. Using two examples (one representing a linear transformation and other not) it shows how to verify whether a transformation is linear or not.,4PCktDZJH8E,key_1_,,,2019-11-27 07:23:15+00,1,2019-11-29 10:09:54+00,38,0
654,72,Linear transformations,"3blue1brown, by Grant Sanderson",2,"In this video, the author presents a geometric approach to the meaning of linear operator in two-dimensional space. We can also view the matrix representation of these operators.",kYB8IZa5AuE,key_1_,,,2019-11-27 07:46:32+00,1,2019-11-27 13:39:42+00,38,0
655,72,"Linear Algebra Example Problems - Finding ""A"" of a Linear Transformation #2",Adam Panagos,2,"In this video the author based on a linear transformation given by the image of the canonical basis elements of the starting space, determines the standard matrix and shows how to calculate the image of a given vector.",J2bjzpyW6ro,key_1_,,,2019-11-27 08:01:44+00,1,2019-11-27 13:43:41+00,38,0
656,91,Triangle Inequality Theorem,"Mathispower4u, by James Sousa",2,"In this video, the author presents the triangular inequality theorem and explains its meaning geometrically. Based on this inequality, he discusses the possibility of constructing a triangle, for some examples where side lengths are given.",OoLb_NnnKSQ,key_1_,,,2019-11-29 05:18:29+00,1,2019-11-30 15:41:21+00,38,0
657,91,What is Symmetry? - Basics,Don't Memorise,2,"In this video, the author presents a way to check geometrically if a figure presents reflection symmetry and analyses the number of symmetry axes of various geometric figures.",MtqtIiJsfiE,key_1_,,,2019-11-29 05:28:25+00,1,2019-11-29 09:56:49+00,38,0
658,91,Symmetry – Reflection and Rotation,Don't Memorise,2,In this video the author analyses the concept of rotational symmetry based on various geometric figures. ,s4tS-ZmpJfw,key_1_,,,2019-11-29 07:15:52+00,1,2023-08-06 09:56:03+00,64,0
659,91,5 Platonic Solids - Numberphile,Numberphile,2,"In this video, the author introduces the concept of platonic solid, presents the five platonic solids and explains why there are no more solids with these characteristics.",gVzu1_12FUc,key_1_,,,2019-11-29 07:40:02+00,1,2019-12-07 19:06:04+00,38,0
660,91,5 Platonic Solids,MooMoo Math and Science,2,"In this video, the author introduces the concept of platonic solid, presents the five platonic solids and their respective nets.",hBATuVPpa3U,key_1_,,,2019-11-29 07:44:46+00,1,2019-11-29 09:59:08+00,38,0
661,43,How to find any limit,NancyPi,2,In this video examples of different techniques that can be used to calculate the limit of a functions of one real variable are considered and explained with several examples,nJZm-zp639s,key_1_,,,2019-12-01 09:00:44+00,1,2023-08-08 01:59:44+00,64,0
662,43,Limits of functions - part 1,passcalculus,2,"In this video some examples of limits of real functions of one real variable: some easy examples are considered, and then the case of indeterminate form of type 0/0 is considered",trAmOJ8pHNc,key_1_,,,2019-12-01 09:03:53+00,1,2019-12-01 10:07:48+00,38,0
663,67,Basic Differentiation Rules,The Organic Chemistry Tutor,2,"This video tutorial provides a few basic differentiation rules for derivatives.  It discusses the power rule and product rule for derivatives.  It also explains how to find the derivative of trigonometric functions, exponential functions, and natural logarithmic functions. The comments suggest it is useful for basic level.


",IvLpN1G1Ncg,key_1_,,,2019-12-01 12:01:51+00,1,2023-08-06 10:05:47+00,64,0
664,67,Math counts Mini - Algebra/Manipulating Equations,"Math Counts, Richard Rusczyk",2,"This video, from 'the art of problem solving', presents some explanation of manipulation of algebraic equations",YkgC8CRBzGw,key_1_,,,2019-12-01 13:06:05+00,1,2020-06-18 03:21:05+00,37,0
666,91,Basis of a Subspace,NightingaleMath,2,This video defines the basis of a vector space and teaches us how to calculate bases of a vector space. ,BeAko80xC_U,key_1_,,,2019-12-09 11:02:23+00,1,2020-02-02 17:19:11+00,38,0
667,91,"Determine if W = {(a,b,c)| a = b^2} is a Subspace of the Vector Space R^3",The Math Sorcerer,2,"In this video, the author presents the definition of vector subspace and exemplifies, with an example, how to prove that a given set is not a vector subspace of IR3.",rPF6Xk5OGU8,key_1_,,,2019-12-09 11:14:37+00,1,2019-12-13 09:27:31+00,38,0
668,91,Kernel and Range of Linear Transformations,TheTrevTutor,2,"In this video, the author presents the concept of linear transformation, kernel and range. He solve an exercise where determine the span of the kernel and the range of a linear application.",r7ZsD95gcEE,key_1_,,,2019-12-11 13:05:36+00,1,2020-01-30 07:03:51+00,38,0
669,75,Graph theory – Euler’s formula for planar graphs,Sarada Herke,2,"In a connected plane graph with n vertices, m edges and r regions, Euler's Formula says that n-m+r=2.  In this video we try out a few examples and then prove this fact by induction. We discuss a generalization to disconnected plane graphs as well as what Euler's Formula means for a polyhedron.
-- Bits of Graph Theory by Dr. Sarada Herke.
",5ywif1Zpeo4,key_1_,,,2019-12-15 08:30:53+00,1,2020-07-16 16:10:10+00,37,0
671,75,Graph theory – vertex colouring,Sarada Herke,2,"In this video we define a (proper) vertex colouring of a graph and the chromatic number of a graph.  We discuss some basic facts about the chromatic number as well as how a k-colouring partitions the vertex set into k independent sets (check out video #50 for more about independent sets).
-- Bits of Graph Theory by Dr. Sarada Herke.
",4FE79y_JkCE,key_1_,,,2019-12-15 08:42:17+00,1,2023-08-08 01:30:21+00,64,0
672,75,Graph Theory – An Introduction,Patrick JMT,2,"Some basic terminology and ideas about graph theory

Definition of a graph, vertex set, edges set, degree of a vertex, isomorphic graphs, adjacency matrix, tree definition, cycle and circuit.",HmQR8Xy9DeM,key_1_,,,2019-12-15 08:45:56+00,1,2023-08-08 01:46:44+00,64,0
673,75,Graph Theory – Euler circuits and Euler paths,Patrick JMT,2,"Definition of multigraph, path, circuit, Euler path and Euler circuit.",REfC1-igKHQ,key_1_,,,2019-12-15 08:47:41+00,1,2020-11-15 08:51:33+00,64,0
674,75,Graph Theory – Planar graphs,Sarada Herke,2,"A planar graph is a graph that can be drawn in the plane without any edge crossings (such a drawing, with no edge crossings, is called a plane graph).  
We look at some examples and give an informal proof of the fact that the complete bipartite graph with partite sets of size 3 and 3 is not planar.
",wnYtITkWAYA,key_1_,,,2019-12-15 08:50:15+00,1,2023-08-04 04:53:26+00,64,0
676,81,An introduction to Subspaces in Linear Algebra ,NightingaleMath,2,This video explains the definition of subspace of a space and presents subsets of vector spaces that are subspaces and others that are not.,u4Og9zGParQ,key_1_,,,2019-12-17 09:10:42+00,1,2019-12-20 09:42:58+00,38,0
677,81,Calculation of Orthoganal Projections,Vectors mini course,2,With this video you can understand the graphical representation and the calculation of orthogonal projections and scalar projections of vectors. ,2C5w_M8nNWg,key_1_,,,2019-12-17 09:25:14+00,1,2020-02-02 17:15:02+00,38,0
678,1074,Introduction to Linear Programming & Formulating LP Problems,Professor P.K. Vishwanathan,2,This video introduces the student to the meaning of Linear Programming and how it is important in business decision making. I’s also explains various steps involved in solving linear programming problems using examples from different business,dGjyJpSdpHY,key_1_,,,2019-12-18 10:05:15+00,1,2023-08-08 02:34:13+00,64,0
679,1074,Linear Programming (LP) With Excel Solver - Hands-On | MS Excel Tutorial ,P. K. Vishwanathan,2,"Linear Programming with Excel Solver | In this video tutorial, Prof P K Vishwanathan, using the classic example of product mix problem, explains step by step approach to build solver model. After watching this video, you will be able to solve Linear Programming problems using excel solver.",tJkHxpoX3kU,key_1_,,,2019-12-31 11:27:02+00,1,2020-06-18 08:23:15+00,37,0
680,1074,Linear Programming Using Graphical Methods | 2 Decision Variables,P. K. Vishwanathan ,2,"In this tutorial, you will learn how to formulate a linear programming problem. After watching the video you will be able to learn how to arrive at an optimal solution using the graphical method for solving linear programming problems.",wFSmQRqVYX0,key_1_,,,2019-12-31 12:09:00+00,1,2020-06-18 08:24:22+00,37,0
681,1074,Primal and Dual Problems,Yong Wang,2,"For each LP problem, there is a corresponding LP problem called dual. LP's original problem is called primal. This video explains the relations between the primal and the dual and how to formulate the dual problem from the original primal problema.",lSM_TQehx00,key_1_,,,2020-01-02 16:43:31+00,1,2020-06-18 08:30:57+00,37,0
682,1074,Transportation Problem Formulation,Yong Wang,2,"In this video, we'll talk about how a special kind of PL problems with large real-world applications. It's called the transportation problem. This kind of problems can be solved using the traditional simplex method. However, due to their special structure, there are specialized algorithms that are much more efficient to solve thems.",QzESRTsLnUk,key_1_,,,2020-01-02 17:16:32+00,1,2020-06-18 08:46:04+00,37,0
683,1074,Finding a BFS to the Balanced Transportation Problem – Minimum Cost Method,Yong Wang,2,"In this video, we'll talk about how to find a basic feasible solution or BFS to the balanced transport problem using the minimum cost method.",YxyTSBs19NE,key_1_,,,2020-01-03 06:47:19+00,1,2020-11-08 09:23:52+00,37,0
684,1074,Finding a BFS to the Balanced Transportation Problem – Northwest Corner Method,Yong Wang,2,"In this video, we'll talk about how to find a basic feasible solution or BFS to the balanced transport problem using the northwest corner method.",v-JcpuQOfjk,key_1_,,,2020-01-03 07:14:15+00,1,2020-11-14 12:30:16+00,37,0
685,1074,Loop and pivoting loop in transportation problem,Yong Wang,2,"In this video, we'll talk about how to find a loop and how to use loop pivoting to find a better BFS from the initial BFS. Loop pivoting is an important step in the simplex transportation method. Understanding the loop pivoting will help you understand how to solve the transportation problem.",JdYD2EyCs04,key_1_,,,2020-01-07 12:59:14+00,1,2020-11-14 12:32:32+00,37,0
686,81,Invertibility and Isomorphic Vector Spaces,Sheldon Axler,2,"In this video the author explains concepts such as the dimension of L(V, W), invertibility and  Isomorphism. ",O3LDK6LKcME,key_1_,,,2020-02-06 04:22:44+00,1,2020-02-14 10:54:30+00,38,0
687,38,How to Integrate Odd & Even Powers of Sine & Cosine : Math Problems & Trigonometry,"eHowEducation; 
Expert: Eugenia Brock
Filmmaker: Stephen Brock
",2,"Integrating odd and even powers of sine and cosine will help you solve a number of different types of problems. Integrate odd and even powers of sine and cosine with help from a professional online tutor and academic scholar in this free video clip.

",RjvYKVmV2EQ,key_1_,,,2020-03-06 17:20:58+00,1,2020-03-06 17:22:48+00,38,0
689,67,Chain Rule,Khan Academy,2,"A five minute Video Tutorial introducing using the chain rule. Worked examples used: 
 y=(sin⁡x )^2

","duction

",key_1_,,jpg,2020-06-18 08:27:06+00,0,,,0
690,38,Second Derivative Test - Two Variables ,(KristaKingMath),2,"Second Derivative Test calculus problem example.
",Yirl8OvO3tU,key_1_,,,2020-06-18 10:51:34+00,1,2020-11-14 12:36:24+00,37,0
691,38,Second derivative test ,"MIT OpenCourseWare, Instructor: Joel Lewis",2,Example. Second derivative test ,oQgHo7acids,key_1_,,,2020-06-18 11:03:59+00,1,2020-11-14 14:09:57+00,37,0
692,38,The Lagrangian,"Khan Academy
",2,"How a special function, called the ""Lagrangian"", can be used to package together all the steps needed to solve a constrained optimization problem.",hQ4UNu1P2kw,key_1_,,,2020-06-18 11:35:04+00,1,2020-11-14 14:18:20+00,37,0
693,38,Constrained optimization introduction,"Khan Academy
",2,See a simple example of a constrained optimization problem and start getting a feel for how to think about it.  This introduces the topic of Lagrange multipliers.,vwUV2IDLP8Q,key_1_,,,2020-06-18 17:38:46+00,1,2020-11-14 14:19:22+00,37,0
694,38,Lagrange Multipliers | Geometric Meaning & Full Example,Trefor Bazett,2,"Lagrange Multipliers solve constrained optimization problems. That is, it is a technique for finding maximum or minimum values of a function subject to some constraint, like finding the highest point on a mountain subject to the fact you can only walk along a trail.",8mjcnxGMwFo,key_1_,,,2020-06-18 18:12:31+00,1,2020-11-14 14:34:16+00,37,0
695,38,"Local Extrema, Critical Points, & Saddle Points of Multivariable Functions - Calculus 3","The Organic Chemistry Tutor
The Organic Chemistry Tutor
",2,"This calculus 3 video explains how to find local extreme values such as local maxima and local minima as well as how to identify any critical points and saddle points in a multivariable function such as f(x,y).",UID893EosM8,key_1_,,,2020-06-18 18:26:33+00,1,2020-11-14 14:36:23+00,37,0
719,78,Complex Numbers,The Organic Chemistry Tutor,2,"Complex numbers in polar form: De Moivre's theorem, products, quotients, powers and nth roots.",1Eu66E_MoQ8,key_1_,,,2020-07-01 04:18:40+00,2,2023-01-06 03:37:56+00,64,0
696,79,Probability of Independent and Dependent Events,Simple Learning Pro,2,"In this video you will learn the difference between independent events, and dependent events. At the same time, you will learn how to calculate the probabilities of each.",LS-_ihDKr2M,key_1_,,,2020-06-19 16:38:42+00,1,2020-10-31 15:38:55+00,38,0
697,58,Second Order Partial Derivatives,Krista King,2,The video presents a second order partial derivatives calculus problem.,3itjTS2Y9oE,key_1_,,jpg,2020-06-23 04:19:10+00,1,2021-02-05 14:35:43+00,37,0
698,59,Limits of Multivariable Functions,The Organic Chemistry Tutor,2,This  video tutorial explains how to evaluate limits of multivariable functions.  It also explains how to determine if the limit does not exist.,E1lMMBpz8YM,key_1_,,,2020-06-23 04:36:50+00,2,2020-11-15 11:07:26+00,37,0
699,58,Partial Derivatives,Krista King,2,The video presents some examples of how to find all the partial derivatives.,vxJR5graUfI,key_1_,,jpg,2020-06-23 04:40:34+00,1,2021-02-05 14:38:37+00,37,0
700,59,Precise definition of the limit for multivariable functions,Krista King,2,"In this video the author explains the precise definition of the limit for multivariable functions, also known as the epsilon-delta definition of the limit.",CCDxj3g_BVk,key_1_,,,2020-06-23 04:53:07+00,2,2020-10-21 08:24:55+00,38,0
701,59, Limits and Continuity for Multivariable Functions,Fgilan,2,In this video the author explains the concept of a limit for a multivariable function and shows how to prove that a limit does not exist by checking different paths. Then he explains the definition of continuity and shows how to evaluate limits of continuous functions and vector valued functions.,GXm0sokeVtQ,key_1_,,,2020-06-23 05:01:20+00,2,2020-10-29 14:59:58+00,38,0
702,58,Separable differential equations introduction | First order differential equations ,Khan Academy,2,"The video shows  an example of separable differential equation, with an initial condition. ",DL-ozRGDlkY,key_1_,,,2020-06-23 05:07:19+00,1,2020-10-01 02:46:20+00,38,0
703,58,"Differential Equations - 2nd Order, Constant Coefficients",JCUmaths,2,"The video explaines a 2nd order, linear differential equation with constant coefficients.",lCqNl8RZuVU,key_1_,,,2020-06-23 05:19:34+00,1,2020-10-01 02:50:58+00,38,0
704,58,Local extrema and saddle points of a multivariable function ,Krista King,2,Learn how to use the second derivative test to find local extrema (local maxima and local minima) and saddle points of a multivariable function.,odkaPgWPQGo,key_1_,,jpg,2020-06-23 05:32:52+00,1,2021-02-05 14:41:18+00,37,0
705,58,Local extrema and saddle points of a multivariable function ,Krista King,2,Learn how to use the second derivative test to find local extrema (local maxima and local minima) and saddle points of a multivariable function.,odkaPgWPQGo&t,key_1_,,jpg,2020-06-23 05:34:52+00,2,2021-02-05 14:42:03+00,37,0
706,64,Chain Rule for real functions of a real variable,Khan Academy,2,The video describes the application of the chain rule for the derivative a real function of a real variable and ilustrates the description with enlightning examples.,0T0QrHO56qg,key_1_,,,2020-06-23 11:30:03+00,2,2020-11-15 11:08:16+00,37,0
707,64,Multivariable Chain Rule,Khan Academy,2,This video describes the application of the chain rule to find the derivative of real function of several variables and includes illustrative examples that enlighten the comprehension of the subject.,NO3AqAaAE6o,key_1_,,,2020-06-23 11:40:48+00,2,2020-11-15 11:08:33+00,37,0
708,64,First and Second Order Derivatives using Implicit Differentiation,"The Organic Chemistry Tutor
",2,"This video describes how to find the first and second order derivatives of functions implicitly defined as well as the application of the chain rule, in the case of the second order derivative.",-XQDh6Z6DPI,key_1_,,,2020-06-23 12:05:30+00,1,2020-11-14 09:30:11+00,38,0
709,64,Chain Rule for Higher Derivatives,The Math Guy,2,This video applies the chain rule to higher order derivatives and illustrates it with examples.,JJG2t5IBKy4,key_1_,,,2020-06-23 12:10:57+00,1,2020-11-14 09:31:06+00,38,0
710,64,Implicit Differentiation in Higher Dimensions,"patrickJMT
",2,"This video points out a few things to remember about implicit differentiation and calculates one partial derivative, thus illustrating the described rule.",YmsZRQJJMG8,key_1_,,,2020-06-23 12:18:17+00,1,2020-11-14 09:39:01+00,38,0
711,79,Intro to Conditional Probability,Trefor Bazett,2,"What is the probability of an event A given that event B has occurred? We call this conditional probability, and it is governed by the formula that P(A|B) which reads ""probability of A given B"" is equal to the P(A intersect B)/P(B). We look at an example involving the probability of being an alcoholic given that one is a man. ",ibINrxJLvlM,key_1_,,,2020-06-30 16:07:15+00,1,2020-11-14 09:42:21+00,38,0
712,79,Bayes' Theorem - The Simplest Case,Trefor Bazett,2,Bayes' Theorem is an incredibly powerful theorem in probability that allows us to relate P(A|B) to P(B|A). This is helpful because we often have an asymmetry where one of these conditional probabilities is easy to compute and the other is not. It let's us treat compute how to update our probabilities given new information.,XQoLVl31ZfQ,key_1_,,,2020-06-30 16:10:45+00,1,2020-10-31 15:51:08+00,38,0
713,79,"Probability, Sample Spaces, and the Complement Rule",Simple Learning Pro,2,"Learn how to calculate simple probabilities, such as flipping a coin and determining the probability of the desired outcome. In this video you'll also learn how to construct sample space diagrams and using them to solve probability questions. Finally, you'll learn about probability rules and the complement rule.",ynjHKBCiGXY,key_1_,,,2020-06-30 16:25:22+00,1,2023-08-08 01:52:04+00,64,0
714,79,And & Or rule,FuseSchool - Global Education,2,In this video we are going to look at the “and” and “or” rules of probability and what the term mutually exclusive means.,5m8-5pm_KT8,key_1_,,,2020-06-30 16:29:39+00,1,2020-10-31 15:44:09+00,38,0
715,78,Argand plane: geometric representation of conditions envolving complex numbers  ,Mathew Mathew,2,Examples of the geometric representation of conditions envolving complex numbers.,AqtgBbEI4wM,key_1_,,,2020-07-01 04:06:18+00,1,2020-11-15 09:01:12+00,64,0
716,78,Introduction to Locus of Complex Numbers,MasterWuMathematics,2,"The video introduces the concept of the locus of complex numbers - the geometric representation in the Argand plane - and sketch the loci for several examples.
",KeYfQ8Em9BU,key_1_,,,2020-07-01 04:09:36+00,1,2020-11-15 09:08:57+00,64,0
717,78,"Complex conjugates, imaginary and complex numbers",Khan Academy,2,"Complex numbers, complex conjugates, imaginary and real parts of complex numbers.",BZxZ_eEuJBM,key_1_,,,2020-07-01 04:11:33+00,1,2023-08-08 01:49:10+00,64,0
718,78,Complex numbers: solving equations,The Bright Side Of Mathematics,2,Solving equations envolving complex numbers.,7w0mdxbisbo,key_1_,,,2020-07-01 04:13:55+00,1,2020-11-15 09:02:00+00,64,1
721,37,Numerical Analysis: Newton Raphson method || Cálculo Numérico: Método de Newton Raphson,Jalberth Fernandes,2,Exercise solved using Newton Raphson method. ,watch?v=KQ5tyLxCgb8,key_4_,,jpg,2020-10-10 09:05:06+00,2,2020-10-31 15:33:48+00,38,0
722,1666,Properties of Integrals and Evaluating Definite Integrals,Professor Dave Explains,2,Properties of Integrals and Evaluating Definite Integrals,b0RJkIBhfEM,key_1_,,,2020-10-24 04:08:30+00,1,2020-10-24 04:14:39+00,38,0
724,1666,"Intro to Sets | Examples, Notation & Properties
",Dr. Trefor Bazett,2,"Learning Objectives:
1) Identify examples of sets
2) Write sets without regard to order or repetition
3) Determine whether one set is a subset of another",B1v2-nGXNzs,key_1_,,,2020-10-29 11:35:57+00,1,2020-11-07 02:42:09+00,64,0
725,1666,"Set Operations - Discrete Mathematics
",TheTrevTutor,2,"We look at set operations, including union, complement, intersection and difference. We end with a simple example.",4TlCToZZ5gA,key_1_,,,2020-10-29 12:22:07+00,1,2020-11-07 02:45:33+00,64,0
726,1666,Properties of Set Operations,Ant On Math,2,"Basic properties of set operations: commutative, associative, distributive.",8Vj8railKxg,key_1_,,,2020-10-29 12:24:55+00,1,2020-11-07 02:48:32+00,64,0
727,1666,"Venn Diagrams: shading regions for two sets
",patrickJMT,2,"Venn Diagrams: shading regions.  In this video I show how to shade the union, intersection and complement of two sets.
",b6t0994ZZDA,key_1_,,,2020-10-29 12:27:42+00,1,2020-11-07 02:49:51+00,64,0
728,1666,"Sets and Subsets
",Center of Math,2,"In this College Algebra video, Tori explains the definition of a subset and gives a few examples.
",eze6aOHC2fk,key_1_,,,2020-10-29 12:29:50+00,1,2023-08-03 08:31:49+00,64,0
729,1666,Definite integral of absolute value function | AP Calculus AB | Khan Academy,Khan Academy ,2,Definite integral of absolute value function,PWcwhA2BwVk,key_1_,,,2020-10-30 15:14:35+00,1,2020-10-30 19:57:24+00,38,0
730,1666,Calculus 2 - Integration: Finding the Area Between Curves ,Michel van Biezen,2,Finding the Area Between Curves ,4ZiO_eaj9Ag,key_1_,,,2020-10-30 15:18:21+00,1,2020-10-30 19:58:58+00,38,0
731,1666,Calculus 2 - Integration: Finding the Area Between Curves,Michel van Biezen,2,In this video we find the area bounded by the 2 functions y=sin(x) and y=cos(x) and the lines x=0 and x=pi/2.,gwFa8T-PYls,key_1_,,,2020-10-30 15:20:33+00,1,2020-10-30 20:00:21+00,38,0
732,1666,Find the area enclosed by the two curves,Brian McLogan,2,Finding area enclosed by the two curves,024LJbuf6HU,key_1_,,,2020-10-30 15:23:04+00,1,2020-10-30 20:01:43+00,38,0
733,1666,Volume of rotation: washer method ,Krista King,2,Disk and Washer calculus problem example.,4H4hV2PLTW4,key_1_,,,2020-10-30 15:25:28+00,1,2020-10-30 20:04:01+00,38,0
734,1666,Definite Integral of an exponential expression,Jeremy Klassen,2,This video is about finding the definite integral of an exponential function with a base of 2.,YYxmEJTRIQo,key_1_,,,2020-10-30 15:29:44+00,1,2020-10-30 20:05:05+00,38,0
735,1666,Volume of rotation: washer method,Krista King,2,Learn how to find the volume of rotation around a line defined for x in terms of y.,Sg24zkhG0Vw,key_1_,,,2020-10-30 15:34:46+00,1,2020-10-30 20:06:11+00,38,0
736,1666,Disc method around y-axis | Applications of definite integrals | AP Calculus AB | Khan Academy,Khan Academy ,2,Finding the volume of a figure that is rotated around the y-axis using the disc method. ,43AS7bPUORc,key_1_,,,2020-10-30 15:36:26+00,1,2020-10-30 20:07:10+00,38,0
737,1666,Generalizing the washer method | Applications of definite integrals | AP Calculus AB | Khan Academy,Khan Academy ,2,Finding volume of revolution using washer method.,Thvc2s9aUP4,key_1_,,,2020-10-30 15:39:59+00,1,2020-10-30 20:09:03+00,38,1
738,1666,Finding Areas Between Curves,patrickJMT,2,Finding Areas Between Curves - Two Examples,DRFyNHdVgUA,key_1_,,,2020-10-30 15:42:52+00,1,2020-10-30 19:50:19+00,1666,0
739,1666,Why do logarithmic functions have absolute value signs after integration?,Eddie Woo,2,Why do logarithmic functions have absolute value signs after integration?,IMRLIHX9h9g,key_1_,,,2020-10-30 15:46:03+00,1,2020-10-30 19:55:57+00,38,0
740,127,Eigenvectors and Eigenvalues,TheTrevTutor,2,The video teaches how to calculate the eigenvalues and eigenvectors of a matrix. And it shows that the eigenvalues of a diagonal matrix are equal to the diagonal itself.,ihscX_B1BoA,key_1_,,,2020-11-02 04:16:45+00,1,2023-08-04 04:33:54+00,64,0
741,127,Find Eigenvalues of 3x3 Matrix,Jay,2,The video teaches how to calculate the eigenvalues of a 3x3 matrix using the determinant and the characteristic polynomial. The characteristic determinant is calculated through the development of Laplace.,j2B_vcp3tUQ,key_1_,,,2020-11-02 04:21:35+00,1,2023-08-04 04:28:25+00,64,0
742,127,Finding eigenvectors and eigenspaces example,Sal Khan,2,The video teaches how to calculate the eigenvectors associated with eigenvalues of a 2x2 matrix. The eigenvectors are not unique. The set of all eigenvectors associated with an eigenvalue form the so-called eigenspace. ,3-xfmbdzkqc,key_1_,,,2020-11-02 04:26:44+00,1,2020-11-02 10:53:39+00,38,0
743,127,Eigenvalues of a 3x3 matrix,Sal Khan,2,This video teaches how to calculate the eigenvalues ​​of a 3x3 matrix using the determinant and the characteristic polynomial. This method can be applied to matrices with other dimensions. It also teaches you how to calculate the roots of a third-degree polynomial.,11dNghWC4HI,key_1_,,,2020-11-02 04:30:45+00,1,2020-11-02 10:45:18+00,38,0
744,127,Example solving for the eigenvalues of a 2x2 matrix,Sal Khan,2,This video teaches how to calculate the eigenvalues of a 2x2 matrix using the determinant and the characteristic polynomial. This method can be applied to matrices with other dimensions.,pZ6mMVEE89g,key_1_,,,2020-11-02 04:34:33+00,1,2020-11-02 10:42:20+00,38,0
745,1666,"Intermediate Algebra - Cardinality of Sets - Two Examples
",The Infinite Looper,2,"Two examples of how to find the cardinality of a set and also the definitions of finite and infinite sets (with examples).
",r1bgHFpfNWg,key_1_,,,2020-11-07 10:29:55+00,1,2020-11-07 10:55:37+00,64,0
746,1666,Solving Word Problems With Venn Diagrams: Three Sets,Steve Crow,2,This video shows how to solve applications using Venn Diagrams involving 3 sets. ,CRnh3Vb5BdY,key_1_,,,2020-11-07 10:34:08+00,1,2020-11-07 10:57:50+00,64,0
747,1666,"A x B: the Cartesian Product of Two Sets.
","Dr. Trefor Bazett
",2,"Learning Objectives:
1) Definition of ordered pair.
2) Definition of Cartesian Product of two sets.
3) Finding all the elements in a Cartesian Product.",ufjEv-5nmcA,key_1_,,,2020-11-07 10:36:26+00,1,2020-11-07 10:59:07+00,64,0
748,1666,"Relations- Discrete Mathematics
","TheTrevTutor
",2,"We introduce binary relations: how to write them, what they are, properties of relations (including reflexivity, symmetry, and transitivity).",FI6j5QZNVx0,key_1_,,,2020-11-07 10:38:48+00,1,2020-11-07 11:00:52+00,64,0
749,41,Parametric and Nonparametric Statistical Tests,Todd Grande,2,"This video explains the differences between parametric and nonparametric statistical tests. The assumptions for parametric and nonparametric tests are discussed including the Mann-Whitney Test, Kruskal-Wallis Test, Wilcoxon Signed-Rank Test, and Friedman’s ANOVA.",pWEWHKnwg_0,key_1_,,,2020-11-19 02:27:41+00,1,2020-12-20 15:37:28+00,37,0
751,2162,Differentiation/Partial Differentiation,Khan Academy,2,Complete explanation of private derivatives on simple functions.,AXqhWeUEtQU,key_1_,,jpg,2021-03-17 06:58:01+00,1,2021-03-26 04:09:01+00,37,0
752,2162,Differentiation / Partial Differentiation,The Math Sorcerer ,2,Explanation of private derivatives on trigonometric function,tD1o9vsEkok,key_1_,,jpg,2021-03-17 07:10:02+00,1,2021-03-26 04:14:03+00,37,0
753,2162,Integral sqrt(1-x^2),Dr Peyam,2,Calculation of an antiderivative of a square root using trigonometric substitution (and the triangle method).,yp_o5cVXrz4,key_1_,,,2021-03-29 06:31:40+00,1,2021-04-11 11:56:47+00,37,0
754,2162,Basic differentiation rules for derivatives,The Organic Chemistry Tutor,2,Basic differentiation rules.,IvLpN1G1Ncg,key_1_,,,2021-03-29 06:49:29+00,1,2021-04-11 11:54:37+00,37,0
755,2162,"Second Derivative Test - Two Variables
",Krista King,2,An example of a second-order derivative with two variables.,Yirl8OvO3tU,key_1_,,,2021-03-29 06:52:41+00,1,2021-04-25 09:54:14+00,37,0
756,2162,"Derivatives of Radical Functions
",The Organic Chemistry Tutor,2,This video explains how to find the derivative of square root functions and how to find the derivative of cube root functions using the power rule and chain rule.,B1YkgNDbx5o,key_1_,,,2021-03-29 06:59:59+00,1,2021-04-25 09:58:14+00,37,0
757,2162,Differentiation / Implicit Differentiation and Chain Rule,The Organic Chemistry Tutor,2,Video tutorial providing a basic introduction on how to find the derivative of a function with a constant behind the variable. ,ut-AFj600S0,key_1_,,,2021-03-29 07:02:34+00,2,2021-04-11 11:50:31+00,37,0
758,2162,Partial Derivatives Examples,turksvids,2,Explanation of how to find the partial derivatives of a multivariable function.,Nl-qIehsySs,key_1_,,,2021-03-29 07:18:28+00,1,2021-04-11 11:41:56+00,37,0
759,2162,How to find the first order partial derivatives,The Math Sorcerer,2,Explanation of  how to find first order partial derivatives.,HLr9kGWOXxw,key_1_,,,2021-03-29 07:25:12+00,1,2021-04-11 11:39:42+00,37,0
760,2162,"Second Derivative Test
",The Organic Chemistry Tutor,2,This calculus video tutorial provides a basic introduction to the second derivative test.  ,G8GAsYkZlpE,key_1_,,,2021-03-29 07:55:32+00,1,2021-12-26 15:09:08+00,37,0
761,2162,Second-Order Partial Derivatives,Leah Howard,2,An example of a second-order partial derivative of a function with two variables.,s7XVLH3MA-s,key_1_,,,2021-03-29 07:58:04+00,1,2021-04-11 11:18:29+00,37,0
762,2162,"Learn to take the second derivative of exponential chain rule
",Brian McLogan,2,Explanation of how to find the derivative of exponential and logarithmic expressions. ,yZ7qdRsDWYk,key_1_,,,2021-03-29 08:00:57+00,1,2021-04-25 10:03:39+00,37,0
763,2162,"Product rule for first and second derivative for f(x)=x^4*e^x
",blackpenredpen,2,Explanation of how to find the second derivative of exponential functions.,weAXSDw4BWM,key_1_,,,2021-03-29 08:04:18+00,1,2021-04-25 10:49:31+00,37,0
764,2162,"Differentiation of Y=cos(ax) with examples
",ProfDan Tutorials,2,Differentiation of a trigonometric function including examples that envolve the chain rule and the product rule.,QhB481jPAa4,key_1_,,,2021-04-02 05:14:14+00,1,2021-12-27 04:56:59+00,64,0
765,2162,"Implicit differentiation with the chain rule and in
",Brian McLogan,2,Explanation of how to find the derivative of an implicit logarithmic function.,TNy-IxD15f0,key_1_,,,2021-04-02 05:23:16+00,0,2021-04-10 08:02:31+00,37,0
766,2162,Partial derivative,The Mathmagic Show,2,Partial derivative of trigonometric functions.,V7W1G3bU-K8,key_1_,,,2021-04-02 05:35:43+00,1,2021-04-11 10:36:12+00,37,0
767,2162,Partial Derivatives Example,Krista King,2,Partial Derivatives: example.,WrHuRrbbgcE,key_1_,,,2021-04-02 05:39:55+00,1,2021-04-11 10:20:01+00,37,0
768,2162,How to find the differentiate e^ -x sin 3x chain rule,maths gotserved,2,"A video that describes how to differentiate exponential and trigonometric functions.
",Xl4iGya_tIw,key_1_,,,2021-04-02 05:43:44+00,1,2021-04-25 10:54:43+00,37,0
769,2162,Find the directional derivative,Jonathan Walters,2,"A video that describes how to find the directional derivative of function at a given point.
",RMO7niYE2jE,key_1_,,,2021-04-02 05:49:20+00,1,2021-04-11 11:08:13+00,37,0
770,2162,Partial derivative,The Math Sorcerer,2,A video that describes about how to find the partial derivatives of an exponential function and how to evaluate it at a given point.,wPBGdaFWUJo,key_1_,,,2021-04-02 05:52:56+00,1,2021-04-11 11:05:22+00,37,0
771,2162,Multivariable Calculus Limit,The Math Sorcerer,2,Multivariable limits.,Tb-CZTFyNRw,key_1_,,,2021-04-02 05:55:34+00,1,2021-04-11 10:07:21+00,37,0
772,2162,"Real functions of several variables / Limits, continuity, domain and image",The Organic Chemistry Tutor,2,Analyzing examples of the calculation of limits of functions with two and three variables.,E1lMMBpz8YM,key_1_,,,2021-04-02 05:58:49+00,1,2021-04-11 11:59:43+00,37,0
773,2162,"Limits of trigonometric functions
",Clutch Prep,2,Methods for finding limits of trigonometric functions of one variable.,CPxKfFAU1sY,key_1_,,,2021-04-02 06:03:10+00,1,2021-12-27 04:58:42+00,64,0
774,2162,"How to find the limit at infinity
",The Organic Chemistry Tutor,2,This video tutorial explains how to find the limit of polynomial and rational functions at infinity.,NmLljBAg82o,key_1_,,,2021-04-02 06:14:37+00,1,2021-12-27 04:59:41+00,64,0
775,2162,Domain of a multivariable function,Krista King,2,"How to find the domain of a multivariable function, specifically the domain of a multivariable logarithmic function.",CxtgMNAQr8g,key_1_,,,2021-04-02 06:25:01+00,1,2021-04-11 10:01:23+00,37,0
776,2162,Domain and range for multi-variable functions,CBlissMath,2,Domain and range of multivariable functions.,rsFRHCk0w3s,key_1_,,,2021-04-02 06:33:25+00,1,2021-04-11 09:59:15+00,37,0
777,2162,Multivariable Calculus: Finding and Sketching the Domain,patrickJMT,2,"Finding and sketching the domain of a function z = f(x,y).",q8ictFvAHLk,key_1_,,,2021-04-02 06:38:40+00,1,2023-08-08 02:03:06+00,64,0
778,2162,How to find domain of multi-variable function,Anil Kumar,2,How to find the domain of multivariable functions.,bizBJ5muVOA,key_1_,,,2021-04-02 06:43:49+00,1,2021-04-10 09:08:39+00,37,0
779,2162,Contour plots | Multivariable calculus,Khan Academy,2,An alternative method to represent multivariable functions with a two-dimensional input and a one-dimensional output.,WsZj5Rb6do8,key_1_,,,2021-04-02 06:47:11+00,1,2023-08-08 02:09:51+00,64,0
780,2162,How to Find the Domain of Any Function,NancyPi,2,How to find the domain of a function (including a few examples).,GQGFMUfr10M,key_1_,,,2021-04-02 06:51:06+00,1,2021-04-10 08:18:26+00,37,0
781,2162,Partial Derivatives - Trigonometric Functions,Harold Walden,2,"Partial derivatives of trigonometric functions.
",QomTGL6Ooyg,key_1_,,,2021-04-02 06:57:19+00,1,2021-04-10 08:13:58+00,37,0
782,2162,Partial Derivatives - Multivariable Calculus,The Organic Chemistry Tutor,2,"This video tutorial describes how to find first order partial derivatives of functions with two and three variables.  It provides examples of differentiating with respect to x or with respect to y using techniques such as the product rule, quotient rule and power rule. 
",JAf_aSIJryg,key_1_,,,2021-04-02 07:00:40+00,1,2021-04-10 08:14:48+00,37,0
783,2162,Applying the chain rule and product rule ,Khan Academy,2,Example showing multiple strategies for taking a derivative that involves both the product rule and the chain rule,QqAPCIIdx-E,key_1_,,,2021-04-08 05:18:09+00,1,2021-04-25 11:03:26+00,37,0
784,2162,Applying the chain rule twice,Khan Academy,2,Worked example applying the chain rule twice.,eY1LuoSfiys,key_1_,,,2021-04-08 05:21:10+00,1,2021-04-25 13:33:26+00,37,0
785,2162,Complex Numbers 1,Charles Baccari,2,"Basic rules of complex number
",1g7ALg7AiFU,key_1_,,,2021-04-08 05:26:09+00,1,2023-08-06 10:38:37+00,64,0
786,2162,Learn how to find third order partial derivatives for a function of two variables,The Math Sorcerer,2,How to Find Third Order Partial Derivatives for a Function of Two Variables,di2qDYAqV6c,key_1_,,,2021-04-08 05:31:19+00,1,2021-04-11 12:09:11+00,37,0
787,2162,Differentiation / Partial Differentiation,Brian McLogan,2,explanation of how to find the derivative of an implicit logarithmic function,TNy-IxD15f0,key_1_,,,2021-04-08 06:22:58+00,0,,,0
788,2162,The 3rd derivative of sec(x),blackpenredpen,2,"Teaching example for derivative sec(x), use of the quotient rule, use of the chain rule, use of the product rule.
",GRCg_sVVoo0,key_1_,,,2021-04-08 06:29:44+00,1,2021-04-25 13:37:30+00,37,0
789,2162,"Sides, vertices and faces of a square based pyramid",maths3000,2,"In this video you will learn how to work out the number of sides, vertices and faces of a square based pyramid. ",ddt_-TMrlJk,key_1_,,,2021-05-04 09:25:25+00,1,2021-12-27 05:00:57+00,64,0
790,2162,What is a Prism?,Don't Memorise,2,"In this video, we will learn what a prism is, as well as a​ triangular prism, rectangular prism and a​ cuboid",wxDTrgnyu28,key_1_,,,2021-05-04 09:29:23+00,1,2021-12-27 05:04:10+00,64,0
791,2162,"What is a square, anyway? Part 2: Is a square a rectangle? Is a rectangle a square?",The Free Math Tutor,2,The second in a series of videos about the wonderful shape we call the square.,ckAgZVMFxA4,key_1_,,,2021-05-04 09:33:15+00,1,2021-12-27 05:05:18+00,64,0
792,2162,Proof: diagonals of a parallelogram bisect each other.,"Khan Academy
",2,Proving that a quadrilateral is a parallelogram if and only if its diagonals bisect each other.,TErJ-Yr67BI,key_1_,,,2021-05-04 09:35:56+00,1,2021-12-27 05:06:22+00,64,0
793,2162,Triangle medians and centroids | Special properties and parts of triangles,"Khan Academy
",2,"Seeing that the centroid is 2/3 of the way along every median.
",GiGLhXFBtRg,key_1_,,,2021-05-04 09:55:01+00,1,2021-12-27 05:07:05+00,64,0
794,2162,"How many combinations of lines can be formed by 10 points
",Anil Kumar,2,"Describes How many combinations of lines can be formed by 10 points
",7_pbD27PoO4,key_1_,,,2021-05-04 09:57:45+00,1,2021-12-27 05:08:30+00,64,0
795,2162,Platonic solids 3D polyhedrons to verify Euler's formula,Anil Kumar,2,This video shows how to verify Euler's formula for 3D polyhedrons.,AwBVNG8tuWI,key_1_,,,2021-05-04 10:02:02+00,1,2021-12-27 05:09:36+00,64,0
796,2162,There are only five platonic solids,profarrington,2,A simple explanation from solid geometry on why there are only five platonic solids (regular polyhedra).,ldpwghFp85M,key_1_,,,2021-05-07 04:27:43+00,1,2021-12-27 05:10:41+00,64,0
797,2162,"Octahedrons. how many faces, edges (sides), vertices (corners) of a octahedron?
",maths3000,2,"Here you will learn how to calculate the number of faces, edges and vertices of a octahedron. To work out the number of faces you need to count the surfaces (an octahedron will have 8 faces.) To work out the number of edges you will need to count the number of sides (an octahedron has 12 edges ). To work out the number of vertices you will need to count the number of corners (an octahedron has 6 vertices).",vQFMGU0pgFc,key_1_,,,2021-05-07 04:31:13+00,1,2021-12-27 05:14:34+00,64,0
798,2162,"Number of diagonals of a polygon
",LetsSolveMathProblems,2,"This video describes an intuitive method for counting number of diagonals of a polygon.
",Gg9rjSy08UM,key_1_,,,2021-05-07 04:33:43+00,1,2021-12-27 05:16:21+00,64,0
799,2162,Finding the exterior angle of a regular hexagon,msmarymackay,2,How to find the exterior angle of a regular hexagon.,VUan639lohM,key_1_,,,2021-05-07 04:38:36+00,1,2021-12-27 05:19:47+00,64,0
800,2162,"Interior and exterior angles of a regular octagon assessment
",Mark Willis,2,"Explanation of how to find interior and exterior angles of a regular octagon
",MVPLIRV0PTA,key_1_,,,2021-05-07 04:43:25+00,1,2021-12-27 05:22:44+00,64,0
801,2162,What is the surface area of a cylinder? ,"Don't Memorise
",2,"In this video, we will learn about the surface area of a cylinder.",gK9OgZ6eLx0,key_1_,,,2021-05-07 04:48:26+00,1,2021-12-27 05:23:53+00,64,0
802,2162,"Triangle Similarity - AA SSS SAS & AAA Postulates
",The Organic Chemistry Tutor,2,"This geometry video tutorial provides a basic introduction into triangle similarity. It explains how to check if two triangles are similar using mostly the AA postulates. Other triangle similarity postulates mentioned are the AAA, SSS and SAS postulates.  ",VXlFEilh-cw,key_1_,,,2021-05-07 04:54:23+00,1,2021-12-27 05:25:28+00,64,0
803,2162," Pythagoras theorem: basics 
",O and U Learn,2,Pythagoras theorem: who would have thought triangles could be so problematic? Don't worry! We've got your back on this one. Pythagoras theorem fully explained with simple and mildly challenging questions.,JH9V3bWA1T0,key_1_,,,2021-05-07 05:00:27+00,1,2021-12-27 05:26:33+00,64,0
804,2162,"Math Antics - Triangles
",mathantics,2,The different types of triangle.,mLeNaZcy-hE,key_1_,,,2021-05-07 05:04:48+00,1,2021-12-27 05:28:33+00,64,0
805,2162,"What are the Different Types of Triangles? 
",Don't Memorise,2,"In this video, we will learn about the different ypes of triangles based on the length of the sides (equilateral, isosceles, scalene) and on the types of angles (acute, right, obtuse).",1k0G-Y41jRA,key_1_,,,2021-05-07 05:08:28+00,1,2021-12-27 05:36:03+00,64,0
872,3390,Solving inequalities on a numberline - values of x ,3minutemaths,1,This video is all about solving inequalities on a numberline,HjUcMVo3ed0,,,,2024-07-24 06:37:00+00,1,,,0
806,2162,"14 Properties of a Rhombus
",MooMooMath and Science,2,"In this video you will learn 14 properties of a rhombus.
What is a Rhombus?
A rhombus is most commonly recognized as a diamond, but they are not limited to this shape.
Let's take a look at 14 properties of a rhombus.",rzfIxKAMWUo,key_1_,,,2021-05-07 05:12:03+00,1,2021-12-27 04:31:45+00,37,0
807,2162,"Sum of interior angles of a polygon
",Khan Academy,2,"Showing a generalized way to find the sum of the interior angles of any polygon.
",qG3HnRccrQU,key_1_,,,2021-05-07 05:14:05+00,1,2023-08-06 09:54:30+00,64,0
808,2162,Interior and exterior angles (and how to find the sum of interior angles),"Nerdstudy
",2,Interior and exterior angles.,bRJEjt2UWRU,key_1_,,,2021-05-07 05:20:57+00,1,2021-12-27 05:40:17+00,64,0
809,2162,"Double Integrals
",The Organic Chemistry Tutor,2,"This Calculus 3 video explains how to evaluate double integrals and iterated integrals.  Examples include changing the order of integration as well as integrating with u-substitution.
",BJ_0FURo9RE,key_1_,,,2021-05-11 12:35:29+00,0,,,0
810,2162,"Calculating a double integral
",patrickJMT,2,Calculating a double integral: a few basic examples.,DYsv6L-VcsQ,key_1_,,,2021-05-11 12:41:33+00,1,2021-12-27 05:42:01+00,64,0
811,2162,"Evaluate double integral
",Wally BALDEMOR,2,"My correction is 14/3 first, then integral sign.
Evaluate(x^2+y^2)double integral,1-3and0-2y
",h1IhfqL2XNM,key_1_,,,2021-05-11 12:45:02+00,2,2021-12-27 05:43:50+00,64,0
812,2162,"Calculus - Integration: Double Integrals  (1 of 9) Introduction: y=$x^2$ and x=4
",Michel van Biezen,2,"In this video, double integrals will be used to find the area bounded by y=x^2 and x=4.",ZZGA&t=521s,key_1_,,,2021-05-11 12:52:21+00,1,2021-12-27 05:47:07+00,64,0
813,37,Polinómio Interpolador de Lagrange,Gustavo Viegas,2,Lagrange polynomial. Example and theoretical aspects. ,9LJOlkyedik,key_4_,,,2021-06-01 07:53:39+00,1,2023-08-08 02:29:41+00,64,0
814,37,Método de Newton-Raphson,Gustavo Viegas,2,Newton-Raphson Method. Example presentation. ,mWRCaGX8pYE,key_4_,,jpg,2021-06-01 08:45:40+00,1,2023-08-08 02:18:39+00,64,0
815,37,Interpolação Polinomial - Polinómio de Newton - Diferenças Divididas,Izaias Neri,2,Newton Interpolation Polynomial. Example presentation.,OxJwjpZxEkc,key_4_,,jpg,2021-06-01 09:17:44+00,1,2023-08-08 02:22:35+00,64,0
817,2417,Perfect shapes in higher dimensions,Numberphile,2,This video introduces perfect shapes seen in higher dimensions.,2s4TqVAbfz4,key_1_,,,2021-07-23 06:59:37+00,1,2021-12-27 05:48:08+00,64,0
818,39,The Product Rule,The Organic Chemistry Tutor,2,This video tutorial provides a basic introduction into the product rule for derivatives.  It explains how to find the derivative of a function that contains two factors multiplied to each other.  It also explains how to use the product rule to find the derivative of a function with 3 factors.  It contains plenty of examples and practice problems.  ,17X5g9QArTc,key_1_,,,2021-09-06 02:12:28+00,1,2021-12-27 07:22:57+00,37,0
819,39,The Chain Rule,The Organic Chemistry Tutor,2,"The Chain Rule for derivatives is explained. Examples are worked through at basic and advanced levels.
The video is 18.39 minutes long.
",HaHsqDjWMLU,key_1_,,,2021-09-06 02:17:23+00,1,2021-12-27 07:49:32+00,37,0
820,39,Implicit Differentiation,The Organic Chemistry Tutor,2,"Examples are worked through at basic and advanced levels showing the application of the relevant rules in each case 
The video is 12.47 minutes long.
",LGY-DjFsALc,key_1_,,,2021-09-06 02:23:39+00,1,2021-12-27 07:56:19+00,37,0
821,39,Quotient Rule For Derivatives,The Organic Chemistry Tutor,2,"The Quotient Rule is Explained. Examples are worked through at basic and advanced levels showing the application of the rule in each case 
The video is 11.54 minutes long.
",8jVDEcQ0wXk,key_1_,,,2021-09-06 02:30:28+00,1,2021-12-27 04:02:39+00,37,0
822,39,Derivatives of Trigonometric Functions,The Organic Chemistry Tutor,2,"The Rules for Trigonometric Functions are explained. Examples are worked through at basic and advanced levels showing the application of the rule in each case 
The video is 35 minutes long.
",_niP0JaOgHY,key_1_,,,2021-09-06 02:50:13+00,0,2021-10-21 05:58:33+00,38,0
823,2943,Triple Integrals Using Cylindrical Coordinates,Mathispower4u,2,This video explains how to set up and evaluate a triple integral using cylindrical coordinates.,cghy5cEoCNg,key_1_,,,2022-09-05 10:19:28+00,1,2022-09-05 10:28:03+00,38,0
824,2943,Triple Integrals and Volume using Spherical Coordinates,Mathispower4u,2,This video explains how to use triple integrals to determine volume using spherical coordinates.,UTIjALWr6GM,key_1_,,,2022-09-07 09:32:52+00,1,2022-09-07 10:10:25+00,38,0
825,2943,Evaluate a Triple Integral Using Cylindrical Coordinates - Triple Integral of e^z,"
Mathispower4u",2,This video explains how to set up a triple integral using cylindrical coordinates and then evaluate the triple integral.,sN_OeNXZnkA,key_1_,,,2022-09-07 09:35:19+00,1,2022-09-07 10:10:35+00,38,0
826,2943,Multivariable calculus 3.4.2: Cylindrical coordinates example #1,Michael Hutchings,2,This video explains how to set up and evaluate a triple integral using cylindrical coordinates.,_RJR3wYYK7s,key_1_,,,2022-09-07 09:45:08+00,1,2022-09-07 10:10:41+00,38,0
827,2943,Example: Triple Integrals in Cylindrical Coordinates,"
Sudesh Kalyanswamy",2,Evaluate a triple integral using cylindrical coordinates (2 options).,ZcFm8LBgzR0,key_1_,,,2022-09-07 09:48:23+00,1,2022-09-07 10:10:48+00,38,0
828,2943,Triple Integrals in Spherical Coordinates,Houston Math Prep,2,Evaluate the volume inside cone and sphere.,VxajzhJAXUY,key_1_,,,2022-09-07 09:50:46+00,1,2022-09-07 10:10:56+00,38,0
829,2943,Ex 4: Set up and Evaluate a Triple Integral of x+y-4z,Mathispower4u,2,This video explains how to determine the limits of integration for a triple integral and then evaluate the triple integral.,S3k7JwqQxE0,key_1_,,,2022-09-07 09:52:40+00,1,2022-09-07 10:11:02+00,38,0
830,2943,Triple Integral and Volume Using Cylindrical Coordinates,Mathispower4u,2,This video explains how to determine the volume with triple integrals using cylindrical coordinates.,tsbFhR-A_JA,key_1_,,,2022-09-07 09:54:47+00,1,2022-09-07 10:11:08+00,38,0
831,2956,Animation of the Construction of the Koch Snowflake,Dollar Akshay,2,This video is an animation that shows how to build the Koch Snowflake.,MTYW4Re_RsY,key_1_,,,2022-10-12 07:34:58+00,1,2023-02-17 08:35:45+00,64,0
832,2956,The Tower of Hanoi (recursive formula and proof by induction),"Florian Ludewig
",2,This video provides a thorough explanation of the Hanoi Tower game and achieves a recursive and closed formula.,boS4N1_TLBk,key_1_,,,2022-10-12 07:37:41+00,1,2023-02-17 08:35:50+00,64,0
873,3390,Solving inequalities ,3minutemaths,1,This video is all about solving linear inequalities ,_8ZHbOtRnj0,,,,2024-07-24 06:38:31+00,1,,,0
833,2956,How to solve a second order linear homogeneous recurrence relation (distinct real roots case),The Math Sorcerer,2,This video teaches how to solve a second order linear homogeneous recurrence relation in the case where we have two distinct roots.,d5jTxBNK6OU,key_1_,,,2022-10-12 07:39:46+00,1,2023-02-17 08:36:15+00,64,0
834,2956,Introduction to arithmetic sequences,Khan Academy,2,This video is an introduction to arithmetic sequences. It includes two examples of how to find the general term of an arithmetic sequence by providing us with a way of thinking that works in many exercises. It also includes an example of a sequence that is not arithmetic.,_cooC3yG_p0,key_1_,,,2022-10-12 07:46:21+00,1,2023-07-27 08:39:22+00,64,0
835,2956,Two examples of a possible way to solve non-homogeneous recurrence relations,TrevTutor,2,"In this video, a specific technique is used to solve two non-homogeneous recurrence relations (sum of series).",UVuSLfdcT_Y,key_1_,,,2022-10-14 09:07:11+00,1,2023-07-27 08:39:25+00,64,0
836,2956,Non-homogeneous linear recurrence relations,"Kimberly Brehm
",2,"This video starts by explaining what a non-homogeneous recurrence relation is. 
Secondly, it moves to guessing its form. It then proceeds to solve two concrete examples.",NKsz2mGxX4A,key_1_,,,2022-10-14 09:15:28+00,1,2023-02-17 08:36:33+00,64,0
837,2956,Generating functions for recurrence relations,"Andrew Beveridge
",2,"In this video, the approach and the tools for using generating functions to solve recurrence relations are highlighted as we go through one straightforward case.",CqjY107S4Y8,key_1_,,,2022-10-14 09:23:34+00,1,2023-02-17 08:36:37+00,64,0
838,2956,Recursive Patterns,MrGardnerTech,2,This video examines a few number sequences to look for a pattern in them.,4LfJ8rNZucA,key_1_,,,2022-10-16 15:10:23+00,1,2023-07-27 08:39:29+00,64,0
839,2956,How to Solve a Second Order Recurrence Relation (Repeated Root Case),The Math Sorcerer,2,This video teaches how to solve a second order linear homogeneous recurrence relation in the case where we have repeated roots.,4cCTpXv1Jp4,key_1_,,,2022-10-16 15:18:03+00,1,2023-02-17 08:36:46+00,64,0
840,2956,Cartesian Product of Two Sets,Dr. Trefor Bazett,2,"Learning Objectives:
1) Definition of ordered pair. 
2) Definition of Cartesian Product of two sets. 
3) Finding all the elements in a Cartesian Product.",ufjEv-5nmcA,key_1_,,,2022-11-13 01:50:07+00,1,2023-02-17 08:36:52+00,64,0
841,2956,Relations- Discrete Mathematics,TheTrevTutor,2,"We introduce binary relations: how to write them, what they are, properties of relations (including reflexivity, symmetry, and transitivity).",FI6j5QZNVx0,key_1_,,,2022-11-13 01:52:57+00,1,2023-08-08 01:42:04+00,64,0
842,2956,Intermediate Algebra - Cardinality of Sets - Two Examples,The Infinite Looper,2,Two examples of how to find the cardinality of a set and also the definitions of finite and infinite sets (with examples).,r1bgHFpfNWg,key_1_,,,2022-11-13 01:54:49+00,1,2023-02-17 08:37:00+00,64,0
843,2956,Properties of Set Operations,Ant On Math,2,"Basic properties of set operations: commutative, associative, distributive.",8Vj8railKxg,key_1_,,,2022-11-13 01:57:53+00,1,2023-02-17 08:37:04+00,64,0
844,2956,Set Operations - Discrete Mathematics,TheTrevTutor,2,"We look at set operations, including union, complement, intersection and difference. We end with a simple example.",4TlCToZZ5gA,key_1_,,,2022-11-13 02:20:17+00,1,2023-02-17 08:37:08+00,64,0
845,2956,Solving Word Problems With Venn Diagrams: Three Sets,Steve Crow,2,This video shows how to solve applications using Venn Diagrams involving 3 sets.,CRnh3Vb5BdY,key_1_,,,2022-11-13 02:47:58+00,1,2023-02-17 08:37:13+00,64,0
846,2956,"Intro to Sets | Examples, Notation & Properties",Dr. Trefor Bazett,2,"Learning Objectives: 
1) Identify examples of sets.
2) Write sets without regard to order or repetition.
3) Determine whether one set is a subset of another.",B1v2-nGXNzs,key_1_,,,2022-11-13 02:52:05+00,1,2023-02-17 08:37:18+00,64,0
847,2956,Sets and Subsets,Center of Math,2,"In this College Algebra video, Tori explains the definition of a subset and gives a few examples.",eze6aOHC2fk,key_1_,,,2022-11-13 02:59:43+00,1,2023-08-08 01:41:11+00,64,0
848,2956,Venn Diagrams: shading regions for two sets,patrickJMT,2,"Venn Diagrams: shading regions. In this video I show how to shade the union, intersection and complement of two sets.",b6t0994ZZDA,key_1_,,,2022-11-14 01:28:51+00,1,2023-02-17 08:37:27+00,64,0
859,3390,How to rearrange an algebra formula with a different subject,3minutemaths,1,This video is all about how to rearrange an algebra formula.,pH7xrpsRznU,,,,2024-07-24 05:13:31+00,1,,,0
860,3390,Algebra: Changing the Subject of a Formula,VividMath,1,This video shows how to chance the subject of a formula,5osqCYZPbH0,,,,2024-07-24 05:14:57+00,1,,,0
862,3390,Indices - simplify with a fraction ,3minutemaths,1,This video deals with algebraic expressions using exponent rules,rbTc4_8OhGY,,,,2024-07-24 05:25:13+00,1,,,0
863,3390,Expand and simplify terms in brackets ,3minutemaths,1,This video is all about how to expand and simplify terms in brackets.,d35pOtHRVBM,,,,2024-07-24 05:26:14+00,1,,,0
864,3390,Rationalising the Denominator - Surds or Square Roots,3minutemaths,1,This is a video about rationalising the denominator.,qFdwlFx21i4,,,,2024-07-24 05:29:44+00,1,,,0
865,3390,Solving linear equations with fractions ,3minutemaths,1,This video is all about solving a linear equation with fractions,Znzp4NIwc7Y,,,,2024-07-24 05:34:47+00,1,,,0
866,3390,Linear equations - find the value of x,3minutemaths,1,This video is all about how to solve a linear equation,wDInccxk8PA,,,,2024-07-24 05:44:07+00,1,,,0
867,3390,How To Solve Absolute Value Inequalities,The Organic Chemistry Tutor,1,This Algebra video tutorial provides a basic introduction into absolute value inequalities.  it explains how to solve absolute value inequalities and graphing the solution using a number line and using interval notation.,30PrH3OIiqk,,,,2024-07-24 05:46:47+00,1,,,0
868,3390,Simplifying Logs With Square Roots,VividMath,1,Learn how to Simplify Logs with Square and Cube Roots.,LKSziYooe6Y,,,,2024-07-24 05:50:41+00,1,,,0
869,3390,Factorise Harder Quadratics ,3minutemaths,1,How to find the roots of quadratic equations by factoring them,gL5z9I4Z6Fo,,,,2024-07-24 06:10:10+00,1,,,0
870,3390,How to Solve Quadratic Equations,3minutemaths,1,How to find the roots of quadratic equations by using the quadratic formula ,iUMIV2YqXXQ,,,,2024-07-24 06:12:25+00,1,,,0
871,3390,How To Solve Absolute Value Equations,The Organic Chemistry Tutor,1,This video tutorial provides a basic introduction into absolute value equations.  it explains how to solve absolute value equations the easy way.,_cHbhzQVd7Y,,,,2024-07-24 06:13:58+00,1,,,0
877,3390,Solving Equations with Complex Numbers,learnifyable,1,This video shows an example of an equation involving complex numbers,v_aO3mSiAjo,,,,2024-07-24 07:23:23+00,1,,,0
882,3390,Complex Numbers - Powers of i,Infinity Learn NEET,1,This video shows how to manipulate the powers of i,KTNcYYHuBTY,,,,2024-07-24 07:35:07+00,1,,,0
883,3390,The Argument of a Complex Number,Daniel Kopsas,1,This video shows what an argument of a whole number is and how to determine it.,g3SBWWRLVrA,,,,2024-07-24 07:36:39+00,1,,,0
888,3390,Absolute Value - Example of equations and inequalities,Ana J. B. Bezerra,3,Solved examples of solving equations and inequalities involving absolute values.,"",,Absolute_Value1.pdf,pdf,2024-07-25 07:30:43+00,1,,,0
889,3390,Absolute Value - Examples with equalities and inequalities,Ana J. B. Bezerra,3,"Solved examples of equations and inequalities involving absolute values, including handling cases for equalities, analyzing inequalities and solving rational expressions with absolute values and polynomial factors.","",,Absolute_Value2.pdf,pdf,2024-07-25 07:36:29+00,1,,,0
890,3390,"Algebric Manipulation: Adding, subtracting, dividing and multiplying",Ana J. B. Bezerra,3,"Solved examples of algebraic operations, such as addition, subtraction, multiplication and division, to reorganize equations.","",,Algebraic_manipulationBasic1.pdf,pdf,2024-07-25 07:38:13+00,1,,,0
891,3390,Algebric Manipulation: Non-linear equations,Ana J. B. Bezerra,3,Solved examples on how to rearrange non-linear algebraic equations.,"",,Algebraic_manipulation2.pdf,pdf,2024-07-25 07:41:03+00,1,,,0
892,3390,Inequalities,Ana J. B. Bezerra,3,Solved examples of how to calculate inequalities involving quadratic equations.,"",,Inequations1.pdf,pdf,2024-07-25 07:44:58+00,1,,,0
893,3390,Inequalities,Ana J. B. Bezerra,3,Solved examples of how to solve inequalities involving quadratic and rational inequalities.,"",,Inequations2.pdf,pdf,2024-07-25 08:13:50+00,1,,,0
894,3390,Inequalities,Ana J. B. Bezerra,3,Solved examples of how to solve inequalities involving polynomials.,"",,Inequations3.pdf,pdf,2024-07-25 08:16:46+00,1,,,0
895,3390,Inequalities,Ana J. B. Bezerra,3,Solved examples of how to solve inequalities involving polynomials.,"",,Inequations4.pdf,pdf,2024-07-25 08:18:12+00,1,,,0
896,3390,Simplifying expressions involving linear and quadratic equations,Ana J. B. Bezerra,3,Solved examples of how to simplify linear and quadratic expressions,"",,Simplifying_algebraic_expressions1.pdf,pdf,2024-07-25 08:38:30+00,1,,,0
897,3390,Simplifying equations involving roots,Ana J. B. Bezerra,3,Solved examples about simplifying algebraic experessions with roots.,"",,Simplifying_algebraic_expressions2.pdf,pdf,2024-07-25 08:40:45+00,1,,,0
898,3390,Basic Operations with Complex Numbers,Ana J. B. Bezerra,3,Learn basic maths operations involving complex numbers,"",,Complex_numbersBasicOperations.pdf,pdf,2024-08-05 08:26:49+00,1,,,0
899,3390,Complex Plane,Ana J. B. Bezerra,3,Learn what the complex plane is and how to plot a complex number.,"",,Complex_numbersComplexPlane.pdf,pdf,2024-08-05 08:29:54+00,1,,,0
900,3390,Conjugate Number of a Complex Number,Ana J. B. Bezerra,3,"Learn the concept of the complex conjugate and its properties, including how it interacts with other complex numbers.","",,Complex_numbersConjugateNumber.pdf,pdf,2024-08-05 08:38:09+00,1,,,0
901,3390,Exponential Form of Complex Numbers,Ana J. B. Bezerra,3,Learn how to convert a complex number into its exponential form using Euler's formula.,"",,Complex_numbersExponentialOperations.pdf,pdf,2024-08-05 08:46:17+00,1,,,0
902,3390,Regions and Distances in the Complex Plane,Ana J. B. Bezerra,3,"Learn to calculate distances, define circles, rings and open sets in the complex plane and describe various regions using real and imaginary parts.","",,Complex_numbersGeometryInterpretation.pdf,pdf,2024-08-05 08:52:57+00,1,,,0
903,3390,Polar Form of Complex Numbers,Ana J. B. Bezerra,3,"Learn how to convert a complex number from its algebraic form to its polar form, including calculating the modulus and argument.","",,Complex_numbersPolarForm.pdf,pdf,2024-08-05 09:04:08+00,1,,,0
904,3390,Powers of i,Ana J. B. Bezerra,3,Learn about the powers of the imaginary unit (i) in the complex number system and how to manipulate them.,"",,Complex_numbersPowersOfi.pdf,pdf,2024-08-05 09:06:32+00,1,,,0
906,3390, Bisection Method ,Ana J. B. Bezerra,3,Learn what the bisection method is and solve exercises on it.,"",,Bisection Method.pdf,pdf,2024-09-02 01:12:20+00,1,,,0
907,3390,Gauss-Seidel Method,Ana J. B. Bezerra,3,Learn what the Gauss-Seidel method is and solve exercises on it.,"",,Gauss-Seidel Method.pdf,pdf,2024-09-02 01:15:21+00,1,,,0
909,3390,Jacobi Method,Ana J. B. Bezerra,3,Learn what the Jacobi method is and solve exercises on it.,"",,Jacobi Method.pdf,pdf,2024-09-02 01:16:09+00,1,,,0
910,3390,Lagrange Interpolation Polynomial,Ana J. B. Bezerra,3,Learn what the Lagrange polynomial is and how to solve exercises on it.,"",,Lagrange's Polynomial Interpolation.pdf,pdf,2024-09-02 01:18:35+00,1,,,0
911,3390,Least Square Method,Ana J. B. Bezerra,3,Learn what the Least Square Method is and how to solve exercises on it.,"",,Least Square Method.pdf,pdf,2024-09-02 01:34:00+00,1,,,0
912,3390,Newton's Interpolation Polynomial,Ana J. B. Bezerra,3,Learn what Newton's interpolation is and how to solve exercises on it.,"",,Newton's Polynomial.pdf,pdf,2024-09-02 01:36:13+00,1,,,0
913,3390,Newton's Method,Ana J. B. Bezerra,3,Learn what Newton's method is and how to solve exercises on it.,"",,Newton's Method.pdf,pdf,2024-09-02 01:37:07+00,1,,,0
914,3390,Three-Points Rule,Ana J. B. Bezerra,3,Learn what the three-point rule is and how to solve exercises on it.,"",,Three-points rule.pdf,pdf,2024-09-02 01:39:18+00,1,,,0
915,3390,Trapezoidal Rule,Ana J. B. Bezerra,3,Learn what the trapezoidal rule is and how to solve exercises on it.,"",,Trapezoidal Rule.pdf,pdf,2024-09-02 01:40:42+00,1,,,0
916,3390,Bisection Method,StudySession ,1,Learn in this video the theory and procedure of the bisection method.,_M3C0RfowIg,,,,2024-09-02 09:35:24+00,1,,,0
917,3390,Bisection Method Example,StudySession,1,"In this video, learn how to solve some problems using the bisection method.",Mk-HAyI3aoc,,,,2024-09-03 00:47:19+00,1,,,0
918,3390,Gauss-Seidel Method,StudySession,1,This video covers the theory behind how to solve a matrix with the Gauss-Seidel Method. ,pQVqaiFBvoU,,,,2024-09-03 00:58:31+00,1,,,0
920,3390,Jacobi Iteration Method,StudySession,1,"In this video is covered the theory behind how to use Jacobi iteration, which can be used to easily solve non-singular linear matrices. ",s_XFSeH7xG0,,,,2024-09-03 01:53:09+00,1,,,0
921,3390,Jacobi Iteration Method Example ,StudySession,1,Learn how to solve non-singular linear matrices problems using the Jacobi Iteration Method. ,UA7bzwCwHMI,,,,2024-09-03 02:12:34+00,1,,,0
922,3390,First Order Lagrange Polynomial Example ,StudySession,1,This video teaches what is a Lagrange Polynomial Interpolation and how to solve a a first order Lagrange polynomial example.,DGBRsKn856k,,,,2024-09-03 02:44:32+00,1,,,0
923,3390,Second Order Lagrange Polynomial Example ,StudySession,1,This video teaches what is a Lagrange Polynomial Interpolation and how to solve a a second order Lagrange polynomial example.,elh528X8fHg,,,,2024-09-03 02:45:58+00,1,,,0
924,3390,Third Order Lagrange Polynomial Example,StudySession,1,This video teaches what is a Lagrange Polynomial Interpolation and how to solve a a third order Lagrange polynomial example.,GF9wpIhSV5U,,,,2024-09-03 02:47:22+00,1,,,0
925,3390,Newton Divided Difference Interpolation (Intuition and Formula),StudySession,1,This video talks about Newton Divided Difference Interpolation and the intuition and formula it uses. ,BAwOGkchq7w,,,,2024-09-03 02:48:53+00,1,,,0
926,3390,First Order Divided Difference Interpolation Example,StudySession,1,This video walks through step-by-step how to answer a first order divided difference interpolation question using Newton's polynomial.,A8rFozfIWmg,,,,2024-09-03 02:50:34+00,1,,,0
927,3390,    0:02 / 4:54  • Introduction to second order divided difference interpolation question   Second Order Divided Difference Interpolation Example ,StudySession,1,This video walks through step-by-step how to answer a second order divided difference interpolation question using Newton's polynomial.,h-MO4BnQWHs,,,,2024-09-03 02:51:14+00,1,,,0
928,3390,Newton’s Method,StudySession,1,"This video talks about Newton’s Method step, procedure and about Newton’s Method Theory.",gHL48ePY7lk,,,,2024-09-03 02:55:35+00,1,,,0
929,3390,Newton’s Method Example,StudySession,1,This video teaches how to solve a Newton's Method example by hand.,X6WNe9EtlUo,,,,2024-09-03 03:05:19+00,1,,,0
930,3390,Secant Method ,StudySession,1,In this video is possible to learn about the Secant Method steps and procedure.,A1UiMCGcye8,,,,2024-09-03 03:07:28+00,1,,,0
931,3390,Secant Method Example,StudySession,1,This video shows how to solve a Secant Method problem.,eTTlynujM7g,,,,2024-09-03 03:08:34+00,1,,,0
932,3390,Trapezoid Rule Theory & Intuition,StudySession,1,This video teaches the fundamental concepts of the Trapezoidal Rule.,XMjlr_7IUl0,,,,2024-09-03 03:10:35+00,1,,,0
933,3390,Trapezoid Rule Example (Equal Step Size) ,StudySession,1,This video teaches to use Trapezoidal Rule to solve a definite integral.,BYykNdm6LRI,,,,2024-09-03 03:11:51+00,1,,,0
934,3390,Union and Intersection in Venn Diagrams, Infinity Learn NEET,1,This video teaches you what union and intersection are and also how to place them on a Venn Diagram.,YEsBbAGqkZw,,,,2024-09-03 06:10:00+00,1,,,0
935,3390,Cartesian Product of Two Sets ,Infinity Learn NEET,1,Learn what is the Cartesian Product in this video.,_IUP114x2gM,,,,2024-09-03 06:22:09+00,1,,,0
936,3390,What is a Cardinal Number?, Infinity Learn NEET,1,This video teaches what is the Cardinality of a set. ,Voj2N0VVbmg,,,,2024-09-03 06:28:50+00,1,,,0
937,3390,What is a Null Set, Infinity Learn NEET,1,This video explains briefly what is a null set.,BhFgcf0VSYc,,,,2024-09-03 06:30:46+00,1,,,0
938,3390,How do we Represent Sets?, Infinity Learn NEET,1,This video teaches how to represent sets.,DfFBEnwmx80,,,,2024-09-03 06:31:57+00,1,,,0
939,3390,How do we Visualize Regions in a 3 Set Venn Diagram?, Infinity Learn NEET,1,In this video is possible to learn how to create a venn diagram for 3 sets.,TeV5UP7dWdc,,,,2024-09-03 06:34:33+00,1,,,0
940,3390,"Subsets, Proper Subsets and Supersets", Infinity Learn NEET,1,"This video explains the concepts of subsets, proper subsets and supersets. ",xotLg-oLboY,,,,2024-09-03 06:39:20+00,1,,,0
941,3390,What is a Relation?, Infinity Learn NEET,1,This video teaches what is a relation between sets. ,hV1_wvsdJCE,,,,2024-09-03 06:53:56+00,1,,,0
942,3390,What is an Equivalence Relation?,Wrath of Math,1,"This video is about equivalence relations and how they are related to a set wit reflexive, symmetric and transitive relations. ",unvT3HDa6Rw,,,,2024-09-03 07:03:13+00,1,,,0
943,3390,Arithmetic Sequence and Closed Formula,Ana J. B. Bezerra,3,"Learn about arithmetic sequences and what is a closed formula, and find out how to solve some exercises.","",,Arithmetic_Sequence.pdf,pdf,2024-10-22 03:01:31+00,1,,,0
944,3390,Generating Function,Ana J. B. Bezerra,3,Learn about generating function and how to solve an exercise.,"",,Generating_Functions.pdf,pdf,2024-10-22 06:57:41+00,1,,,0
946,3390,Geometric Sequence,Ana J. B. Bezerra,3,Learn what a geometric sequence is and how to solve exercises about it.,"",,Geometric_Sequence.pdf,pdf,2024-11-11 03:01:20+00,1,,,0
947,3390,Linear Reccurence Relation,Ana J. B. Bezerra,3,"Learn about homogeneous and non-homogeneous linear recurrence, and solve exercises.","",,LinearRecurrenceRelation.pdf,pdf,2024-11-11 03:03:05+00,1,,,0
948,3390,Sum of an Arithmetic Progression,Ana J. B. Bezerra,3,Learn how to add terms of an arithmetic sequence and solve exercises.,"",,Sum_Arithmetic_Progression.pdf,pdf,2024-11-11 03:04:36+00,1,,,0
949,3390,Theoretical Concepts of Sets,Ana J. B. Bezerra,3,"Learn different theoretical concepts and how to solve related questions, such as set, subset, proper subset, superset, power set, cardinality and the Principle of Inclusion-Exclusion.","",,TheoreticalConcepts.pdf,pdf,2024-11-11 03:15:42+00,1,,,0
950,3390,Set Operations,Ana J. B. Bezerra,3,"Learn and solve exercises on sets and their operations, such as union, intersection, complementation and differentiation of sets.","",,SetOperations.pdf,pdf,2024-11-11 03:17:57+00,1,,,0
951,3390,Binary Relations,Ana J. B. Bezerra,3,"Learn concepts such as the cartesian product of sets and reflexive, symmetric, antisymmetric and transitive binary relations, as well as the equivalence relation of a set.","",,Binary Relations.pdf,pdf,2024-11-11 03:23:31+00,1,,,0
952,3390,Venn Diagrams,Ana J. B. Bezerra,3,Learn how to interpret and draw up a Venn diagram to represent sets and their relationships.,"",,VennDiagram.pdf,pdf,2024-11-11 03:25:49+00,1,,,0
953,3390,Magnitude of Vectors,Ana J. B. Bezerra,3,Learn how to calculate the magnitude of a vector and solve exercises.,"",,MagnitudeOfVectors.pdf,pdf,2024-11-13 02:51:11+00,1,,,0
954,3390,Vectors and Operations,Ana J. B. Bezerra,3,Learn the difference between cross product and scalar product and how to solve exercises about them.,"",,VectorProducts.pdf,pdf,2024-11-13 02:53:43+00,1,,,0
955,3390,Scalar Triple Product,Ana J. B. Bezerra,3,Learn and solve exercises on scalar triple product.,"",,ScalarTripleProduct.pdf,pdf,2024-11-13 02:55:27+00,1,,,0
956,3390,Relative Position of Vectors,Ana J. B. Bezerra,3,"Learn about the spatial relationship between two or more vectors, which can be collinear, orthogonal or coplanar vectors.","",,RelativePositionOfVectors.pdf,pdf,2024-11-13 02:59:01+00,1,,,0
957,3390,Exploring Differential Equations,Ana J. B. Bezerra,3,"Learn more about differential equations topics such as characteristic equations, constant coefficients, undetermined coefficients and wronskian.","",,"CCODE, CE, UCM, W.pdf",pdf,2024-11-13 04:03:03+00,1,,,0
958,3390,Advanced Techniques in Differential Equations,Ana J. B. Bezerra,3,"Learn about some techniques to solve differential equations such as Linear Systems, Elimination, Euler's Method, Integrating Factor, and Lagrange's Method.","",,"LS, EM, EuM, IFF, LM.pdf",pdf,2024-11-13 04:05:41+00,1,,,0
959,3390,Symmetric Matrix and Trace of a Matrix,Ana J. B. Bezerra,3,Learn and solve exercises on symmetric matrices and the trace of a matrix. ,"",,SymetricMatrix_TraceOfMatrix.pdf,pdf,2024-11-14 03:12:40+00,1,,,0
960,3390,Spectral Properties,Ana J. B. Bezerra,3,"Learn about the spectral properties of matrices, such as spectrum, spectral radius and spectral shift, and solve exercises.","",,Spectrum_SpectralRadius_SpectralShift.pdf,pdf,2024-11-14 03:15:22+00,1,,,0
961,3390,"Inverse, Orthonormal and Power Matrices",Ana J. B. Bezerra,3,"Learn about some matrix theory such as inverse, orthonormal and power matrices, and solve exercices.","",,InverseMatrix_Orthonormal_Power.pdf,pdf,2024-11-14 03:21:27+00,1,,,0
962,3390,"Eigenvalues, Eigenvectors and Eigenspaces",Ana J. B. Bezerra,3,"Learn the the mathematical concepts of eigenvalues, eigenvectors and eigenspaces and their geometric interpretations.","",,Eigenvalues_Eigenvectors_Eigenspaces.pdf,pdf,2024-11-14 03:23:16+00,1,,,0
963,3390,Matrix Transformations,Ana J. B. Bezerra,3,"Learn about some matrix transformations such as diagonalization, diagonalization with an orthonormal basis and similar matrices.","",,Diagnolizations_SimilarMatrices.pdf,pdf,2024-11-14 03:24:58+00,1,,,0
964,3390,Characteristic Polynomial and Determinant,Ana J. B. Bezerra,3,Learn and solve exercices about characteristic polynomial and determinant of matrices.,"",,CharacteristPolynomial_Determinant.pdf,pdf,2024-11-14 03:26:38+00,1,,,0
965,3390,Independent and Dependent Systems,Ana J. B. Bezerra,3,"Learn the concepts, characteristics, and examples of each type of these linear systems.","",,IndependentDependentSystems.pdf,pdf,2024-11-14 03:28:14+00,1,,,0
966,3390,What is a Power Set? ,Wrath of Math,1,"This video teaches what is a power set and how to write it.
",0XNSBoqG-1s,,,,2024-11-14 07:54:26+00,1,,,0
967,3390,Set Difference and Set Complement,Neso Academy,1,"This video shows what is set difference and set complement, also shows how to represent them in a Venn diagram.",2p8T87-onC4,,,,2024-11-14 09:24:38+00,1,,,0
968,3390,Arithmetic vs Geometric Sequences,Talkboard,1,This video shows the difference between arithmetic and geometric sequences. ,s2IEyZLrAUQ,,,,2024-11-14 09:30:51+00,1,,,0
969,3390,Vectors : magnitude of a vector in 2D ,ExamSolutions,1,This video teaches how to find the magnitude of a vector in 2D.,nNYuTML4GIk,,,,2024-11-14 09:58:29+00,1,,,0
970,3390,Find the Magnitude of a Vector in 3D,Mathispower4u,1,This video explains how to determine the magnitude of a vector in 3D.,EXPPDzV2BFY,,,,2024-11-14 10:01:18+00,1,,,0
971,3390,Parallel & Perpendicular Vectors,Radford Mathematics,1,This video solves an exam style question to teach about parallel and perpendicular vectors. ,gHFDk9rZGpQ,,,,2024-11-14 10:13:41+00,1,,,0
972,3390,Show that 3 Vectors are Coplanar,AllThingsMathematics,1,This video explains how to find out that vectors are coplanar.,0uVtDfuTLk8,,,,2024-11-14 10:15:38+00,1,,,0
973,3390,How to Solve a Scalar Triple Product ,Question Solutions,1,This video teaches how to solve a scalar triple product. ,F8IHrg3pc7g,,,,2024-11-14 10:18:14+00,1,,,0
974,3390,What is Trigonometry? | Introduction to Trigonometry , Infinity Learn,1,"This video explains the basics of trigonometry, its six fundamental functions, practical applications, and its importance in solving real-life problems involving angles and distances.",T9lt6MZKLck,,,,2025-01-08 08:35:52+00,1,2025-01-10 05:59:41+00,80,0
975,3390,Which are the Three Functions in Trigonometry?, Infinity Learn,1,"This video teachs the sine, cosine, and tangent functions in trigonometry and gives tips for remembering the functions and examples.",uFBg_rnCiRY,,,,2025-01-08 08:38:43+00,1,2025-01-10 05:59:48+00,80,0
976,3390,"The Eight 3D Shapes You Need to Know & What Vertices, Edges & Faces are ",Cognito,1,"This video is an introduction to 3D shapes and explains what vertices, edges and faces are.",lEijwy3lrZ8,,,,2025-01-08 08:49:05+00,1,2025-01-12 12:19:31+00,80,0
977,3390,Volumes of Cubes and Cuboids ,Cognito,1,This video covers how to calculate the volume of cubes and cuboids. It includes examples of each and a sample exam question. ,J3MyJmgypUc,,,,2025-01-08 08:50:12+00,1,2025-01-12 12:19:35+00,80,0
978,3390,Random variables,Khan Academy,1,This video teachs the definition of random variables.,3v9w79NhsfI,,,,2025-01-08 08:55:43+00,1,2025-01-12 12:20:08+00,80,0
979,3390,Constructing a probability distribution for random variable ,Khan Academy,1,This video gives an example of how to construct a probability distribution for random variable. ,cqK3uRoPtk0,,,,2025-01-08 09:04:30+00,1,2025-01-12 12:20:03+00,80,0
980,3390,The Fundamental Counting Principle,The Organic Chemistry Tutor,1,"This video provides a basic introduction into the fundamental counting principle.  Examples include the problem with how many different outfits one can wear, the multiple choice test, and telephone numbers.",3lmEqp8VhAU,,,,2025-01-08 09:12:03+00,1,2025-01-12 12:19:54+00,80,0
981,3390,Kinds of data, Ian Bailey-Mortimer,1,This video explains the kinds of data: Categorical (nominal & ordinal) and numerical (discrete & continuous),7bsNWq2A5gI,,,,2025-01-08 09:18:35+00,4,,,0
982,3390,Confidence Interval , DATAtab,1,This video teachs how to define a confidence interval,ENnlSlvQHO0,,,,2025-01-08 09:22:48+00,4,,,0
983,3390,Point Estimate Definition & Example, Prof. Essa,1,"This video teaches how to calculate the best point estimate for a population mean, with the sample mean.",OTVwtvQmSn0,,,,2025-01-08 10:02:52+00,4,,,0
984,3390,Linear Regression, Visually Explained,1,Learn how to predict the value of a dependent variable  based on an independent variable using linear regression,CtsRRUddV2s,,,,2025-01-08 10:07:32+00,4,,,0
985,3390,How to calculate interquartile range IQR ,Khan Academy,1,Learn how to find an interquartile range. ,qLYYHWYr8xI,,,,2025-01-08 10:10:03+00,1,2025-01-12 12:20:22+00,80,0
986,3390,Student's T Distribution, 365 Data Science ,1,Learn what is a student's T distribution and how to apply this.,32CuxWdOlow,,,,2025-01-08 10:13:59+00,4,,,0
987,3390,Second derivatives | Advanced derivatives ,Khan Academy,1,Learn how to solve a second order derivative,WC5VYKI807Q,,,,2025-01-08 10:20:34+00,1,2025-01-12 12:20:44+00,80,0
988,3390,The Hessian matrix,Khan Academy,1,This video teaches how a Hessian matrix can help to organize all the second partial derivative information of a multivariable function.,LbBcuZukCAw,,,,2025-01-08 10:23:18+00,1,2025-01-12 12:20:34+00,80,0
989,3390,How to Switch from a Type I to a Type II Region Double Integral ,Differentiated Calculus,1,This video teaches how to switch from a type I to a type II region of a double integral. ,ca_5y0uYm7w,,,,2025-01-09 02:20:09+00,4,,,0
990,3390,Symmetric Matrix, Infinity Learn,1,Learn how to find that the matrix is symmetric.,IBgXO5qvbrg,,,,2025-01-09 02:38:58+00,4,,,0
991,3390,What is a Hermitian Matrix?, The Complete Guide to Everything ,1,This video introduces the Hermitian matrix explaining the concept and solving an example. ,7HnPWgV-MuE,,,,2025-01-09 02:41:39+00,4,,,0
992,3390,The Spectral Decomposition,Leah Howard,1,This video teaches what is a spectral decomposition of a matrix. ,hoGAoT1YDsw,,,,2025-01-09 02:55:06+00,4,,,0
993,3390,Orthogonal diagonalization example,Mathapptician,1,Learn how to solve an orthogonal diagonolization of a matrix.,Dxo2hxRQPHY,,,,2025-01-09 02:58:25+00,4,,,0
994,3390,Symmetric Matrix,Infinity Learn ,1,Learn how to find that the matrix is symmetric.,IBgXO5qvbrg,,,,2025-01-09 08:58:59+00,4,,,0
995,3390, Trace and Rank of a matrix,Prime Newtons ,1,This video explains the meanings of the terms trace and 'full rank' in relation to a  matrix.,oNlbhJhY9VI,,,,2025-01-09 09:04:06+00,4,,,0
996,3390,NEET  PT  Pular naveHow to find the Eigenvalues of a 3x3 Matrix, Cowan Academy,1,Learn the steps on how to find the eigenvalues of a 3x3 matrix.,9kfp85NpqfE,,,,2025-01-09 09:09:28+00,4,,,0
997,3390,Similar Matrices," Mike, the Mathematician",1,Learn what are similar matrices. ,NlK5a9VNgys,,,,2025-01-09 09:13:54+00,4,2025-01-09 09:15:45+00,3390,0
998,3390,Inverse of a Matrix, Infinity Learn ,1,This video explains how to find the Inverse of a Matrix.,AMLUikdDQGk,,,,2025-01-09 09:18:18+00,4,,,0
999,3390,Powers of Matrices,Joel Speranza Math,1,Learn how to make operations of power in matrices.,jQ_TySbxrWo,,,,2025-01-09 09:22:35+00,4,2025-01-09 09:33:42+00,3390,0
1000,3390,How to find Eigenspaces, Dr. Weselcouch,1,Learn how to find an eigenspace of a 3x3 matrix. ,utWVVs7Zcj8,,,,2025-01-09 09:32:36+00,4,,,0
1001,3390,olving Using Matrices and Cramer's Rule,Mr H Tutoring,1,This video explains how to solve 2 equations with 2 variables using matrices and Cramer's Rule.,KOUjAzDyeZY,,,,2025-01-10 01:48:27+00,4,,,0
1002,3390,Cramer's Rule Example 3x3 ,Adam Panagos ,1,Learn how to solve an example of a 3x3 matrix with Cramer's rule. ,iiQRuh6PbTY,,,,2025-01-10 01:50:31+00,4,,,0
1003,3390,Homogeneous System of Equations,Adam Panagos,1,This video explains how to solve an homogeneous system of equations.,tkyrhKRVbBw,,,,2025-01-10 01:54:19+00,4,,,0
1004,3390,Three Dimensional Euclidean Space,"Mike, the Mathematician ",1,This video introduces three dimensional Euclidean space.,qsNQneMxYiQ,,,,2025-01-10 02:15:08+00,4,,,0
1005,3390,Orthogonal bases are easy to work with!, Dr. Trefor Bazett,1,Learn what is an orthogonal set and orthogonal basis.,FdmppxbMf3g,,,,2025-01-10 02:17:21+00,4,,,0
1006,3390,Linear transformations as rotations, yeS Dev ,1,Learn how to apply linear transformations as rotations of matrix.,35-GoYSfUGM,,,,2025-01-10 02:21:08+00,4,,,0
1007,3390,Consistent & Inconsistent Systems, The Organic Chemistry Tutor ,1,"This video explains how to determine if a system of equations contain one solution, no solution, or infinitely many solutions.  It also explains how to determine if the solution is consistent or inconsistent as well as dependent or independent. ",bq5gDsEdN3Q,,,,2025-01-10 02:24:21+00,1,2025-01-12 12:21:11+00,80,0
1008,3390,Transpose of a matrix,Khan Academy,1,Learn how to transpose a matrix.,TZrKrNVhbjI,,,,2025-01-10 02:26:39+00,1,2025-01-12 12:21:18+00,80,0
1009,3390,Finding a limit using the Squeeze Theorem,The Math Sorcerer,1,Learn how to use the squeeze theorem in calculus,1mVU9NLSXnw,,,,2025-01-10 02:58:27+00,4,,,0
1010,3390,The Squeeze Theorem, learnifyable,1,"Learn an introduction to the Squeeze Theorem, along with a couple of examples.",FONgnlL4lfE,,,,2025-01-10 03:48:47+00,4,,,0
1011,3390,"Relation - Image, Range, Domain, Codomain", Infinity Learn NEET ,1,"Learn the relationship between image, range, domain and codomain of functions.",jw742vZRkOI,,,,2025-01-10 03:54:26+00,4,,,0
1012,3390,"Introduction to increasing, decreasing, positive or negative intervals ", Khan Academy ,1,"This video discusses there Intervals where function is increasing, decreasing, postive or negative and their graphical representation.",KxOp3s9ottg,,,,2025-01-10 03:57:03+00,1,2025-01-12 12:22:23+00,80,0
1013,3390,Surjective (onto) and injective (one-to-one) functions,Khan Academy ,1,Learn what are surjective (onto) and injective (one-to-one) functions.,xKNX8BUWR0g,,,,2025-01-10 03:59:39+00,1,2025-01-12 12:22:13+00,80,0
1014,3390,An introduction to Logarithmic Functions, ThinkwellVids ,1,This video explores the logarithmic functions.,EvQCLCaiq2U,,,,2025-01-10 06:16:05+00,4,,,0
1015,3390,How to find the domain & range of a logarithmic function,bprp math basics,1,Learn how to find the domain and range of a logarithmic function. ,oq0J3dLhci0,,,,2025-01-10 06:17:45+00,4,,,0
1016,3390,What is a polynomial function, Brian McLogan ,1,Learn what is a polynomial function with examples.,_AXlBBfVJQU,,,,2025-01-10 06:56:03+00,4,,,0
1017,3390,Trigonometric Functions, Professor Dave Explains ,1,"This video explains all the trigonometric functions such as sine, cosine, tangent, cosecant, secant and cotangent",cqIZue-plBI,,,,2025-01-10 07:01:02+00,4,,,0
1018,3390,Limits of trigonometric functions ,Khan Academy ,1,Learn about limits involving trigonometric functions. ,5_zxtSyTfOY,,,,2025-01-10 07:04:11+00,4,,,0
1019,3390,What are bounded functions and how do you determine the boundness,Brian McLogan,1,Learn how to determine the boundness of a function.,_TFjIbItWTQ,,,,2025-01-10 07:07:00+00,4,,,0
1020,3390,"What are roots, zeros and x intercepts and how can we tell the difference", Brian McLogan,1,"Learn about roots, zeros and x intercepts of functions. ",Wo5wuhrDHRQ,,,,2025-01-10 07:18:29+00,4,,,0
1021,3390,How To Evaluate Trigonometric Functions Using Periodic Properties , The Organic Chemistry Tutor ,1,This video explains how to evaluate trigonometric functions using periodic properties of sine and cosine in radians and degrees.,8Z60_yXX4xA,,,,2025-01-10 07:20:49+00,1,2025-01-12 12:22:02+00,80,0
1022,3390,Is a Function Periodic?,Mario's Math Tutoring ,1,"Learn whether a function is periodic or not, with examples.",1HFsza57BsE,,,,2025-01-10 07:21:41+00,4,,,0
1023,3390,Monotonicity of functions, MAT137,1,Learn what is the monotonicity of functions. ,HlzVrFcqi04,,,,2025-01-10 07:26:29+00,4,,,0
1024,3390,Continuity and Differentiability EXPLAINED with Examples,Ace Tutors ,1,This video explains what Continuity is and the 3 rules for a function to be continuous at a point.,nRv1lPqrx3k,,,,2025-01-10 07:28:31+00,4,,,0
1025,3390,Determine If a Function is Odd Even or Neither,Brian McLogan ,1,Learn how to determine the parity of a function and if it is even or odd.,OWvFieszqmY,,,,2025-01-10 07:31:35+00,4,,,0
1026,3390,"Hyperbolic Functions: Definitions, Identities, Derivatives, and Inverses",Professor Dave Explains,1,Learn about hyperbolic functions.,uMXcKY_w3w4,,,,2025-01-10 07:35:16+00,4,,,0
1027,3390,Composite Functions, The Organic Chemistry Tutor ,1,This video provides a basic introduction into composite functions.  ,ZFPkQkURSxk,,,,2025-01-10 07:39:26+00,1,2025-01-12 12:21:50+00,80,0
1028,3390,Convergent and divergent sequences, Khan Academy ,1,This video teaches about convergent and divergent sequences. ,lfZGtjSWcQs,,,,2025-01-10 07:45:12+00,1,2025-01-12 12:21:38+00,80,0
1029,3390,Visualizing Multi-variable Functions with Contour Plots, Dr. Trefor Bazett ,1,Learn how to plot a graph of a function of several variables using contour map. ,acdX4YamDtU,,,,2025-01-10 08:28:37+00,4,,,0
1030,3390,Domain of a multivariable function,Krista King ,1,"Learn how to find the domain of a multivariable function, specifically the domain of a multivariable logarithmic function.",CxtgMNAQr8g,,,,2025-01-10 08:32:49+00,4,2025-01-10 08:33:36+00,3390,0
1031,3390,3D Function Examples with Level Curves ,Math with Dr. Claire ,1,"This video explores some examples of 3D functions (with x, y, and z) and their level curves",UDBPBKSgHB8,,,,2025-01-10 08:35:18+00,4,,,0
1032,3390,Difference Between Partial and Total Derivative,Alexander Fufaev,1,Learn a little about derivatives of functions of several variables. ,Kp7sSp5Kn7o,,,,2025-01-10 08:37:38+00,4,,,0
1033,3390,Algebraic Form of a Complex Number,Math & Physics,1,Learn how to to apply the conjugate method to find the algebraic form of the complex number. ,FqIAPmFzi6s,,,,2025-01-21 10:04:23+00,3,,,0
1034,3390,Eulerian Circuits and Eulerian Graphs,Wrath of Math ,1,Learn what are Eulerian graphs and Eulerian circuits and solve examples. ,sw79Z34v0dQ,,,,2025-02-21 02:15:45+00,4,,,0
1035,3390,What are Hamiltonian Cycles and Paths?, Vital Sine ,1,This video teaches about hamiltonian graphs.,pTUVll8lcEQ,,,,2025-02-21 02:18:11+00,4,,,0
1036,3390,Prim's Algorithm: Minimal Spanning Tree,Barry Brown ,1,Learn how Prim's Algorithm is used to find a minimal spanning tree of a weighted graph. ,YyLaRffCdk4,,,,2025-02-21 02:20:26+00,4,,,0
1037,3390,Area between curves ,Khan Academy,1,Learn how to find the area between curves,wQXYtsyfbqg,,,,2025-02-21 04:54:44+00,4,,,0
1038,3390,Finding definite integrals using area formulas,Khan Academy,1,Learn how to find area between a curve and the x-axis decomposing the regions.,7R_DTzVHw5Y,,,,2025-02-21 05:03:08+00,4,,,0
1039,3390,U-substitution with definite integral,Khan Academy,1,This video teaches how to use u-substitution to evaluate definite integral.,7hCsQOKOYS8,,,,2025-02-21 05:06:40+00,4,,,0
1040,3390,Stokes's Theorem, Professor Dave Explains,1,Learn how to apply Stoke's theorem to evaluate surface integrals. ,QS-zUSu-nxA,,,,2025-02-21 05:14:02+00,4,2025-02-21 05:14:51+00,3390,0
